Serial Number,Basin of origin,Name,Date,Time,Latitude,Longitude,CI No,Estimated Central Pressure (hPa),Maximum Sustained Surface Wind (kt),Pressure_drop_(hPa),Grade,outermost_closed_isobar_(hPa),diameter_size_of_outermost_closed_isobar,Year,Unnamed: 15,Unnamed: 16
1.0,BOB,,1982-05-01 00:00:00,300,14.0,82.5,1.5,,25,3,D,,,1982,,
1.0,BOB,,1982-05-01 00:00:00,600,14.5,82.5,2.0,,30,5,DD,,,1982,,
1.0,BOB,,1982-05-01 00:00:00,1200,15.0,82,2.5,,35,6,CS,,,1982,,
1.0,BOB,,1982-05-01 00:00:00,1800,15.5,82.5,2.5,,40,8,CS,,,1982,,
1.0,BOB,,1982-05-02 00:00:00,0,16.0,83,3.0,,45,10,CS,,,1982,,
1.0,BOB,,1982-05-02 00:00:00,300,16.5,83.5,3.0,,45,10.04265026780401,CS,,,1982,,
1.0,BOB,,1982-05-02 00:00:00,600,16.5,84,3.5,,50,12.39833366395557,SCS,,,1982,,
1.0,BOB,,1982-05-02 00:00:00,1200,16.5,84.5,3.5,,55,15.00198373338623,SCS,,,1982,,
1.0,BOB,,1982-05-02 00:00:00,1800,17.0,85,3.5,,55,15.00198373338623,SCS,,,1982,,
1.0,BOB,,1982-05-03 00:00:00,0,17.0,86,3.5,,60,17.85360047609601,SCS,,,1982,,
1.0,BOB,,1982-05-03 00:00:00,300,17.0,86.5,4.0,,65,20.9531838920849,VSCS,,,1982,,
1.0,BOB,,1982-05-03 00:00:00,600,17.5,87.5,4.5,,80,31.73973417972625,VSCS,,,1982,,
1.0,BOB,,1982-05-03 00:00:00,1200,17.5,88.5,5.0,,90,40.17060107121603,VSCS,,,1982,,
1.0,BOB,,1982-05-03 00:00:00,1800,17.5,90,5.5,,105,54.67665145804404,VSCS,,,1982,,
1.0,BOB,,1982-05-04 00:00:00,0,17.5,91,6.0,,115,65.58718508232494,VSCS,,,1982,,
1.0,BOB,,1982-05-04 00:00:00,300,17.5,91.5,6.0,,115,65.58718508232494,VSCS,,,1982,,
1.0,BOB,,1982-05-04 00:00:00,600,17.5,92,6.0,,115,65.58718508232494,VSCS,,,1982,,
1.0,BOB,,1982-05-04 00:00:00,1200,17.5,93.5,6.0,,115,65.58718508232494,VSCS,,,1982,,
1.0,BOB,,1982-05-04 00:00:00,1800,17.3,94.5,-,,115,65.58718508232494,VSCS,,,1982,,
1.0,BOB,,1982-05-05 00:00:00,300,17.2,98.5,-,,30,4.463400119024003,DD,,,1982,,
2.0,BOB,,1982-05-31 00:00:00,1200,14.5,91.5,1.5,990,25,3.099583415988891,D,,,1982,,
2.0,BOB,,1982-05-31 00:00:00,1800,19.0,91.3,2.0,988,30,4.463400119024003,DD,,,1982,,
2.0,BOB,,1982-06-01 00:00:00,0,15.5,91,2.5,986,35,6.075183495338227,CS,,,1982,,
2.0,BOB,,1982-06-01 00:00:00,300,16.0,91,2.5,984,40,7.934933544931562,CS,,,1982,,
2.0,BOB,,1982-06-01 00:00:00,600,16.5,91,2.5,984,40,7.934933544931562,CS,,,1982,,
2.0,BOB,,1982-06-01 00:00:00,1200,16.5,90.5,2.5,984,40,7.934933544931562,CS,,,1982,,
2.0,BOB,,1982-06-01 00:00:00,1800,17.0,90,2.5,984,40,7.934933544931562,CS,,,1982,,
2.0,BOB,,1982-06-02 00:00:00,0,19.0,88.5,2.5,984,40,7.934933544931562,CS,,,1982,,
2.0,BOB,,1982-06-02 00:00:00,300,17.5,89.5,3.0,982,45,10.04265026780401,CS,,,1982,,
2.0,BOB,,1982-06-02 00:00:00,600,17.5,89.5,3.5,982,45,10.04265026780401,CS,,,1982,,
2.0,BOB,,1982-06-02 00:00:00,1200,18.0,89,3.0,982,45,10.04265026780401,SCS,,,1982,,
2.0,BOB,,1982-06-02 00:00:00,1800,18.5,88.5,3.0,979,50,13,SCS,,,1982,,
2.0,BOB,,1982-06-03 00:00:00,0,19.0,88.5,3.5,976,55,16,SCS,,,1982,,
2.0,BOB,,1982-06-03 00:00:00,300,19.0,88,4.0,972,65,22,VSCS,,,1982,,
2.0,BOB,,1982-06-03 00:00:00,600,19.5,87.5,4.5,960,80,31.73973417972625,VSCS,,,1982,,
2.0,BOB,,1982-06-03 00:00:00,900,19.5,87.5,5.0,952,90,40.17060107121603,VSCS,,,1982,,
2.0,BOB,,1982-06-03 00:00:00,1200,20.0,87,5.0,952,90,40,VSCS,,,1982,,
2.0,BOB,,1982-06-03 00:00:00,1800,21.0,86.5,5.0,952,90,40.17060107121603,VSCS,,,1982,,
2.0,BOB,,1982-06-04 00:00:00,0,21.5,86,4.0,970,65,22,VSCS,,,1982,,
2.0,BOB,,1982-06-04 00:00:00,300,22.0,85.5,3.0,982,45,10,CS,,,1982,,
2.0,BOB,,1982-06-04 00:00:00,600,22.5,85,2.5,986,35,6,CS,,,1982,,
2.0,BOB,,1982-06-04 00:00:00,1200,23.0,84,2.0,988,30,4.463400119024003,DD,,,1982,,
2.0,BOB,,1982-06-04 00:00:00,1800,24.0,82.5,2.0,988,30,4.463400119024003,DD,,,1982,,
2.0,BOB,,1982-06-05 00:00:00,0,24.5,81,1.5,990,25,3,D,,,1982,,
2.0,BOB,,1982-06-05 00:00:00,300,25,81.5,1.5,991,20,3,D,,,1982,,
3.0,BOB,,1982-07-18 00:00:00,300,18.0,88,1.5,,25,4,D,,,1982,,
3.0,BOB,,1982-07-18 00:00:00,1200,18.3,87,2.0,,30,5,DD,,,1982,,
3.0,BOB,,1982-07-18 00:00:00,1800,18.4,86.5,2.0,,30,5,DD,,,1982,,
3.0,BOB,,1982-07-19 00:00:00,0,18.5,86,2.0,,30,5,DD,,,1982,,
3.0,BOB,,1982-07-19 00:00:00,300,18.5,86,2.0,,30,5,DD,,,1982,,
3.0,BOB,,1982-07-19 00:00:00,600,18.7,85.8,2.0,,30,5,DD,,,1982,,
3.0,BOB,,1982-07-19 00:00:00,1200,19.0,85.5,1.5,,25,4,D,,,1982,,
3.0,BOB,,1982-07-20 00:00:00,0,19.5,85,1.5,,20,3,D,,,1982,,
4.0,BOB,,1982-08-12 00:00:00,300,20.0,88.5,1.5,,25,3.099583415988891,D,,,1982,,
4.0,BOB,,1982-08-12 00:00:00,1200,20.5,87.5,1.5,,25,3.099583415988891,D,,,1982,,
4.0,BOB,,1982-08-12 00:00:00,1800,20.5,87,1.5,,25,3.099583415988891,D,,,1982,,
5.0,BOB,,1982-08-18 00:00:00,300,21.0,88,,,25,3,D,,,1982,,
5.0,BOB,,1982-08-18 00:00:00,1200,21.5,87.5,,,25,3,D,,,1982,,
5.0,BOB,,1982-08-19 00:00:00,300,22.0,86.5,-,,25,3,D,,,1982,,
5.0,BOB,,1982-08-19 00:00:00,1200,22.2,86,-,,25,3,D,,,1982,,
6.0,BOB,,1982-08-27 00:00:00,300,19.0,88.5,1.5,,25,3,D,,,1982,,
6.0,BOB,,1982-08-27 00:00:00,1200,20.0,88,1.5,,25,4,D,,,1982,,
6.0,BOB,,1982-08-28 00:00:00,300,21.0,88,1.5,,25,4,D,,,1982,,
6.0,BOB,,1982-08-28 00:00:00,1200,21.2,87.7,1.5,,25,4,D,,,1982,,
6.0,BOB,,1982-08-29 00:00:00,300,20.5,85.5,1.5,,25,4,D,,,1982,,
6.0,BOB,,1982-08-29 00:00:00,1200,21.0,85,1.5,,25,4,D,,,1982,,
6.0,BOB,,1982-08-30 00:00:00,300,22.0,85,1.5,,25,4,D,,,1982,,
6.0,BOB,,1982-08-30 00:00:00,1200,23.0,85,1.5,,25,4,D,,,1982,,
6.0,BOB,,1982-08-31 00:00:00,300,24.0,84.5,,,25,4,D,,,1982,,
6.0,BOB,,1982-08-31 00:00:00,1200,25.0,82,,,25,4,D,,,1982,,
6.0,BOB,,1982-09-01 00:00:00,300,25.0,81.5,,,20,3,D,,,1982,,
6.0,BOB,,1982-09-01 00:00:00,1200,25.0,81.3,,,20,3,D,,,1982,,
6.0,BOB,,1982-09-02 00:00:00,300,25.0,81,,,20,3,D,,,1982,,
6.0,BOB,,1982-09-02 00:00:00,1200,25.5,80,,,20,3,D,,,1982,,
7.0,BOB,,1982-09-09 00:00:00,300,18.0,89,1.5,,25,3,D,,,1982,,
7.0,BOB,,1982-09-09 00:00:00,1200,18.5,87,1.5,,25,3,D,,,1982,,
7.0,BOB,,1982-09-10 00:00:00,300,20.5,85.5,1.5,,25,3,D,,,1982,,
8.0,BOB,,1982-09-29 00:00:00,0,22.0,91.5,2.0,,30,3,DD,,,1982,,
8.0,BOB,,1982-09-29 00:00:00,300,22.5,92,,,30,3,DD,,,1982,,
9.0,BOB,,1982-10-15 00:00:00,300,15.5,86.5,2.0,,30,5,DD,,,1982,,
9.0,BOB,,1982-10-15 00:00:00,1200,16.0,85.5,2.5,,35,7,CS,,,1982,,
9.0,BOB,,1982-10-15 00:00:00,1800,16.3,84.5,3.0,,45,10,CS,,,1982,,
9.0,BOB,,1982-10-16 00:00:00,0,16.5,83.5,3.5,,55,16,SCS,,,1982,,
9.0,BOB,,1982-10-16 00:00:00,300,16.5,83,3.0,,50,14,SCS,,,1982,,
9.0,BOB,,1982-10-16 00:00:00,1200,17.0,82.5,2.5,,40,8,CS,,,1982,,
9.0,BOB,,1982-10-16 00:00:00,1800,17.1,82.5,1.5,,25,4,DD,,,1982,,
10.0,BOB,,1982-10-16 00:00:00,1200,9.4,84,1.5,990,25,3,D,,,1982,,
10.0,BOB,,1982-10-17 00:00:00,1200,11.0,82.5,2.0,992,30,4,DD,,,1982,,
10.0,BOB,,1982-10-17 00:00:00,1800,12.0,82,2.5,994,35,6,CS,,,1982,,
10.0,BOB,,1982-10-18 00:00:00,0,12.5,81.5,3.0,986,50,14,SCS,,,1982,,
10.0,BOB,,1982-10-18 00:00:00,300,12.7,81.5,3.5,982,55,18,SCS,,,1982,,
10.0,BOB,,1982-10-18 00:00:00,1200,14.0,80.5,3.5,982,55,18,SCS,,,1982,,
10.0,BOB,,1982-10-18 00:00:00,1800,14.5,80,3.0,986,50,14,SCS,,,1982,,
10.0,BOB,,1982-10-19 00:00:00,0,15.0,79.5,,995,30,5,DD,,,1982,,
10.0,BOB,,1982-10-19 00:00:00,300,15.0,79,,996,30,4,DD,,,1982,,
10.0,BOB,,1982-10-19 00:00:00,1200,16.0,78.5,,997,25,3,D,,,1982,,
10.0,BOB,,1982-10-20 00:00:00,300,17.0,78.5,,998,20,3,D,,,1982,,
10.0,BOB,,1982-10-20 00:00:00,1200,18.0,78.3,,998,20,3,D,,,1982,,
10.0,BOB,,1982-10-21 00:00:00,300,19.0,79.2,,998,20,3,D,,,1982,,
10.0,BOB,,1982-10-21 00:00:00,1200,21.0,81,,998,20,3,D,,,1982,,
11.0,BOB,,1982-11-28 00:00:00,300,7.0,88,1.5,,25,3,D,,,1982,,
11.0,BOB,,1982-11-28 00:00:00,1200,7.5,85.5,2.0,,30,5,DD,,,1982,,
11.0,BOB,,1982-11-29 00:00:00,300,8.5,83.5,1.5,,25,4,D,,,1982,,
12.0,BOB,,1982-12-02 00:00:00,1200,7.5,84,1.5,,25,3,,,,1982,,
12.0,BOB,,1982-12-03 00:00:00,300,9.0,82,1.5,,25,3,,,,1982,,
12.0,BOB,,1982-12-03 00:00:00,1200,9.5,79.5,1.5,,25,3,,,,1982,,
12.0,BOB,,1982-12-04 00:00:00,0,9.7,79,1.5,,25,3,,,,1982,,
13.0,ARB,,1982-07-15 00:00:00,300,20.5,69,1.5,,25,3,D,,,1982,,
13.0,ARB,,1982-07-15 00:00:00,1200,21.0,68,1.5,,25,3,D,,,1982,,
13.0,ARB,,1982-07-16 00:00:00,300,22.5,67,1.5,,25,3,D,,,1982,,
14.0,ARB,,1982-10-01 00:00:00,300,13.5,71,1.5,,25,3,D,,,1982,,
14.0,ARB,,1982-10-01 00:00:00,1200,14.0,70,2.0,,30,5,DD,,,1982,,
14.0,ARB,,1982-10-02 00:00:00,300,14.5,69,1.5,,25,3,D,,,1982,,
15.0,ARB,,1982-11-04 00:00:00,1200,11.5,66,1.5,999,25,3,D,,,1982,,
15.0,ARB,,1982-11-05 00:00:00,0,11.7,65.7,2.0,997,30,5,DD,,,1982,,
15.0,ARB,,1982-11-05 00:00:00,300,12.5,65,2.5,995,35,7,CS,,,1982,,
15.0,ARB,,1982-11-05 00:00:00,1200,13.0,65,2.5,994,40,8,CS,,,1982,,
15.0,ARB,,1982-11-06 00:00:00,0,13.5,65.3,3.0,992,45,10,CS,,,1982,,
15.0,ARB,,1982-11-06 00:00:00,300,14.0,65.5,3.5,986,55,16,SCS,,,1982,,
15.0,ARB,,1982-11-06 00:00:00,1200,14.5,66,3.5,982,60,18,SCS,,,1982,,
15.0,ARB,,1982-11-07 00:00:00,300,15.5,66.5,3.5,982,60,20,SCS,,,1982,,
15.0,ARB,,1982-11-07 00:00:00,1200,16.5,67.5,4.0,980,65,22,VSCS,,,1982,,
15.0,ARB,,1982-11-08 00:00:00,300,18.5,70,4.5,970,80,30,VSCS,,,1982,,
15.0,ARB,,1982-11-08 00:00:00,1200,20.5,70.5,5.0,962,90,40,ESCS,,,1982,,
15.0,ARB,,1982-11-09 00:00:00,0,22.5,73,,990,50,12,SCS,,,1982,,
15.0,ARB,,1982-11-09 00:00:00,300,23.0,73.5,,995,35,7,CS,,,1982,,
15.0,ARB,,1982-11-09 00:00:00,1200,23.5,75,,999,25,3,D,,,1982,,
16.0,ARB,,1982-11-28 00:00:00,1200,9.0,67,1.5,,25,3,D,,,1982,,
16.0,ARB,,1982-11-29 00:00:00,300,11.0,67.5,2.0,,30,5,DD,,,1982,,
16.0,ARB,,1982-11-29 00:00:00,600,11.5,68,1.5,,25,3,D,,,1982,,
17.0,LAND,,1982-06-17 00:00:00,300,23.0,90,,,25,3,D,,,1982,,
17.0,LAND,,1982-06-17 00:00:00,1200,23.5,90.5,,,25,3,D,,,1982,,
17.0,LAND,,1982-06-18 00:00:00,300,25.0,92,,,25,3,D,,,1982,,
18.0,LAND,,1982-08-02 00:00:00,300,23.0,90,,,25,3,D,,,1982,,
18.0,LAND,,1982-08-02 00:00:00,1200,23.0,90,,,25,3,D,,,1982,,
18.0,LAND,,1982-08-03 00:00:00,300,25.0,90,,,25,3,D,,,1982,,
18.0,LAND,,1982-08-03 00:00:00,1200,25.5,90.5,,,25,3,D,,,1982,,
18.0,LAND,,1982-08-04 00:00:00,300,25.7,89.5,,,25,3,D,,,1982,,
19.0,LAND,,1982-08-25 00:00:00,300,26.0,80,,,25,3,D,,,1982,,
1.0,BOB,,1986-01-07 00:00:00,1200,5.5,83,2,,30,4.463400119024003,DD,,,1986,,
1.0,BOB,,1986-01-08 00:00:00,300,6.0,82.5,2,,30,4.463400119024003,DD,,,1986,,
1.0,BOB,,1986-01-08 00:00:00,1200,6.0,82.5,1.5,,25,3.099583415988891,D,,,1986,,
2.0,LAND,,1986-07-22 00:00:00,300,22.7,82.8,1.5,,25,3.099583415988891,D,,,1986,,
2.0,LAND,,1986-07-22 00:00:00,1200,22.8,82.3,1.5,,25,3.099583415988891,D,,,1986,,
2.0,LAND,,1986-07-23 00:00:00,300,22.8,79.4,1.5,,25,3.099583415988891,D,,,1986,,
3.0,LAND,,1986-08-08 00:00:00,300,21.9,73.1,,,0,0,D,,,1986,,
3.0,LAND,,1986-08-08 00:00:00,1200,22,71.5,,,0,0,D,,,1986,,
3.0,LAND,,1986-08-09 00:00:00,300,22.0,70,,,0,0,D,,,1986,,
3.0,LAND,,1986-08-09 00:00:00,600,22.2,69,,,0,0,D,,,1986,,
3.0,LAND,,1986-08-09 00:00:00,1200,22.5,68,,,0,,,,,1986,,
3.0,LAND,,1986-08-10 00:00:00,300,23.0,66.5,,,0,,,,,1986,,
3.0,LAND,,1986-08-10 00:00:00,1200,23.5,66.5,,,0,,,,,1986,,
4.0,BOB,,1986-08-10 00:00:00,1200,18.0,88,1.5,,25,3.099583415988891,D,,,1986,,
4.0,BOB,,1986-08-11 00:00:00,300,18.0,86.5,1.5,,25,3.099583415988891,D,,,1986,,
4.0,BOB,,1986-08-11 00:00:00,1200,18.0,85.5,1.5,,25,3.099583415988891,D,,,1986,,
4.0,BOB,,1986-08-12 00:00:00,300,18.0,84.5,1.5,,25,3.099583415988891,D,,,1986,,
4.0,BOB,,1986-08-12 00:00:00,1200,18.7,84,2,,30,4.463400119024003,DD,,,1986,,
4.0,BOB,,1986-08-13 00:00:00,300,19.4,83.4,2,,30,4.463400119024003,DD,,,1986,,
4.0,BOB,,1986-08-13 00:00:00,1200,20.4,82.7,1.5,,25,3.099583415988891,D,,,1986,,
4.0,BOB,,1986-08-14 00:00:00,300,21.3,81.9,1.5,,25,3.099583415988891,D,,,1986,,
4.0,BOB,,1986-08-14 00:00:00,1200,22.3,80.8,1.5,,25,3.099583415988891,D,,,1986,,
5.0,BOB,,1986-08-19 00:00:00,300,21.2,88,1.5,,25,3.099583415988891,D,,,1986,,
5.0,BOB,,1986-08-19 00:00:00,1200,21.3,87.3,1.5,,25,3.099583415988891,D,,,1986,,
5.0,BOB,,1986-08-20 00:00:00,300,21.5,86.1,1.5,,25,3.099583415988891,D,,,1986,,
5.0,BOB,,1986-08-20 00:00:00,1200,22.1,85.4,1.5,,25,3.099583415988891,D,,,1986,,
6.0,BOB,,1986-09-24 00:00:00,300,20.5,88,1.5,,25,3.099583415988891,D,,,1986,,
6.0,BOB,,1986-09-25 00:00:00,300,21.0,87.5,1.5,,25,3.099583415988891,D,,,1986,,
6.0,BOB,,1986-09-25 00:00:00,1200,21.5,86.7,1.5,,25,3.099583415988891,D,,,1986,,
6.0,BOB,,1986-09-26 00:00:00,300,22.3,87.2,1.5,,25,3.099583415988891,D,,,1986,,
6.0,BOB,,1986-09-26 00:00:00,1200,23.5,86.5,1.5,,25,3.099583415988891,D,,,1986,,
7.0,BOB,,1986-11-07 00:00:00,300,14.0,82,1.5,,25,3.099583415988891,D,,,1986,,
7.0,BOB,,1986-11-07 00:00:00,1200,15.0,82,1.5,,25,3.099583415988891,D,,,1986,,
7.0,BOB,,1986-11-08 00:00:00,300,18.5,85,1.5,,25,3.099583415988891,D,,,1986,,
7.0,BOB,,1986-11-08 00:00:00,1200,19.5,86,2,,30,4.463400119024003,DD,,,1986,,
7.0,BOB,,1986-11-09 00:00:00,300,21.7,89.5,3,,45,10.04265026780401,CS,,,1986,,
7.0,BOB,,1986-11-09 00:00:00,1200,23.1,90.9,1.5,,25,3.099583415988891,D,,,1986,,
8.0,ARB,,1986-11-09 00:00:00,300,12.5,70,2,,30,4.463400119024003,DD,,,1986,,
8.0,ARB,,1986-11-09 00:00:00,1200,12.0,68.5,2,,30,4.463400119024003,DD,,,1986,,
8.0,ARB,,1986-11-10 00:00:00,300,11.5,65,2,,30,4.463400119024003,DD,,,1986,,
8.0,ARB,,1986-11-10 00:00:00,1200,12.0,63,1.5,,25,3.099583415988891,D,,,1986,,
1.0,BOB,,1987-01-30 00:00:00,300,5.5,88.5,1.5,999,25,3,D,,,1987,,
1.0,BOB,,1987-01-30 00:00:00,1200,6.0,88.5,1.5,998,25,4,D,,,1987,,
1.0,BOB,,1987-01-31 00:00:00,0,6.5,87.5,2.0,996,30,5,DD,,,1987,,
1.0,BOB,,1987-01-31 00:00:00,300,7.0,87,2.0,994,30,6,DD,,,1987,,
1.0,BOB,,1987-01-31 00:00:00,600,7.0,86.5,2.5,992,35,8,CS,,,1987,,
1.0,BOB,,1987-01-31 00:00:00,1200,7.5,86,3.0,988,45,12,CS,,,1987,,
1.0,BOB,,1987-02-01 00:00:00,0,8.0,85.5,3.5,986,50,14,SCS,,,1987,,
1.0,BOB,,1987-02-01 00:00:00,300,8.0,85.5,3.5,984,55,16,SCS,,,1987,,
1.0,BOB,,1987-02-01 00:00:00,600,8.5,85.5,4.0,978,65,22,VSCS,,,1987,,
1.0,BOB,,1987-02-01 00:00:00,1200,10.0,86,4.0,974,70,30,VSCS,,,1987,,
1.0,BOB,,1987-02-02 00:00:00,0,12.5,87,4.0,970,75,30,VSCS,,,1987,,
1.0,BOB,,1987-02-02 00:00:00,3000,13.0,87.5,4.0,970,75,30,VSCS,,,1987,,
1.0,BOB,,1987-02-02 00:00:00,600,13.5,88,4.0,970,75,30,VSCS,,,1987,,
1.0,BOB,,1987-02-02 00:00:00,1200,14.5,88.5,4.0,974,70,26,VSCS,,,1987,,
1.0,BOB,,1987-02-02 00:00:00,1800,15.0,89,3.5,980,60,20,SCS,,,1987,,
1.0,BOB,,1987-02-03 00:00:00,0,15.5,89.5,3.0,986,50,14,SCS,,,1987,,
1.0,BOB,,1987-02-03 00:00:00,300,16.0,89.5,2.5,992,40,8,CS,,,1987,,
1.0,BOB,,1987-02-03 00:00:00,1200,17.0,90,2.0,994,30,6,DD,,,1987,,
1.0,BOB,,1987-02-04 00:00:00,0,19.0,90.5,2.0,996,30,5,DD,,,1987,,
1.0,BOB,,1987-02-04 00:00:00,300,19.5,91,1.5,997,25,4,D,,,1987,,
1.0,BOB,,1987-02-04 00:00:00,600,20.0,91,1.5,998,25,3,D,,,1987,,
1.0,BOB,,1987-02-04 00:00:00,1200,21.0,91,1.5,998,25,3,D,,,1987,,
2.0,BOB,,1987-06-01 00:00:00,300,16.0,92,1.5,990,25,3,D,,,1987,,
2.0,BOB,,1987-06-01 00:00:00,1200,16.0,91,1.5,988,25,4,D,,,1987,,
2.0,BOB,,1987-06-02 00:00:00,300,16.5,90,1.5,988,25,4,D,,,1987,,
2.0,BOB,,1987-06-02 00:00:00,600,16.5,89,1.5,988,30,4,D,,,1987,,
2.0,BOB,,1987-06-02 00:00:00,1200,17.0,88,2.0,987,30,5,DD,,,1987,,
2.0,BOB,,1987-06-03 00:00:00,300,18.0,87.7,2.0,987,30,5,DD,,,1987,,
2.0,BOB,,1987-06-03 00:00:00,1200,19.0,88,2.0,986,30,6,DD,,,1987,,
2.0,BOB,,1987-06-04 00:00:00,0,20.0,90,2.5,984,35,7,CS,,,1987,,
2.0,BOB,,1987-06-04 00:00:00,300,20.5,90.5,2.5,984,35,7,CS,,,1987,,
2.0,BOB,,1987-06-04 00:00:00,600,21.0,90.5,2.5,984,40,7,CS,,,1987,,
2.0,BOB,,1987-06-04 00:00:00,1200,22.0,90.5,3.0,980,45,10,CS,,,1987,,
2.0,BOB,,1987-06-05 00:00:00,300,24.0,91.5,-,986,30,6,DD,,,1987,,
2.0,BOB,,1987-06-05 00:00:00,600,24.5,92,-,988,25,4,D,,,1987,,
3.0,BOB,,1987-08-26 00:00:00,300,24.0,90,-,990,25,4,D,,,1987,,
3.0,BOB,,1987-08-26 00:00:00,1200,24.5,88.5,-,990,25,4,D,,,1987,,
3.0,BOB,,1987-08-27 00:00:00,300,24.5,87.5,-,990,25,4,D,,,1987,,
3.0,BOB,,1987-08-27 00:00:00,1200,24.8,85.5,-,990,25,4,D,,,1987,,
3.0,BOB,,1987-08-28 00:00:00,300,23.5,84,-,990,25,4,D,,,1987,,
3.0,BOB,,1987-08-28 00:00:00,1200,24.0,82,-,990,25,3,D,,,1987,,
3.0,BOB,,1987-08-29 00:00:00,300,24.0,79.5,-,990,25,3,D,,,1987,,
3.0,BOB,,1987-08-29 00:00:00,1200,25.0,78.5,-,990,25,3,D,,,1987,,
4.0,BOB,,1987-09-11 00:00:00,1200,23.0,85.5,-,993,25,3,D,,,1987,,
4.0,BOB,,1987-09-12 00:00:00,300,23.5,84.5,-,993,25,3,D,,,1987,,
4.0,BOB,,1987-09-12 00:00:00,1200,24.0,84.5,-,993,25,3,D,,,1987,,
5.0,BOB,,1987-09-15 00:00:00,300,23.0,82,-,997,25,4,D,,,1987,,
5.0,BOB,,1987-09-15 00:00:00,1200,23.5,81.5,-,997,25,4,D,,,1987,,
5.0,BOB,,1987-09-16 00:00:00,300,23.7,80,-,997,25,4,D,,,1987,,
5.0,BOB,,1987-09-16 00:00:00,1200,24.5,78.5,-,998,25,3,D,,,1987,,
6.0,BOB,,1987-10-14 00:00:00,300,13.0,87.5,1.5,1000,25,3,D,,,1987,,
6.0,BOB,,1987-10-14 00:00:00,1200,14.0,86.5,2.0,998,30,5,DD,,,1987,,
6.0,BOB,,1987-10-15 00:00:00,300,14.5,83,2.5,996,35,6,CS,,,1987,,
6.0,BOB,,1987-10-15 00:00:00,1200,15.0,82,3.0,994,45,8,CS,,,1987,,
6.0,BOB,,1987-10-16 00:00:00,0,15.7,80.5,2.5,994,40,8,CS,,,1987,,
6.0,BOB,,1987-10-16 00:00:00,300,16.0,80,-,996,30,5,DD,,,1987,,
6.0,BOB,,1987-10-16 00:00:00,1200,16.5,78,-,997,25,3,D,,,1987,,
6.0,BOB,,1987-10-17 00:00:00,300,17.5,76,-,998,25,3,D,,,1987,,
6.0,BOB,,1987-10-17 00:00:00,1200,19.0,75,-,998,25,3,D,,,1987,,
6.0,BOB,,1987-10-18 00:00:00,300,20.5,74.5,-,998,20,3,D,,,1987,,
6.0,BOB,,1987-10-18 00:00:00,1200,22.0,76,-,998,20,3,D,,,1987,,
6.0,BOB,,1987-10-19 00:00:00,300,24.5,80,-,998,20,3,D,,,1987,,
6.0,BOB,,1987-10-19 00:00:00,1200,25.5,84,-,998,20,3,D,,,1987,,
7.0,BOB,,1987-10-31 00:00:00,300,11.5,86.5,1.5,997,25,3,D,,,1987,,
7.0,BOB,,1987-10-31 00:00:00,600,12.0,86,2.0,995,30,5,DD,,,1987,,
7.0,BOB,,1987-10-31 00:00:00,1200,12.5,85.5,2.5,993,35,7,CS,,,1987,,
7.0,BOB,,1987-10-31 00:00:00,1800,13.0,85.5,2.5,993,35,7,CS,,,1987,,
7.0,BOB,,1987-11-01 00:00:00,0,13.5,85,2.5,992,40,8,CS,,,1987,,
7.0,BOB,,1987-11-01 00:00:00,300,13.5,85,2.5,990,40,10,CS,,,1987,,
7.0,BOB,,1987-11-01 00:00:00,1200,13.5,84,3.0,988,45,12,CS,,,1987,,
7.0,BOB,,1987-11-01 00:00:00,1800,13.5,83.5,3.5,988,45,12,CS,,,1987,,
7.0,BOB,,1987-11-02 00:00:00,0,13.5,82.5,3.5,986,50,14,SCS,,,1987,,
7.0,BOB,,1987-11-02 00:00:00,300,13.5,82,3.5,984,55,16,SCS,,,1987,,
7.0,BOB,,1987-11-02 00:00:00,600,14.0,81.5,3.5,984,55,16,SCS,,,1987,,
7.0,BOB,,1987-11-02 00:00:00,1200,14.5,81,3.5,984,55,16,SCS,,,1987,,
7.0,BOB,,1987-11-02 00:00:00,1800,14.5,80.5,3.5,984,55,16,SCS,,,1987,,
7.0,BOB,,1987-11-03 00:00:00,0,14.5,79.5,-,986,50,14,SCS,,,1987,,
7.0,BOB,,1987-11-03 00:00:00,300,14.5,79,-,988,45,12,CS,,,1987,,
7.0,BOB,,1987-11-03 00:00:00,600,15.0,78.5,-,992,35,8,CS,,,1987,,
7.0,BOB,,1987-11-03 00:00:00,1200,15.5,78,-,996,25,4,D,,,1987,,
8.0,BOB,,1987-11-11 00:00:00,600,14.5,89,1.5,1002,25,3,D,,,1987,,
8.0,BOB,,1987-11-11 00:00:00,1200,14.5,88,1.5,1002,25,3,D,,,1987,,
8.0,BOB,,1987-11-11 00:00:00,1800,14.5,86.5,2.0,1000,30,5,DD,,,1987,,
8.0,BOB,,1987-11-12 00:00:00,0,14.5,85,2.0,1000,30,5,DD,,,1987,,
8.0,BOB,,1987-11-12 00:00:00,300,14.5,84.5,2.5,997,35,6,CS,,,1987,,
8.0,BOB,,1987-11-12 00:00:00,600,15.0,83,3.0,994,45,10,CS,,,1987,,
8.0,BOB,,1987-11-12 00:00:00,1200,15.5,82,3.5,990,55,15,SCS,,,1987,,
8.0,BOB,,1987-11-12 00:00:00,1800,15.7,81.5,3.5,992,50,13,SCS,,,1987,,
8.0,BOB,,1987-11-13 00:00:00,0,16.0,81,3.0,994,45,10,CS,,,1987,,
8.0,BOB,,1987-11-13 00:00:00,300,16.5,80.5,-,998,30,5,DD,,,1987,,
8.0,BOB,,1987-11-13 00:00:00,600,17.0,80,-,1000,25,3,D,,,1987,,
9.0,BOB,,1987-12-19 00:00:00,1200,10.5,82,1.5,,25,,D,,,1987,,
9.0,BOB,,1987-12-19 00:00:00,1800,10.5,82,1.5,,25,,D,,,1987,,
9.0,BOB,,1987-12-20 00:00:00,0,10.5,82,1.5,,25,,D,,,1987,,
9.0,BOB,,1987-12-20 00:00:00,300,10.5,82,1.5,,25,,D,,,1987,,
9.0,BOB,,1987-12-20 00:00:00,1200,11.0,82.5,1.5,,25,,D,,,1987,,
9.0,BOB,,1987-12-20 00:00:00,1800,11.5,83.5,1.5,,25,,D,,,1987,,
9.0,BOB,,1987-12-21 00:00:00,0,12.0,84,1.5,,25,,D,,,1987,,
9.0,BOB,,1987-12-21 00:00:00,300,12.0,84.5,2.0,,30,,DD,,,1987,,
9.0,BOB,,1987-12-21 00:00:00,600,12.0,89.5,2.0,,30,,DD,,,1987,,
9.0,BOB,,1987-12-21 00:00:00,1200,12.0,84.5,2.0,,30,,DD,,,1987,,
9.0,BOB,,1987-12-21 00:00:00,1800,11.5,84,2.0,,30,,DD,,,1987,,
9.0,BOB,,1987-12-22 00:00:00,0,10.5,83,2.0,,30,,DD,,,1987,,
9.0,BOB,,1987-12-22 00:00:00,300,10.0,82,1.5,,25,,D,,,1987,,
9.0,BOB,,1987-12-22 00:00:00,600,10.0,82,1.5,,25,,D,,,1987,,
9.0,BOB,,1987-12-22 00:00:00,1200,10.0,81.5,1.5,,25,,D,,,1987,,
9.0,BOB,,1987-12-22 00:00:00,1800,10.0,81,1.5,,25,,D,,,1987,,
1.0,BOB,,1988-06-08 00:00:00,1200,21.0,88.5,1.5,,25,3.099583415988891,D,,,1988,,
1.0,BOB,,1988-06-09 00:00:00,300,22.0,87.6,2,,30,4.463400119024003,DD,,,1988,,
1.0,BOB,,1988-06-09 00:00:00,1200,22.4,86.8,2,,30,4.463400119024003,DD,,,1988,,
1.0,BOB,,1988-06-10 00:00:00,300,23.1,85.4,1.5,,25,3.099583415988891,D,,,1988,,
2.0,ARB,,1988-06-09 00:00:00,300,17.0,70.5,1.5,,25,3.099583415988891,D,,,1988,,
2.0,ARB,,1988-06-09 00:00:00,1200,16.7,70,2,,30,4.463400119024003,DD,,,1988,,
2.0,ARB,,1988-06-10 00:00:00,300,17.5,70,2,,30,4.463400119024003,DD,,,1988,,
2.0,ARB,,1988-06-10 00:00:00,1200,17.5,70,2,,30,4.463400119024003,DD,,,1988,,
2.0,ARB,,1988-06-11 00:00:00,300,17.0,69.5,2,,30,4.463400119024003,DD,,,1988,,
2.0,ARB,,1988-06-11 00:00:00,1200,17.0,70,2,,30,4.463400119024003,DD,,,1988,,
2.0,ARB,,1988-06-12 00:00:00,300,17.0,71,2,,30,4.463400119024003,DD,,,1988,,
2.0,ARB,,1989-06-12 00:00:00,1200,17.5,71,2,,30,4.463400119024003,DD,,,1988,,
2.0,ARB,,1988-06-13 00:00:00,0,17.5,71,1.5,,25,3.099583415988891,D,,,1988,,
3.0,BOB,,1988-07-17 00:00:00,300,18.0,86,1.5,,25,3.099583415988891,D,,,1988,,
3.0,BOB,,1988-07-17 00:00:00,1200,18.3,85.9,1.5,,25,3.099583415988891,D,,,1988,,
3.0,BOB,,1988-07-18 00:00:00,300,19.4,84.2,1.5,,25,3.099583415988891,D,,,1988,,
3.0,BOB,,1988-07-18 00:00:00,1200,22.1,79.3,1.5,,25,3.099583415988891,D,,,1988,,
4.0,BOB,,1988-08-02 00:00:00,0,21.5,89.6,1.5,,25,3.099583415988891,D,,,1988,,
4.0,BOB,,1988-08-02 00:00:00,300,21.6,89.2,1.5,,25,3.099583415988891,D,,,1988,,
4.0,BOB,,1988-08-02 00:00:00,1200,21.5,88.5,1.5,,25,3.099583415988891,D,,,1988,,
4.0,BOB,,1988-08-03 00:00:00,300,22.2,85.6,1.5,,25,3.099583415988891,D,,,1988,,
4.0,BOB,,1988-08-03 00:00:00,1200,22.9,83.4,1.5,,25,3.099583415988891,D,,,1988,,
4.0,BOB,,1988-08-04 00:00:00,300,24.1,79.8,1.5,,25,3.099583415988891,D,,,1988,,
4.0,BOB,,1988-08-04 00:00:00,1200,24.4,78,1.5,,25,3.099583415988891,D,,,1988,,
4.0,BOB,,1988-08-05 00:00:00,300,25.0,75.1,2,,30,4.463400119024003,DD,,,1988,,
4.0,BOB,,1988-08-05 00:00:00,1200,25.6,75.3,2,,30,4.463400119024003,DD,,,1988,,
4.0,BOB,,1988-08-06 00:00:00,300,26.5,75.6,1.5,,25,3.099583415988891,D,,,1988,,
5.0,BOB,,1988-10-01 00:00:00,300,17.5,84.5,2,,30,4.463400119024003,DD,,,1988,,
5.0,BOB,,1988-10-01 00:00:00,1200,18.3,82.9,1.5,,25,3.099583415988891,D,,,1988,,
5.0,BOB,,1988-10-02 00:00:00,300,19.6,80.1,1.5,,25,3.099583415988891,D,,,1988,,
5.0,BOB,,1988-10-02 00:00:00,1200,19.9,78.4,1.5,,25,3.099583415988891,D,,,1988,,
5.0,BOB,,1988-10-03 00:00:00,300,20.4,75.5,1.5,,25,3.099583415988891,D,,,1988,,
6.0,BOB,,1988-10-18 00:00:00,1800,21.0,89.5,1.5,,25,3.099583415988891,D,,,1988,,
6.0,BOB,,1988-10-19 00:00:00,0,21.5,89.7,4,,55,15.00198373338623,CS,,,1988,,
6.0,BOB,,1988-10-19 00:00:00,1200,23.5,91,2,,30,4.463400119024003,DD,,,1988,,
6.0,BOB,,1988-10-20 00:00:00,300,25.6,91,1.5,,25,3.099583415988891,D,,,1988,,
7.0,BOB,,1988-11-15 00:00:00,300,9.5,87,1.5,,25,3.099583415988891,D,,,1988,,
7.0,BOB,,1988-11-15 00:00:00,1200,10.0,87.5,2,,30,4.463400119024003,DD,,,1988,,
7.0,BOB,,1988-11-16 00:00:00,300,10.5,88.5,2,,30,4.463400119024003,DD,,,1988,,
7.0,BOB,,1988-11-16 00:00:00,1200,11.7,90.7,4,,55,15.00198373338623,CS,,,1988,,
7.0,BOB,,1988-11-17 00:00:00,600,16,91,5.5,,110,60.00793493354494,SCS,,,1988,,
7.0,BOB,,1988-11-17 00:00:00,1800,17.1,91.1,4,,55,15.00198373338623,CS,,,1988,,
7.0,BOB,,1988-11-18 00:00:00,300,19.8,91.2,4,,55,15.00198373338623,CS,,,1988,,
7.0,BOB,,1988-11-18 00:00:00,1200,18.3,92,2,,30,4.463400119024003,DD,,,1988,,
8.0,BOB,,1988-11-23 00:00:00,1200,9.0,94,1.5,,25,3.099583415988891,D,,,1988,,
8.0,BOB,,1988-11-24 00:00:00,300,10.0,94,1.5,,25,3.099583415988891,D,,,1988,,
8.0,BOB,,1988-11-24 00:00:00,1200,11.0,93.5,2,,30,4.463400119024003,DD,,,1988,,
8.0,BOB,,1988-11-25 00:00:00,300,11.5,92,4,,55,15.00198373338623,CS,,,1988,,
8.0,BOB,,1988-11-25 00:00:00,600,11.5,92,5.5,,110,60.00793493354494,SCS,,,1988,,
8.0,BOB,,1988-11-25 00:00:00,1200,11.5,90.5,5.5,,110,60.00793493354494,SCS,,,1988,,
8.0,BOB,,1988-11-26 00:00:00,600,11.5,90.5,5.5,,110,60.00793493354494,SCS,,,1988,,
8.0,BOB,,1988-11-26 00:00:00,1200,12.5,88,5.5,,110,60.00793493354494,SCS,,,1988,,
8.0,BOB,,1988-11-27 00:00:00,300,13.5,87.5,5.5,,110,60.00793493354494,SCS,,,1988,,
8.0,BOB,,1988-11-28 00:00:00,300,19.0,85.8,5.5,,110,60.00793493354494,SCS,,,1988,,
8.0,BOB,,1988-11-28 00:00:00,900,19.3,86.2,5.5,,110,60.00793493354494,SCS,,,1988,,
8.0,BOB,,1988-11-29 00:00:00,300,19.6,87.8,6,,115,65.58718508232494,SCS,,,1988,,
8.0,BOB,,1988-11-29 00:00:00,2000,22.5,89.4,6,,115,65.58718508232494,SCS,,,1988,,
8.0,BOB,,1988-11-30 00:00:00,0,23.4,90.3,4,,55,15.00198373338623,CS,,,1988,,
9.0,BOB,,1988-12-06 00:00:00,1200,8.0,90,1.5,,25,3.099583415988891,D,,,1988,,
9.0,BOB,,1988-12-07 00:00:00,300,10.0,88.5,1.5,,25,3.099583415988891,D,,,1988,,
9.0,BOB,,1988-12-07 00:00:00,1200,11.0,89.5,1.5,,25,3.099583415988891,D,,,1988,,
9.0,BOB,,1988-12-08 00:00:00,300,11.5,90,2,,30,4.463400119024003,DD,,,1988,,
9.0,BOB,,1988-12-08 00:00:00,1200,12.5,91,1.5,,25,3.099583415988891,D,,,1988,,
1.0,BOB,,1989-05-23 00:00:00,300,17.5,90.6,1.5,,25,3.099583415988891,D,,,1989,,
1.0,BOB,,1989-05-23 00:00:00,1200,18.8,90.4,2,,30,4.463400119024003,DD,,,1989,,
1.0,BOB,,1989-05-24 00:00:00,300,19.5,89.7,4,,55,15.00198373338623,CS,,,1989,,
1.0,BOB,,1989-05-24 00:00:00,1200,19.5,89.1,4,,55,15.00198373338623,CS,,,1989,,
1.0,BOB,,1989-05-25 00:00:00,300,19.6,88.1,4,,55,15.00198373338623,CS,,,1989,,
1.0,BOB,,1989-05-26 00:00:00,300,20.6,87.5,6,,115,65.58718508232494,SCS,,,1989,,
1.0,BOB,,1989-05-26 00:00:00,1200,21.5,87.2,6,,115,65.58718508232494,SCS,,,1989,,
1.0,BOB,,1989-05-27 00:00:00,300,23.5,86.8,4,,55,15.00198373338623,CS,,,1989,,
1.0,BOB,,1989-05-27 00:00:00,1200,24.6,87.8,1.5,,25,3.099583415988891,D,,,1989,,
2.0,ARB,,1989-06-09 00:00:00,300,20.0,69.5,1.5,,25,3.099583415988891,D,,,1989,,
2.0,ARB,,1989-06-09 00:00:00,1200,20.5,70,1.5,,25,3.099583415988891,D,,,1989,,
2.0,ARB,,1989-06-10 00:00:00,300,22.1,70.6,2,,30,4.463400119024003,DD,,,1989,,
2.0,ARB,,1989-06-10 00:00:00,1200,22.6,70.2,2,,30,4.463400119024003,DD,,,1989,,
2.0,ARB,,1989-06-11 00:00:00,300,28.6,77.5,2,,30,4.463400119024003,DD,,,1989,,
2.0,ARB,,1989-06-11 00:00:00,1200,28.9,76.9,2,,30,4.463400119024003,DD,,,1989,,
2.0,ARB,,1989-06-12 00:00:00,300,22.5,67,2,,30,4.463400119024003,DD,,,1989,,
2.0,ARB,,1989-06-12 00:00:00,1200,22.5,67,1.5,,25,3.099583415988891,D,,,1989,,
3.0,BOB,,1989-06-12 00:00:00,300,19.5,88,1.5,,25,3.099583415988891,D,,,1989,,
3.0,BOB,,1989-06-12 00:00:00,1200,19.5,87.5,1.5,,25,3.099583415988891,D,,,1989,,
3.0,BOB,,1989-06-13 00:00:00,300,20,86.9,1.5,,25,3.099583415988891,D,,,1989,,
3.0,BOB,,1989-06-13 00:00:00,1200,21.4,86.9,2,,30,4.463400119024003,DD,,,1989,,
3.0,BOB,,1989-06-14 00:00:00,300,22.9,87.9,2,,30,4.463400119024003,DD,,,1989,,
3.0,BOB,,1989-06-14 00:00:00,1200,25,87.2,1.5,,25,3.099583415988891,D,,,1989,,
4.0,BOB,,1989-06-20 00:00:00,300,11.2,88.2,1.5,,25,3.099583415988891,D,,,1989,,
5.0,BOB,,1989-07-21 00:00:00,1200,18,86.7,1.5,,25,3.099583415988891,D,,,1989,,
5.0,BOB,,1989-07-22 00:00:00,300,18.0,86,2,,30,4.463400119024003,DD,,,1989,,
5.0,BOB,,1989-07-22 00:00:00,1200,18.0,85,3.5,,45,10.04265026780401,CS,,,1989,,
5.0,BOB,,1989-07-23 00:00:00,300,18.6,82,2,,30,4.463400119024003,DD,,,1989,,
5.0,BOB,,1989-07-23 00:00:00,1200,19.5,78,2,,30,4.463400119024003,DD,,,1989,,
5.0,BOB,,1989-07-24 00:00:00,300,20.5,77,2,,30,4.463400119024003,DD,,,1989,,
5.0,BOB,,1989-07-24 00:00:00,1200,22.3,74.1,2,,30,4.463400119024003,DD,,,1989,,
5.0,BOB,,1989-07-25 00:00:00,300,23.6,72.6,1.5,,25,3.099583415988891,D,,,1989,,
5.0,BOB,,1989-07-25 00:00:00,1200,24.8,70.9,1.5,,25,3.099583415988891,D,,,1989,,
6.0,BOB,,1989-08-16 00:00:00,300,16.5,86,1.5,,25,3.099583415988891,D,,,1989,,
6.0,BOB,,1989-08-16 00:00:00,1200,17.0,85,1.5,,25,3.099583415988891,D,,,1989,,
6.0,BOB,,1989-08-17 00:00:00,300,18.0,84.5,2,,30,4.463400119024003,DD,,,1989,,
6.0,BOB,,1989-08-17 00:00:00,1200,19.2,83.3,1.5,,25,3.099583415988891,D,,,1989,,
7.0,BOB,,1989-10-17 00:00:00,300,17.5,89.5,1.5,,25,3.099583415988891,D,,,1989,,
7.0,BOB,,1989-10-17 00:00:00,1200,20.0,88,1.5,,25,3.099583415988891,D,,,1989,,
7.0,BOB,,1989-10-18 00:00:00,300,23.2,89.7,1.5,,25,3.099583415988891,D,,,1989,,
8.0,BOB,,1989-11-01 00:00:00,300,8.0,103,1.5,,25,3.099583415988891,D,,,1989,,
8.0,BOB,,1989-11-01 00:00:00,1200,8.0,102.5,1.5,,25,3.099583415988891,D,,,1989,,
8.0,BOB,,1989-11-02 00:00:00,300,8.5,102.5,3.5,,45,10.04265026780401,CS,,,1989,,
8.0,BOB,,1989-11-02 00:00:00,1200,9.0,102,4,,40,7.934933544931562,CS,,,1989,,
8.0,BOB,,1989-11-03 00:00:00,300,9.5,101.5,4.5,,65,20.9531838920849,CS,,,1989,,
8.0,BOB,,1989-11-04 00:00:00,300,11.0,99.5,5.5,,115,65.58718508232494,SCS,,,1989,,
8.0,BOB,,1989-11-04 00:00:00,1200,11.0,98,5.5,,115,65.58718508232494,SCS,,,1989,,
8.0,BOB,,1989-11-05 00:00:00,1200,40.8,74.6,5.5,,115,65.58718508232494,SCS,,,1989,,
8.0,BOB,,1989-11-06 00:00:00,300,13.0,92,5.5,,110,60.00793493354494,SCS,,,1989,,
8.0,BOB,,1989-11-08 00:00:00,300,14.5,83.4,6,,115,65.58718508232494,SCS,,,1989,,
8.0,BOB,,1989-11-08 00:00:00,1200,14.7,81.3,6,,115,65.58718508232494,SCS,,,1989,,
8.0,BOB,,1989-11-09 00:00:00,300,15.2,78.8,1.5,,25,3.099583415988891,D,,,1989,,
9.0,BOB,,1989-11-11 00:00:00,300,10.5,84,1.5,,25,3.099583415988891,D,,,1989,,
10.0,BOB,,1989-11-16 00:00:00,1200,10.5,85,1.5,,25,3.099583415988891,D,,,1989,,
10.0,BOB,,1989-11-17 00:00:00,300,10.5,84.5,2,,30,4.463400119024003,DD,,,1989,,
10.0,BOB,,1989-11-17 00:00:00,1200,10.0,84,2,,30,4.463400119024003,DD,,,1989,,
10.0,BOB,,1989-11-18 00:00:00,300,10.0,84,2,,30,4.463400119024003,DD,,,1989,,
10.0,BOB,,1989-11-18 00:00:00,1200,9.0,83.5,2,,30,4.463400119024003,DD,,,1989,,
10.0,BOB,,1989-11-19 00:00:00,300,9.0,83,2,,30,4.463400119024003,DD,,,1989,,
10.0,BOB,,1989-11-19 00:00:00,1200,9.5,83.5,2,,30,4.463400119024003,DD,,,1989,,
10.0,BOB,,1989-11-20 00:00:00,300,9.5,85,2,,30,4.463400119024003,DD,,,1989,,
1.0,BOB,,1990-05-04 00:00:00,600,8.5,87,1.5,1002,25,4,D,1006,10,1990,,
1.0,BOB,,1990-05-04 00:00:00,1200,9.5,87,1.5,1000,25,4,D,1004,5,1990,,
1.0,BOB,,1990-05-04 00:00:00,1800,9.5,86,1.5,1002,25,4,D,1006,6,1990,,
1.0,BOB,,1990-05-05 00:00:00,0,10.0,85.5,2, 998,30,6,DD,1004,6,1990,,
1.0,BOB,,1990-05-05 00:00:00,600,10.0,85,2.5, 999,35,7,CS,1006,5,1990,,
1.0,BOB,,1990-05-05 00:00:00,1200,10.1,84.7,3, 994,45,10,CS,1004,7,1990,,
1.0,BOB,,1990-05-05 00:00:00,1800,10.3,83.9,3.5, 991,55,15,SCS,1006,8,1990,,
1.0,BOB,,1990-05-06 00:00:00,0,10.3,83.3,3.5, 991,55,15,SCS,1006,8,1990,,
1.0,BOB,,1990-05-06 00:00:00,600,10.0,83.2,4.5, 976,77,29.4,VSCS,1006,8,1990,,
1.0,BOB,,1990-05-06 00:00:00,1200,10.2,82.9,4.5, 976,77,29.4,VSCS,1004,8,1990,,
1.0,BOB,,1990-05-06 00:00:00,1800,10.3,82.5,4.5, 976,77,29.4,VSCS,1006,10,1990,,
1.0,BOB,,1990-05-07 00:00:00,0,11.3,82.3,5, 964,90,40.2,ESCS,1004,8,1990,,
1.0,BOB,,1990-05-07 00:00:00,600,11.3,81.8,6, 940,115,65.6,ESCS,1006,9,1990,,
1.0,BOB,,1990-05-07 00:00:00,1200,11.4,81.7,6, 938,115,65.6,ESCS,1004,8,1990,,
1.0,BOB,,1990-05-07 00:00:00,1800,14.5,80.8,5.5, 950,102,51.6,ESCS,1002,8,1990,,
1.0,BOB,,1990-05-08 00:00:00,0,13.3,81.8,6.5, 924,127,80,SUCS,1004,9,1990,,
1.0,BOB,,1990-05-08 00:00:00,600,13.6,81.4,6.5, 924,127,80,SUCS,1004,8,1990,,
1.0,BOB,,1990-05-08 00:00:00,1200,13.9,81.1,6.5, 920,127,80,SUCS,1000,8,1990,,
1.0,BOB,,1990-05-08 00:00:00,1800,14.5,80.8,5.5, 950,102,51.6,ESCS,1002,8,1990,,
1.0,BOB,,1990-05-09 00:00:00,0,15.1,81,5, 960,90,40.2,ESCS,1000,7,1990,,
1.0,BOB,,1990-05-09 00:00:00,600,15.4,80.9,5, 960,90,40.2,ESCS,1000,7,1990,,
1.0,BOB,,1990-05-09 00:00:00,1200,15.9,81,5, 956,90,40.2,ESCS, 996,9,1990,,
1.0,BOB,,1990-05-09 00:00:00,1800,16.0,80.5,,    ,65,,VSCS,1000,9,1990,,
1.0,BOB,,1990-05-10 00:00:00,0,16.5,80,,    ,40,,VSCS,1000,8,1990,,
1.0,BOB,,1990-05-10 00:00:00,600,16.5,79.5,,    ,27,,SCS,1000,10,1990,,
1.0,BOB,,1990-05-10 00:00:00,1200,17.0,79,,    ,16,,D, 996,10,1990,,
2.0,BOB,,1990-06-13 00:00:00,1200,21.0,89,1.5, 991,27,,D,    ,,1990,,
2.0,BOB,,1990-06-13 00:00:00,1800,21.5,88.5,1.5, 994,27,,D,    ,,1990,,
2.0,BOB,,1990-06-14 00:00:00,0,21.5,88,1.5, 992,27,,D,    ,,1990,,
2.0,BOB,,1990-06-14 00:00:00,600,22.0,87,1.5, 991,27,,D,    ,,1990,,
2.0,BOB,,1990-06-14 00:00:00,1200,22.0,87,2, 990,33,,DD,    ,,1990,,
2.0,BOB,,1990-06-14 00:00:00,1800,22.0,86,1.5, 995,27,,D,    ,,1990,,
2.0,BOB,,1990-06-15 00:00:00,0,22.0,85,1.5, 995,27,,D,,,1990,,
2.0,BOB,,1990-06-15 00:00:00,600,22.0,84,1.5, 997,27,,D,    ,,1990,,
3.0,BOB,,1990-08-14 00:00:00,1200,19.0,87.5,1.5, 994,27,,D,    ,,1990,,
3.0,BOB,,1990-08-14 00:00:00,1800,19.0,86.5,1.5, 994,27,,D,    ,,1990,,
3.0,BOB,,1990-08-15 00:00:00,0,19.0,86,1.5, 993,27,,D,    ,,1990,,
3.0,BOB,,1990-08-15 00:00:00,600,19.5,85,1.5, 995,27,,D,    ,,1990,,
3.0,BOB,,1990-08-15 00:00:00,1200,20.5,83.5,1.5, 995,27,,D,    ,,1990,,
3.0,BOB,,1990-08-15 00:00:00,1800,21.5,82.5,1.5, 995,27,,D,    ,,1990,,
3.0,BOB,,1990-08-16 00:00:00,0,21.5,81.5,1.5, 995,27,,D,    ,,1990,,
3.0,BOB,,1990-08-16 00:00:00,600,22.0,80.5,1.5, 996,27,,D,    ,,1990,,
3.0,BOB,,1990-08-16 00:00:00,1200,22.0,79,1.5, 995,27,,D,    ,,1990,,
3.0,BOB,,1990-08-16 00:00:00,1800,22.5,77.5,1.5, 997,27,,D,,,1990,,
3.0,BOB,,1990-08-17 00:00:00,0,23.0,77.5,1.5, 997,27,,D,    ,,1990,,
4.0,BOB,,1990-08-20 00:00:00,600,20.0,88.5,1.5, 996,27,,D,    ,,1990,,
4.0,BOB,,1990-08-20 00:00:00,1200,20.5,88.5,1.5, 995,27,,D,    ,,1990,,
4.0,BOB,,1990-08-20 00:00:00,1800,20.5,87.5,1.5, 995,27,,D,    ,,1990,,
4.0,BOB,,1990-08-21 00:00:00,0,20.5,86,1.5, 991,27,,D,    ,,1990,,
4.0,BOB,,1990-08-21 00:00:00,600,20.5,86,1.5, 986,27,,D,    ,,1990,,
4.0,BOB,,1990-08-21 00:00:00,1200,20.5,84,1.5, 991,27,,D,    ,,1990,,
4.0,BOB,,1990-08-21 00:00:00,1800,20.5,83,1.5, 996,27,,D,    ,,1990,,
4.0,BOB,,1990-08-22 00:00:00,0,21.0,82,1.5, 994,27,,D,    ,,1990,,
4.0,BOB,,1990-08-22 00:00:00,600,21.5,81,1.5, 996,27,,D,    ,,1990,,
4.0,BOB,,1990-08-22 00:00:00,1200,21.5,80.5,1.5, 994,27,,D,    ,,1990,,
4.0,BOB,,1990-08-22 00:00:00,1800,22.0,79,1.5, 995,27,,D,    ,,1990,,
4.0,BOB,,1990-08-23 00:00:00,0,22.5,77.5,1.5, 995,27,,D,    ,,1990,,
4.0,BOB,,1990-08-23 00:00:00,600,23.0,77.5,1.5, 996,27,,D,    ,,1990,,
4.0,BOB,,1990-08-23 00:00:00,1200,23.5,77,1.5, 994,27,,D,    ,,1990,,
4.0,BOB,,1990-08-23 00:00:00,1800,24.0,75,1.5, 996,27,,D,    ,,1990,,
4.0,BOB,,1990-08-24 00:00:00,0,24.0,73.5,1.5, 997,27,,D,    ,,1990,,
4.0,BOB,,1990-08-24 00:00:00,600,25.0,72.5,1.5, 997,27,,D,,,1990,,
4.0,BOB,,1990-08-24 00:00:00,1200,25.5,72.5,1.5, 994,27,,D,    ,,1990,,
5.0,BOB,,1990-09-03 00:00:00,600,22.5,88.2,1.5, 995,27,,D,Over land,,1990,,
5.0,BOB,,1990-09-03 00:00:00,1200,22.5,87,1.5, 995,27,,D,    ,,1990,,
5.0,BOB,,1990-09-03 00:00:00,1800,22.5,86,1.5, 996,27,,D,,,1990,,
5.0,BOB,,1990-09-04 00:00:00,0,22.5,85,1.5, 995,27,,D,    ,,1990,,
5.0,BOB,,1990-09-04 00:00:00,600,22.5,84.5,1.5, 996,27,,D,    ,,1990,,
5.0,BOB,,1990-09-04 00:00:00,1200,22.5,84,1.5, 995,27,,D,,,1990,,
5.0,BOB,,1990-09-04 00:00:00,1800,23.0,83,1.5, 997,27,,D,    ,,1990,,
6.0,BOB,,1990-10-06 00:00:00,1800,18.0,90,1.5,1002,27,,D,    ,,1990,,
6.0,BOB,,1990-10-07 00:00:00,0,20.0,88.5,2,1000,33,,DD,    ,,1990,,
6.0,BOB,,1990-10-07 00:00:00,600,20.5,88,2,1000,33,,DD,    ,,1990,,
6.0,BOB,,1990-10-07 00:00:00,1200,21.0,87.5,1.5, 998,27,,D,    ,,1990,,
6.0,BOB,,1990-10-07 00:00:00,1800,21.0,87,1.5, 999,27,,D,    ,,1990,,
6.0,BOB,,1990-10-08 00:00:00,0,21.5,87.5,1.5, 999,27,,D,    ,,1990,,
6.0,BOB,,1990-10-08 00:00:00,600,22.0,87.5,1.5,1000,27,,D,,,1990,,
6.0,BOB,,1990-10-08 00:00:00,1200,22.5,87.5,1.5, 999,27,,D,    ,,1990,,
7.0,BOB,,1990-10-31 00:00:00,1200,10.5,87.5,1.5,1004,27,,D,    ,,1990,,
7.0,BOB,,1990-10-31 00:00:00,1800,10.5,87,1.5,1004,27,,D,    ,,1990,,
7.0,BOB,,1990-11-01 00:00:00,0,12.0,86.5,1.5,1003,27,,D,    ,,1990,,
7.0,BOB,,1990-11-01 00:00:00,600,13.5,86,1.5,1003,27,,D,    ,,1990,,
7.0,BOB,,1990-11-01 00:00:00,1200,14.0,86.5,1.5,1002,27,,D,    ,,1990,,
7.0,BOB,,1990-11-01 00:00:00,1800,16.0,85.5,2,1001,33,,DD,    ,,1990,,
7.0,BOB,,1990-11-02 00:00:00,0,16.0,85,2,1001,33,,DD,    ,,1990,,
7.0,BOB,,1990-11-02 00:00:00,600,17.0,84.5,2,1001,33,,DD,    ,,1990,,
7.0,BOB,,1990-11-02 00:00:00,1200,17.0,84.5,2,1002,33,,DD,    ,,1990,,
7.0,BOB,,1990-11-02 00:00:00,1800,17.5,84,2,1003,33,,DD,    ,,1990,,
7.0,BOB,,1990-11-03 00:00:00,0,18.0,84.5,2,1001,33,,DD,    ,,1990,,
7.0,BOB,,1990-11-03 00:00:00,600,17.5,84.5,2,1001,33,,DD,    ,,1990,,
7.0,BOB,,1990-11-03 00:00:00,1200,18.5,84.5,1.5,1001,27,,D,    ,,1990,,
7.0,BOB,,1990-11-03 00:00:00,1800,18.5,85,1.5,1001,27,,D,    ,,1990,,
7.0,BOB,,1990-11-04 00:00:00,0,19.0,84.5,1.5,1001,27,,D,,,1990,,
7.0,BOB,,1990-11-04 00:00:00,600,19.0,84.5,1.5,1003,27,,D,    ,,1990,,
8.0,BOB,,1990-11-14 00:00:00,0,14.0,82,1.5,1010,27,,D,    ,,1990,,
8.0,BOB,,1990-11-14 00:00:00,600,14.0,81,1.5,1010,27,,D,    ,,1990,,
8.0,BOB,,1990-11-14 00:00:00,1200,14.0,80.5,1.5,1008,27,,D,,,1990,,
8.0,BOB,,1990-11-14 00:00:00,1800,14.5,80,1.5,1009,27,,D,    ,,1990,,
1.0,ARB,,1990-11-16 00:00:00,1200,14.5,73.5,1.5,1008,27,,D,    ,,1990,,
1.0,ARB,,1990-11-16 00:00:00,1800,14.5,73.5,1.5,1009,27,,D,    ,,1990,,
1.0,ARB,,1990-11-17 00:00:00,0,14.5,73,1.5,1008,27,,D,    ,,1990,,
1.0,ARB,,1990-11-17 00:00:00,600,14.0,72,1.5,1008,27,,D,    ,,1990,,
1.0,ARB,,1990-11-17 00:00:00,1200,14.8,72,2,1007,33,,DD,    ,,1990,,
1.0,ARB,,1990-11-17 00:00:00,1800,15.0,72,2,1008,33,,DD,,,1990,,
1.0,ARB,,1990-11-18 00:00:00,0,15.5,72.5,1.5,1009,27,,D,    ,,1990,,
9.0,BOB,,1990-12-14 00:00:00,1200,8.0,88,1.5,    ,27,,D,    ,,1990,,
9.0,BOB,,1990-12-14 00:00:00,1800,8.5,87.5,1.5,    ,27,,D,    ,,1990,,
9.0,BOB,,1990-12-15 00:00:00,0,9.0,87,2,    ,33,,DD,    ,,1990,,
9.0,BOB,,1990-12-15 00:00:00,600,9.8,86.5,2,    ,33,,DD,    ,,1990,,
9.0,BOB,,1990-12-15 00:00:00,1200,10.5,86,2,    ,33,,DD,    ,,1990,,
9.0,BOB,,1990-12-15 00:00:00,1800,11.0,85.5,2.5,    ,35,,CS,    ,,1990,,
9.0,BOB,,1990-12-16 00:00:00,0,12.0,85,2.5,    ,35,,CS,    ,,1990,,
9.0,BOB,,1990-12-16 00:00:00,600,13.0,85.5,2.5,    ,35,,CS,    ,,1990,,
9.0,BOB,,1990-12-16 00:00:00,1200,14.0,85.5,3,    ,45,,CS,    ,,1990,,
9.0,BOB,,1990-12-16 00:00:00,1800,14.5,86,3,    ,45,,CS,    ,,1990,,
9.0,BOB,,1990-12-17 00:00:00,0,15.5,86,3,    ,45,,CS,    ,,1990,,
9.0,BOB,,1990-12-17 00:00:00,600,17.0,86.5,3.5,    ,55,,SCS,    ,,1990,,
9.0,BOB,,1990-12-17 00:00:00,1200,18.0,87,3.5,    ,55,,SCS,    ,,1990,,
9.0,BOB,,1990-12-17 00:00:00,1800,19.5,89,3.5,    ,55,,SCS,    ,,1990,,
9.0,BOB,,1990-12-18 00:00:00,0,20.5,90.5,,    ,27,,CS,,,1990,,
9.0,BOB,,1990-12-18 00:00:00,600,21.0,91,,    ,27,,CS,,,1990,,
9.0,BOB,,1990-12-18 00:00:00,1200,20.0,92,,    ,16,,D,,,1990,,
1.0,ARB,-,1993-11-12 00:00:00,300,11.5,69,1.5,1004,25,4,D,1008,6,1993,,
1.0,ARB,-,1993-11-12 00:00:00,600,12.0,68.5,1.5,1004,25,4,D,1008,6,1993,,
1.0,ARB,-,1993-11-12 00:00:00,1200,14.0,67.5,2.0,1002,30,6,DD,1008,7,1993,,
1.0,ARB,-,1993-11-12 00:00:00,1800,14.0,66.5,2.0,1002,30,6,DD,1008,7,1993,,
1.0,ARB,-,1993-11-13 00:00:00,0,15.0,65.5,2.5,1000,35,8,CS,1008,8,1993,,
1.0,ARB,-,1993-11-13 00:00:00,300,16.0,65,3.0,1000,45,10,CS,1010,8,1993,,
1.0,ARB,-,1993-11-13 00:00:00,600,16.5,64.5,3.0,1000,45,10,CS,1010,10,1993,,
1.0,ARB,-,1993-11-13 00:00:00,1200,17.5,64.5,3.0,998,45,10,CS,1008,10,1993,,
1.0,ARB,-,1993-11-13 00:00:00,1800,18.5,64.5,3.0,1000,45,10,CS,1010,10,1993,,
1.0,ARB,-,1993-11-14 00:00:00,0,19.5,64.5,3.0,1000,45,10,CS,1010,10,1993,,
1.0,ARB,-,1993-11-14 00:00:00,300,20.0,64.5,3.0,998,45,10,CS,1008,10,1993,,
1.0,ARB,-,1993-11-14 00:00:00,600,20.0,64.5,3.5,992,55,16,SCS,1008,10,1993,,
1.0,ARB,-,1993-11-14 00:00:00,1200,20.5,64.5,4.0,986,65,22,VSCS,1008,10,1993,,
1.0,ARB,-,1993-11-14 00:00:00,1800,21.5,65.5,4.0,988,65,22,VSCS,1010,10,1993,,
1.0,ARB,-,1993-11-15 00:00:00,0,22.5,67,3.5,998,55,14,SCS,1012,8,1993,,
1.0,ARB,-,1993-11-15 00:00:00,300,23.5,67.5,3.0,1002,45,10,CS,1012,8,1993,,
1.0,ARB,-,1993-11-15 00:00:00,600,23.5,67.5,-,1004,35,8,CS,1012,7,1993,,
1.0,ARB,-,1993-11-15 00:00:00,1200,23.5,67.5,-,1004,30,6,CS,1010,6,1993,,
1.0,ARB,-,1993-11-15 00:00:00,1800,23.5,67.5,-,1004,30,6,CS,1010,5,1993,,
2.0,ARB,-,1993-11-08 00:00:00,300,6.5,78.5,1.5,1000,25,4,D,1004,5,1993,,
2.0,ARB,-,1993-11-08 00:00:00,600,6.5,78.5,1.5,1000,25,4,D,1004,5,1993,,
2.0,ARB,-,1993-11-08 00:00:00,1200,7.0,78.5,1.5,1000,25,4,D,1004,5,1993,,
2.0,ARB,-,1993-11-08 00:00:00,1800,7.5,78.5,1.5,1002,25,4,D,1006,5,1993,,
2.0,ARB,-,1993-11-09 00:00:00,0,8.5,78.5,-,1000,25,4,D,1004,5,1993,,
2.0,ARB,-,1993-11-09 00:00:00,300,9.0,78.5,-,1000,25,4,D,1004,5,1993,,
2.0,ARB,-,1993-11-09 00:00:00,600,9.0,78,-,1000,25,4,D,1004,5,1993,,
2.0,ARB,-,1993-11-09 00:00:00,1200,9.0,77.5,-,998,25,4,D,1002,5,1993,,
2.0,ARB,-,1993-11-09 00:00:00,1800,9.0,77,-,1000,25,4,D,1004,5,1993,,
1.0,BOB,-,1993-12-01 00:00:00,600,7.0,91,1.5,1002,25,4,D,1006,5,1993,,
1.0,BOB,-,1993-12-01 00:00:00,1200,8.0,89,2.0,1000,30,6,DD,1006,5,1993,,
1.0,BOB,-,1993-12-01 00:00:00,1800,8.0,88,2.0,1002,30,6,DD,1008,6,1993,,
1.0,BOB,-,1993-12-02 00:00:00,0,8.0,87.5,2.0,1002,30,6,DD,1008,6,1993,,
1.0,BOB,-,1993-12-02 00:00:00,300,8.0,87,2.0,1000,30,6,DD,1006,6,1993,,
1.0,BOB,-,1993-12-02 00:00:00,600,8.5,86.5,2.5,1002,30,6,DD,1008,6,1993,,
1.0,BOB,-,1993-12-02 00:00:00,1200,9.0,85.5,3.0,996,45,10,CS,1006,8,1993,,
1.0,BOB,-,1993-12-02 00:00:00,1800,9.0,85,3.0,996,45,10,CS,1006,8,1993,,
1.0,BOB,-,1993-12-03 00:00:00,0,9.5,84.5,3.0,994,45,10,CS,1004,8,1993,,
1.0,BOB,-,1993-12-03 00:00:00,300,9.5,83.5,3.5,988,55,16,SCS,1004,8,1993,,
1.0,BOB,-,1993-12-03 00:00:00,600,9.5,83,3.5,988,55,16,SCS,1004,8,1993,,
1.0,BOB,-,1993-12-03 00:00:00,1200,10.0,82,4.0,982,65,22,VSCS,1004,8,1993,,
1.0,BOB,-,1993-12-03 00:00:00,1800,10.5,81.5,4.0,982,65,22,VSCS,1004,8,1993,,
1.0,BOB,-,1993-12-04 00:00:00,0,10.8,80.8,4.5,976,77,30,VSCS,1006,8,1993,,
1.0,BOB,-,1993-12-04 00:00:00,300,11.0,80,4.5,976,77,30,VSCS,1006,8,1993,,
1.0,BOB,-,1993-12-04 00:00:00,600,11.5,79,5.0,968,90,40,ESCS,1008,8,1993,,
1.0,BOB,-,1993-12-04 00:00:00,1200,12.0,78.5,-,998,30,6,DD,1004,6,1993,,
2.0,BOB,-,1993-12-19 00:00:00,0,8.5,83.5,1.5,1008,25,4,D,1012,5,1993,,
2.0,BOB,-,1993-12-19 00:00:00,300,8.5,83.5,1.5,1008,25,4,D,1012,5,1993,,
2.0,BOB,-,1993-12-19 00:00:00,600,9.0,82.5,1.5,1008,25,4,D,1012,5,1993,,
2.0,BOB,-,1993-12-19 00:00:00,1200,9.5,82,1.5,1006,30,6,DD,1012,5,1993,,
2.0,BOB,-,1993-12-19 00:00:00,1800,10.0,81,1.5,1008,30,6,DD,1014,5,1993,,
2.0,BOB,-,1993-12-20 00:00:00,0,10.5,80.5,1.5,1008,25,4,D,1012,5,1993,,
2.0,BOB,-,1993-12-20 00:00:00,300,11,80.5,1.5,1008,25,4,D,1012,5,1993,,
2.0,BOB,-,1993-12-20 00:00:00,600,11.0,80.5,1.5,1008,25,4,D,1012,5,1993,,
2.0,BOB,-,1993-12-20 00:00:00,900,11.0,80.5,1.5,1008,25,4,D,1012,4,1993,,
1.0,BOB,-,1994-03-21 00:00:00,1200,9,90.5,1.5,D,25,,,,,1994,,
1.0,BOB,-,1994-03-21 00:00:00,1800,10,90,1.5,D,25,,,,,1994,,
1.0,BOB,-,1994-03-22 00:00:00,0,11.5,89.5,1.5,D,25,,,,,1994,,
1.0,BOB,-,1994-03-22 00:00:00,600,12.5,90.5,1.5,D,25,,,,,1994,,
1.0,BOB,-,1994-03-22 00:00:00,1200,13,90.5,1.5,D,25,,,,,1994,,
1.0,BOB,-,1994-03-22 00:00:00,1800,13,90.5,1.5,D,25,,,,,1994,,
1.0,BOB,-,1994-03-23 00:00:00,0,13.5,91,1.5,D,25,,,,,1994,,
1.0,BOB,-,1994-03-23 00:00:00,600,13.5,91,1.5,D,25,,,,,1994,,
1.0,BOB,-,1994-03-23 00:00:00,1200,13.5,91.5,1.5,D,25,,,,,1994,,
1.0,BOB,-,1994-03-23 00:00:00,1800,13.5,91.5,1.5,D,25,,,,,1994,,
1.0,BOB,-,1994-03-24 00:00:00,0,14,92,1.5,D,25,,,,,1994,,
1.0,BOB,-,1994-03-24 00:00:00,600,14,92.5,1.5,D,25,,,,,1994,,
2.0,BOB,-,1994-04-29 00:00:00,0,8.5,92,1.5,1002, 25, 4,D,1006,4x3,1994,,
2.0,BOB,-,1994-04-29 00:00:00,300,9.0,91.5,2.0,1001, 30, 5,DD,1006,4x3,1994,,
2.0,BOB,-,1994-04-29 00:00:00,600,9.3,91.3,2.0,1001, 30, 5,DD,1006,4x4,1994,,
2.0,BOB,-,1994-04-29 00:00:00,1200,10.0,91,2.5, 998, 35, 8,CS,1006,5x4,1994,,
2.0,BOB,-,1994-04-29 00:00:00,1800,10.4,90.7,3.0, 994, 45,10,CS,1004,5x5,1994,,
2.0,BOB,-,1994-04-30 00:00:00,0,10.8,90.6,3.0, 994, 45,10,CS,1004,5x5,1994,,
2.0,BOB,-,1994-04-30 00:00:00,300,11.0,90.5,3.0, 994, 45,10,CS,1004,5x5,1994,,
2.0,BOB,-,1994-04-30 00:00:00,600,11.5,90.4,3.0, 994, 45,10,CS,1004,5x5,1994,,
2.0,BOB,-,1994-04-30 00:00:00,1200,12.0,90.5,3.5, 988, 55,16,SCS,1004,5x5,1994,,
2.0,BOB,-,1994-04-30 00:00:00,1800,13.0,90.2,3.5, 988, 55,16,SCS,1004,5x5,1994,,
2.0,BOB,-,1994-05-01 00:00:00,0,13.5,90.1,3.5, 986, 60,18,VSCS,1004,6x5,1994,,
2.0,BOB,-,1994-05-01 00:00:00,300,14.0,90,3.5, 986, 60,18,VSCS,1004,6x5,1994,,
2.0,BOB,-,1994-05-01 00:00:00,600,15.0,90.1,3.5, 986, 60,18,VSCS,1004,6x6,1994,,
2.0,BOB,-,1994-05-01 00:00:00,1200,16.0,90.4,4.5, 972, 77,32,VSCS,1004,6x6,1994,,
2.0,BOB,-,1994-05-01 00:00:00,1800,17.0,90.5,5.0, 962, 90,42,ESCS,1004,6x6,1994,,
2.0,BOB,-,1994-05-02 00:00:00,0,18.5,91.2,5.5, 952,102,52,ESCS,1004,7x6,1994,,
2.0,BOB,-,1994-05-02 00:00:00,300,19.0,91.4,5.5, 952,102,54,ESCS,1006,6x6,1994,,
2.0,BOB,-,1994-05-02 00:00:00,600,19.5,91.5,5.5, 948,102,58,ESCS,1006,6x5,1994,,
2.0,BOB,-,1994-05-02 00:00:00,1200,20.6,92,6.0, 940,115,66,ESCS,1006,6x5,1994,,
1.0,ARB,-,1994-06-05 00:00:00,1800,16.0,72.5,1.5, 992, 25, 4,D, 996,3x3,1994,,
1.0,ARB,-,1994-06-06 00:00:00,0,16.5,72,1.5, 992, 25, 4,D, 996,3x3,1994,,
1.0,ARB,-,1994-06-06 00:00:00,300,17.5,71.5,2.0, 991, 30, 5,DD, 996,3x3,1994,,
1.0,ARB,-,1994-06-06 00:00:00,600,17.5,71.5,2.0, 990, 30, 6,DD, 996,3x3,1994,,
1.0,ARB,-,1994-06-06 00:00:00,1200,18.0,70.5,2.5, 988, 35, 8,CS, 996,4x4,1994,,
1.0,ARB,-,1994-06-06 00:00:00,1800,19.0,69,2.5, 988, 35, 8,CS, 996,4x4,1994,,
1.0,ARB,-,1994-06-07 00:00:00,0,19.5,67.4,2.5, 988, 35, 8,CS, 996,5x5,1994,,
1.0,ARB,-,1994-06-07 00:00:00,300,19.5,66.5,2.5, 988, 35, 8,CS, 996,5x5,1994,,
1.0,ARB,-,1994-06-07 00:00:00,600,19.5,65,3.0, 986, 45,10,CS, 996,6x6,1994,,
1.0,ARB,-,1994-06-07 00:00:00,1200,19.5,64,3.5, 980, 55,16,SCS, 996,6x6,1994,,
1.0,ARB,-,1994-06-07 00:00:00,1800,19.5,63,3.0, 984, 45,12,CS, 996,6x6,1994,,
1.0,ARB,-,1994-06-08 00:00:00,0,19.5,62,2.5, 988, 35, 8,CS, 996,5x5,1994,,
1.0,ARB,-,1994-06-08 00:00:00,300,19.5,61.5,2.5, 988, 35, 8,CS, 996,4x4,1994,,
1.0,ARB,-,1994-06-08 00:00:00,600,19.5,61.5,2.5, 988, 35, 8,CS, 996,4x4,1994,,
1.0,ARB,-,1994-06-08 00:00:00,1200,19.5,61,2.0, 990, 30, 6,DD, 996,4x4,1994,,
1.0,ARB,-,1994-06-08 00:00:00,1800,19.5,60.5,2.0, 990, 30, 6,DD, 996,3x3,1994,,
1.0,ARB,-,1994-06-09 00:00:00,0,19.5,60,1.5, 990, 25, 4,D, 994,3x3,1994,,
1.0,ARB,-,1994-06-09 00:00:00,300,19.5,59.5,1.5, 990, 25, 4,D, 994,3x3,1994,,
1.0,ARB,-,1994-06-09 00:00:00,600,20.0,59,1.5, 990, 25, 4,D, 994,3x2,1994,,
3.0,BOB,-,1994-10-29 00:00:00,300,9.5,85,1.5,1006, 25, 4,D,1010,4x3,1994,,
3.0,BOB,-,1994-10-29 00:00:00,600,10.0,84.5,1.5,1004, 25, 4,D,1008,4x3,1994,,
3.0,BOB,-,1994-10-29 00:00:00,1200,10.5,84.5,2.0,1003, 30, 5,DD,1008,4x3,1994,,
3.0,BOB,-,1994-10-29 00:00:00,1800,11.0,84,2.0,1005, 30, 5,DD,1010,4x4,1994,,
3.0,BOB,-,1994-10-30 00:00:00,0,11.5,83,2.0,1004, 30, 6,DD,1010,4x4,1994,,
3.0,BOB,-,1994-10-30 00:00:00,300,12.0,82,2.5,1002, 35, 8,CS,1010,4x4,1994,,
3.0,BOB,-,1994-10-30 00:00:00,600,12.2,81.5,3.0,1000, 45,10,CS,1010,4x4,1994,,
3.0,BOB,-,1994-10-30 00:00:00,1200,12.3,81,3.5, 992, 55,16,SCS,1008,4x4,1994,,
3.0,BOB,-,1994-10-30 00:00:00,1800,12.7,80.5,3.5, 990, 60,18,SCS,1008,4x4,1994,,
3.0,BOB,-,1994-10-31 00:00:00,0,13.0,80.3,3.5, 988, 60,20,SCS,1008,5x4,1994,,
3.0,BOB,-,1994-10-31 00:00:00,300,13.2,80,-,-, 55,-,SCS,-,-,1994,,
3.0,BOB,-,1994-10-31 00:00:00,600,13.6,79.5,-,-, 35,-,CS,-,-,1994,,
3.0,BOB,-,1994-10-31 00:00:00,1200,14.0,78.5,-,-, 30,-,DD,-,-,1994,,
2.0,ARB,-,1994-11-15 00:00:00,300,9.0,65.5,1.5,1004, 25, 4,D,1008,3x2,1994,,
2.0,ARB,-,1994-11-15 00:00:00,600,9.0,65.5,1.5,1006, 25, 4,D,1010,3x2,1994,,
2.0,ARB,-,1994-11-15 00:00:00,1200,9.0,65.5,1.5,1006, 25, 4,D,1010,3x2,1994,,
2.0,ARB,-,1994-11-15 00:00:00,1800,9.2,65,1.5,1006, 25, 4,D,1010,3x2,1994,,
2.0,ARB,-,1994-11-16 00:00:00,0,9.5,64.5,1.5,1006, 25, 4,D,1010,3x2,1994,,
2.0,ARB,-,1994-11-16 00:00:00,300,9.5,64,2.0,1004, 30, 6,DD,1010,3x2,1994,,
2.0,ARB,-,1994-11-16 00:00:00,600,9.5,64,2.0,1002, 30, 6,DD,1008,3x3,1994,,
2.0,ARB,-,1994-11-16 00:00:00,1200,9.5,64,2.5,1000, 35, 8,CS,1008,3x3,1994,,
2.0,ARB,-,1994-11-16 00:00:00,1800,9.5,64,2.5, 998, 40, 8,CS,1006,4x3,1994,,
2.0,ARB,-,1994-11-17 00:00:00,0,9.5,63.5,2.5, 998, 40, 8,CS,1006,4x3,1994,,
2.0,ARB,-,1994-11-17 00:00:00,300,9.0,63,2.5, 998, 40, 8,CS,1006,4x3,1994,,
2.0,ARB,-,1994-11-17 00:00:00,600,9.0,62,2.5, 998, 35, 8,CS,1006,4x3,1994,,
2.0,ARB,-,1994-11-17 00:00:00,1200,8.5,61,2.5, 998, 35, 8,CS,1006,4x3,1994,,
2.0,ARB,-,1994-11-17 00:00:00,1800,8.0,60.5,2.5, 998, 35, 8,CS,1006,4x3,1994,,
2.0,ARB,-,1994-11-18 00:00:00,0,8.0,60,2.5, 998, 40, 8,CS,1006,4x4,1994,,
2.0,ARB,-,1994-11-18 00:00:00,300,8.0,60,2.5, 998, 40, 8,CS,1006,4x4,1994,,
2.0,ARB,-,1994-11-18 00:00:00,600,8.0,58,2.5, 998, 40, 8,CS,1006,4x4,1994,,
2.0,ARB,-,1994-11-18 00:00:00,1200,8.0,57,2.5, 998, 40, 8,CS,1006,4x4,1994,,
2.0,ARB,-,1994-11-18 00:00:00,1800,8.0,56.5,3.0, 996, 45,10,CS,1006,5x4,1994,,
2.0,ARB,-,1994-11-19 00:00:00,0,8.0,54.5,3.5, 990, 55,16,SCS,1006,5x4,1994,,
2.0,ARB,-,1994-11-19 00:00:00,300,8.0,54,4.0, 984, 65,22,VSCS,1006,5x4,1994,,
2.0,ARB,-,1994-11-19 00:00:00,600,8.0,53,4.0, 984, 65,22,VSCS,1006,5x4,1994,,
2.0,ARB,-,1994-11-19 00:00:00,1200,8.0,51,3.5, 990, 55,16,SCS,1006,5x4,1994,,
2.0,ARB,-,1994-11-19 00:00:00,1800,8.0,50.5,3.0, 994, 45,12,CS,1006,4x4,1994,,
2.0,ARB,-,1994-11-20 00:00:00,0,8.0,50,2.5, 996, 35, 8,CS,1004,3x3,1994,,
2.0,ARB,-,1994-11-20 00:00:00,300,8.0,49.5,over,land, 35,-,CS,-,-,1994,,
1.0,BOB,,1995-05-05 00:00:00,2100,11.0,80.5,1.5, 998, 25, 4,D,1002,3x3,1995,,
1.0,BOB,,1995-05-06 00:00:00,0,11.5,80.5,1.5, 998, 25, 4,D,1002,3x3,1995,,
1.0,BOB,,1995-05-06 00:00:00,300,11.5,80.5,1.5, 998, 25, 4,D,1002,3x3,1995,,
1.0,BOB,,1995-05-06 00:00:00,600,11.5,80.5,1.5, 997, 25, 5,D,1002,3x4,1995,,
1.0,BOB,,1995-05-06 00:00:00,900,11.5,80.0,2.0, 996, 30, 6,DD,1002,3x4,1995,,
1.0,BOB,,1995-05-06 00:00:00,1200,12.0,79.5,-,-,-,-,D,Over,land,1995,,
1.0,BOB,,1995-05-06 00:00:00,1800,12.5,78.5,-,-,-,-,D,-,-,1995,,
2.0,BOB,,1995-05-08 00:00:00,900,14.5,81.5,1.5, 998, 25, 4,D,1002,3x2,1995,,
2.0,BOB,,1995-05-08 00:00:00,1200,15.0,81.5,1.5, 998, 25, 4,D,1002,3x3,1995,,
2.0,BOB,,1995-05-08 00:00:00,1800,15.5,81.5,1.5, 998, 25, 4,D,1002,3x3,1995,,
2.0,BOB,,1995-05-09 00:00:00,0,15.5,81.5,1.5, 998, 25, 4,D,1002,3x3,1995,,
2.0,BOB,,1995-05-09 00:00:00,300,16.0,82.5,1.5, 998, 25, 4,D,1002,4x3,1995,,
2.0,BOB,,1995-05-09 00:00:00,600,16.5,82.5,1.5, 997, 25, 5,D,1002,4x3,1995,,
2.0,BOB,,1995-05-09 00:00:00,900,16.5,82.5,2.0, 996, 30, 6,DD,1002,4x3,1995,,
2.0,BOB,,1995-05-09 00:00:00,1200,16.5,82.5,2.0, 996, 30, 6,DD,1002,4x4,1995,,
2.0,BOB,,1995-05-09 00:00:00,1800,17.5,82.5,-,-,30,-,DD ,Over,land,1995,,
2.0,BOB,,1995-05-10 00:00:00,0,18.0,82.5,-,-, 25,-,D,Over,land,1995,,
2.0,BOB,,1995-05-10 00:00:00,300,18.5,82.5,-,-, 25,-,D,Over,land,1995,,
2.0,BOB,,1995-05-10 00:00:00,600,19.0,82.5,-,-, 25,-,D,Over,land,1995,,
2.0,BOB,,1995-05-10 00:00:00,900,19.0,83.5,-,-, 25,-,D,Over,land,1995,,
3.0,BOB,,1995-05-14 00:00:00,1800,19.5,86.5,1.5, 998, 25, 4,D,1002,3x3,1995,,
3.0,BOB,,1995-05-15 00:00:00,0,20.0,86.8,1.5, 997, 25, 5,D,1002,3x3,1995,,
3.0,BOB,,1995-05-15 00:00:00,300,20.5,87.0,2.0, 996, 30, 6,DD,1002,4x3,1995,,
3.0,BOB,,1995-05-15 00:00:00,600,21.0,87.3,2.0, 996, 30, 6,DD,1002,4x3,1995,,
3.0,BOB,,1995-05-15 00:00:00,1200,21.5,87.5,2.0, 996, 30, 6,DD,1002,4x4,1995,,
3.0,BOB,,1995-05-15 00:00:00,1800,21.5,88.0,2.0, 996, 30, 6,DD,1002,4x4,1995,,
3.0,BOB,,1995-05-16 00:00:00,0,22.0,88.5,2.0, 996, 30, 6,DD,1002,4x4,1995,,
3.0,BOB,,1995-05-16 00:00:00,300,22.0,88.5,2.0, 996, 30, 6,DD,1002,4x4,1995,,
3.0,BOB,,1995-05-16 00:00:00,600,22.5,89.5,-,-, 30,-,DD,Over,land,1995,,
3.0,BOB,,1995-05-16 00:00:00,1200,23.0,89.5,-,-, 30,-,DD,Over,land,1995,,
3.0,BOB,,1995-05-16 00:00:00,1800,23.7,90.5,-,-, 30,-,DD,Over,land,1995,,
3.0,BOB,,1995-05-17 00:00:00,0,24.0,91.0,-,-, 30,-,DD,Over,land,1995,,
3.0,BOB,,1995-05-17 00:00:00,300,24.5,91.5,-,-, 30,-,DD,Over,land,1995,,
3.0,BOB,,1995-05-17 00:00:00,600,25.0,92.0,-,-, 25,-,D,Over,land,1995,,
3.0,BOB,,1995-05-17 00:00:00,1200,25.5,92.5,-,-, 25,-,D,Over,land,1995,,
3.0,BOB,,1995-05-17 00:00:00,1800,26.0,93.0,-,-, 25,-,D,Over,land,1995,,
3.0,BOB,,1995-05-18 00:00:00,0,26.0,93.0,,    ,0,-,D,Over,land,1995,,
4.0,BOB,,1995-09-16 00:00:00,300,19.0,90.0,1.5, 998, 25, 4,D,1002,3x3,1995,,
4.0,BOB,,1995-09-16 00:00:00,600,19.5,89.5,1.5, 998, 25, 4,D,1002,3x3,1995,,
4.0,BOB,,1995-09-16 00:00:00,1200,20.0,89.0,1.5, 998, 25, 4,D,1002,3x3,1995,,
4.0,BOB,,1995-09-16 00:00:00,1800,21.0,88.0,1.5, 998, 25, 4,D,1002,4x3,1995,,
4.0,BOB,,1995-09-17 00:00:00,0,21.0,87.5,1.5, 998, 25, 4,D,1002,4x3,1995,,
4.0,BOB,,1995-09-17 00:00:00,300,21.8,86.8,-,-, 25,-,D Over   land,land,,1995,,
4.0,BOB,,1995-09-17 00:00:00,600,22.0,86.5,-,-, 25,-,D Over   land,land,,1995,,
4.0,BOB,,1995-09-17 00:00:00,1200,23.4,85.3,-,-, 25,-,D Over   land,land,,1995,,
5.0,BOB,,1995-09-26 00:00:00,300,21.5,87.5,1.5,1000, 25, 4,D,1004,4x3,1995,,
5.0,BOB,,1995-09-26 00:00:00,600,21.8,87.0,-,-,-,-,D Over    land,,,1995,,
5.0,BOB,,1995-09-26 00:00:00,1200,22.0,86.5,-,-,-,-,D Over   land,,,1995,,
5.0,BOB,,1995-09-26 00:00:00,1800,22.5,86.0,-,-,-,-,D Over   land,,,1995,,
5.0,BOB,,1995-09-27 00:00:00,0,23.0,86.0,-,-,-,-,D Over   land,,,1995,,
5.0,BOB,,1995-09-27 00:00:00,300,23.0,86.0,-,-,-,-,D Over   land,,,1995,,
5.0,BOB,,1995-09-27 00:00:00,600,23.5,86.5,-,-,-,-,D Over   land,,,1995,,
5.0,BOB,,1995-09-27 00:00:00,1200,24.0,87.0,-,-,-,-,D Over   land,,,1995,,
5.0,BOB,,1995-09-27 00:00:00,1800,24.0,87.0,-,-,-,-,D Over   land,,,1995,,
5.0,BOB,,1995-09-28 00:00:00,0,24.0,87.0,-,-,-,-,D Over   land,,,1995,,
5.0,BOB,,1995-09-28 00:00:00,300,24.0,87.0,-,-,-,-,D Over   land,,,1995,,
6.0,ARB,,1995-10-12 00:00:00,1200,16.5,70.0,1.5,1008, 25, 2,D,1010,3x2,1995,,
6.0,ARB,,1995-10-12 00:00:00,1800,16.7,69.5,1.5,1007, 25, 3,D,1010,3x3,1995,,
6.0,ARB,,1995-10-13 00:00:00,0,17.0,69.0,1.5,1006, 25, 4,D,1010,4x3,1995,,
6.0,ARB,,1995-10-13 00:00:00,300,17.0,69.0,1.5,1006, 25, 4,D,1010,4x3,1995,,
6.0,ARB,,1995-10-13 00:00:00,600,17.0,69.0,1.5,1006, 25, 4,D,1010,4x3,1995,,
6.0,ARB,,1995-10-13 00:00:00,1200,17.0,68.5,2.0,1004, 30, 6,DD,1010,4x3,1995,,
6.0,ARB,,1995-10-13 00:00:00,1800,17.3,68.0,2.0,1004, 30, 6,DD,1010,4x4,1995,,
6.0,ARB,,1995-10-14 00:00:00,0,17.5,67.5,2.5,1000, 35, 8,CS,1008,4x4,1995,,
6.0,ARB,,1995-10-14 00:00:00,300,17.5,67.5,2.5,1000, 35, 8,CS,1008,4x4,1995,,
6.0,ARB,,1995-10-14 00:00:00,600,18.0,67.0,2.5,1000, 35, 8,CS,1008,4x4,1995,,
6.0,ARB,,1995-10-14 00:00:00,1200,18.0,67.0,3.0, 998, 45,10,CS,1008,4x4,1995,,
6.0,ARB,,1995-10-14 00:00:00,1800,18.0,67.0,3.0, 996, 45,12,CS,1008,4x4,1995,,
6.0,ARB,,1995-10-15 00:00:00,0,18.0,67.0,2.5,1000, 35, 8,CS,1008,4x3,1995,,
6.0,ARB,,1995-10-15 00:00:00,300,18.0,67.0,2.5,1000, 35, 8,CS,1008,4x3,1995,,
6.0,ARB,,1995-10-15 00:00:00,600,18.0,67.0,2.5,1000, 35, 8,CS,1008,4x3,1995,,
6.0,ARB,,1995-10-15 00:00:00,1200,18.5,66.0,2.5,1000, 35, 8,CS,1008,4x3,1995,,
6.0,ARB,,1995-10-15 00:00:00,1800,18.5,66.0,2.5,1000, 35, 8,CS,1008,4x3,1995,,
6.0,ARB,,1995-10-16 00:00:00,0,19.0,66.0,2.5,1000, 35, 8,CS,1008,4x3,1995,,
6.0,ARB,,1995-10-16 00:00:00,300,19.0,65.5,2.5,1000, 35, 8,CS,1008,4x3,1995,,
6.0,ARB,,1995-10-16 00:00:00,600,19.0,65.5,2.5,1000, 35, 8,CS,1008,4x3,1995,,
6.0,ARB,,1995-10-16 00:00:00,1200,19.5,65.0,2.0,1002, 30, 6,DD,1008,3x3,1995,,
6.0,ARB,,1995-10-16 00:00:00,1800,19.5,65.0,2.0,1002, 30, 6,DD,1008,3x3,1995,,
6.0,ARB,,1995-10-17 00:00:00,0,19.5,65.0,2.0,1002, 30, 6,DD,1008,3x3,1995,,
6.0,ARB,,1995-10-17 00:00:00,300,19.5,64.5,1.5,1004, 25, 4,D,1008,3x3,1995,,
6.0,ARB,,1995-10-17 00:00:00,600,19.5,64.0,1.5,1004, 25, 4,D,1008,3x2,1995,,
6.0,ARB,,1995-10-17 00:00:00,1200,19.5,63.5,1.5,1004, 25, 4,D,1008,3x2,1995,,
7.0,BOB,,1995-11-07 00:00:00,300,11.0,91.5,1.5,1000, 25, 4,D,1004,3x3,1995,,
7.0,BOB,,1995-11-07 00:00:00,600,11.5,91.0,1.5,1000, 25, 4,D,1004,3x3,1995,,
7.0,BOB,,1995-11-07 00:00:00,1200,12.5,89.5,2.0, 996, 30, 6,DD,1004,4x3,1995,,
7.0,BOB,,1995-11-07 00:00:00,1800,13.0,89.0,2.0, 996, 30, 6,DD,1004,4x4,1995,,
7.0,BOB,,1995-11-08 00:00:00,0,13.0,88.5,2.5, 996, 35, 8,CS,1004,4x4,1995,,
7.0,BOB,,1995-11-08 00:00:00,300,13.5,87.5,3.0, 996, 45,10,CS,1006,4x4,1995,,
7.0,BOB,,1995-11-08 00:00:00,600,14.0,86.5,3.0, 996, 45,10,CS,1006,4x4,1995,,
7.0,BOB,,1995-11-08 00:00:00,1200,15.5,85.5,3.5, 990, 55,16,SCS,1006,4x4,1995,,
7.0,BOB,,1995-11-08 00:00:00,1800,17.0,85.2,4.0, 984, 65,22,VSCS,1006,5x5,1995,,
7.0,BOB,,1995-11-09 00:00:00,0,18.0,85.1,4.0, 984, 65,22,VSCS,1006,5x5,1995,,
7.0,BOB,,1995-11-09 00:00:00,300,19.0,85.0,4.5, 978, 77,30,VSCS,1008,4x4,1995,,
7.0,BOB,,1995-11-09 00:00:00,600,19.5,85.0,-,-,-,-,SCS ,Over ,land,1995,,
7.0,BOB,,1995-11-09 00:00:00,1200,21.0,85.0,-,-,-,-,CS,Over ,land,1995,,
7.0,BOB,,1995-11-09 00:00:00,1800,22.5,85.0,-,-,-,-,CS,Over ,land,1995,,
7.0,BOB,,1995-11-10 00:00:00,0,24.0,85.0,-,-,-,-,CS,Over ,land,1995,,
7.0,BOB,,1995-11-10 00:00:00,300,24.5,85.0,-,-,-,-,DD,Over ,land,1995,,
7.0,BOB,,1995-11-10 00:00:00,600,25.5,85.0,-,-,-,-,DD,Over ,land,1995,,
7.0,BOB,,1995-11-10 00:00:00,900,26.5,85.0,-,-,-,-,D,Over ,land,1995,,
8.0,BOB,,1995-11-21 00:00:00,1200,6.5,91.0,1.5,1002, 25, 4,D,1006,3x3,1995,,
8.0,BOB,,1995-11-21 00:00:00,1800,7.0,90.5,1.5,1002, 25, 4,D,1006,4x3,1995,,
8.0,BOB,,1995-11-22 00:00:00,0,7.5,90.0,1.5,1002, 25, 4,D,1006,4x4,1995,,
8.0,BOB,,1995-11-22 00:00:00,300,7.5,90.0,2.0,1000, 30, 6,DD,1006,4x4,1995,,
8.0,BOB,,1995-11-22 00:00:00,600,8.0,89.0,2.0,1000, 30, 6,DD,1006,5x4,1995,,
8.0,BOB,,1995-11-22 00:00:00,900,-,-,-,-,-,-,-,-,-,1995,,
8.0,BOB,,1995-11-22 00:00:00,1200,8.5,88.5,2.5, 998, 35, 8,CS,1006,5x5,1995,,
8.0,BOB,,1995-11-22 00:00:00,1800,9.5,87.5,3.0, 994, 45,12,CS,1006,5x5,1995,,
8.0,BOB,,1995-11-23 00:00:00,0,10.0,86.5,3.0, 994, 45,12,CS,1006,5x5,1995,,
8.0,BOB,,1995-11-23 00:00:00,300,10.0,86.0,3.5, 990, 55,16,SCS,1006,5x5,1995,,
8.0,BOB,,1995-11-23 00:00:00,600,10.5,85.5,3.5, 990, 55,16,SCS,1006,5x5,1995,,
8.0,BOB,,1995-11-23 00:00:00,1200,11.0,85.0,3.5, 988, 55,18,SCS,1006,5x5,1995,,
8.0,BOB,,1995-11-23 00:00:00,1800,12.0,85.0,4.0, 984, 65,22,VSCS,1006,5x5,1995,,
8.0,BOB,,1995-11-24 00:00:00,0,13.5,85.0,4.5, 976, 77,30,VSCS,1006,5x5,1995,,
8.0,BOB,,1995-11-24 00:00:00,300,14.5,85.0,5.0, 964, 90,42,ESCS,1006,5x5,1995,,
8.0,BOB,,1995-11-24 00:00:00,600,15.0,85.0,5.0, 960, 90,46,ESCS,1006,5x5,1995,,
8.0,BOB,,1995-11-24 00:00:00,1200,16.5,86.5,5.5, 956,102, 5.2,ESCS,1008,5x5,1995,,
8.0,BOB,,1995-11-24 00:00:00,1800,18.0,88.8,5.0, 962, 90,46,ESCS,1008,5x4,1995,,
8.0,BOB,,1995-11-25 00:00:00,0,19.0,89.0,4.5, 970, 77,36,VSCS,1004,4x4,1995,,
8.0,BOB,,1995-11-25 00:00:00,300,20.0,90.5,4.5, 972, 77,34,VSCS,1006,4x4,1995,,
8.0,BOB,,1995-11-25 00:00:00,600,21.0,92.0,4.0, 978, 65,28,SCS,1006,4x4,1995,,
1.0,BOB,,1996-05-07 00:00:00,300,19.0,89.0,1.0,1004, 15,-,D,,,1996,,
1.0,BOB,,1996-05-07 00:00:00,600,19.0,89.0,1.5,1002, 25,-,D,,,1996,,
1.0,BOB,,1996-05-07 00:00:00,1200,20.0,89.5,1.5,1002, 25,-,D,,,1996,,
1.0,BOB,,1996-05-07 00:00:00,1800,20.5,90.5,2.0,1000, 30,-,DD,,,1996,,
1.0,BOB,,1996-05-08 00:00:00,0,21.5,92.5,2.0,1000, 30,-,DD,    ,,1996,,
2.0,BOB,,1996-06-12 00:00:00,1200,11.0,86.0,1.5, 998, 25,-,D,    ,,1996,,
2.0,BOB,,1996-06-12 00:00:00,1800,11.5,85.0,1.5, 998, 25,-,D,    ,,1996,,
2.0,BOB,,1996-06-13 00:00:00,0,12.0,84.0,1.5, 998, 25,-,D,    ,,1996,,
2.0,BOB,,1996-06-13 00:00:00,300,12.5,83.0,2.0, 996, 30,-,DD,,,1996,,
2.0,BOB,,1996-06-13 00:00:00,600,12.7,83.0,2.0, 996, 30,-,DD,    ,,1996,,
2.0,BOB,,1996-06-13 00:00:00,1200,13.0,82.0,2.0, 996, 30,-,DD,    ,,1996,,
2.0,BOB,,1996-06-13 00:00:00,1800,13.5,81.0,2.0, 996, 30,-,DD,    ,,1996,,
2.0,BOB,,1996-06-14 00:00:00,0,13.5,80.5,2.5, 994, 35,-,CS,    ,,1996,,
2.0,BOB,,1996-06-14 00:00:00,300,14.0,80.5,2.5, 994, 35,-,CS,,,1996,,
2.0,BOB,,1996-06-14 00:00:00,600,14.5,80.8,2.5, 994, 35,-,CS,    ,,1996,,
2.0,BOB,,1996-06-14 00:00:00,1200,15.0,81.0,2.5, 994, 35,-,CS,    ,,1996,,
2.0,BOB,,1996-06-14 00:00:00,1800,16.0,82.0,2.5, 994, 35,-,CS,    ,,1996,,
2.0,BOB,,1996-06-15 00:00:00,0,16.5,82.5,2.5, 994, 35,-,CS,    ,,1996,,
2.0,BOB,,1996-06-15 00:00:00,300,16.5,82.5,2.5, 994, 35,-,CS,,,1996,,
2.0,BOB,,1996-06-15 00:00:00,600,16.8,83.0,2.5, 992, 35,-,CS,    ,,1996,,
2.0,BOB,,1996-06-15 00:00:00,1200,17.0,83.5,3.0, 992, 45,-,CS,    ,,1996,,
2.0,BOB,,1996-06-15 00:00:00,1800,17.0,83.5,3.0, 992, 45,-,CS,    ,,1996,,
2.0,BOB,,1996-06-16 00:00:00,0,17.3,83.5,3.0, 992, 45,-,CS,    ,,1996,,
2.0,BOB,,1996-06-16 00:00:00,300,17.5,83.5,3.0, 992, 45,-,CS,,,1996,,
3.0,ARB,,1996-06-17 00:00:00,900,17.5,69.5,1.5, 990, 25,-,D,    ,,1996,,
3.0,ARB,,1996-06-17 00:00:00,1200,18.0,69.5,1.5, 988, 25,-,D,    ,,1996,,
3.0,ARB,,1996-06-17 00:00:00,1800,18.0,69.5,2.0, 986, 30,-,DD,    ,,1996,,
3.0,ARB,,1996-06-18 00:00:00,0,18.8,70.3,2.0, 986, 30,-,DD,    ,,1996,,
3.0,ARB,,1996-06-18 00:00:00,300,19.0,70.5,2.0, 984, 30,-,DD,    ,,1996,,
3.0,ARB,,1996-06-18 00:00:00,600,19.5,70.5,2.0, 984, 30,-,DD,    ,,1996,,
3.0,ARB,,1996-06-18 00:00:00,900,19.5,70.5,2.5, 982, 35,-,CS,    ,,1996,,
3.0,ARB,,1996-06-18 00:00:00,1200,20.0,70.5,3.0, 980, 45,-,CS,    ,,1996,,
3.0,ARB,,1996-06-18 00:00:00,1800,20.5,70.5,3.5, 976, 55,-,SCS,    ,,1996,,
3.0,ARB,,1996-06-19 00:00:00,0,20.8,70.8,3.5, 972, 60,-,SCS,    ,,1996,,
5.0,BOB,,1996-10-01 00:00:00,300,15.0,82.0,1.5,1002, 25,-,D,    ,,1996,,
5.0,BOB,,1996-10-01 00:00:00,600,15.0,81.5,1.5,1002, 25,-,D,    ,,1996,,
5.0,BOB,,1996-10-01 00:00:00,1200,15.0,80.5,1.5,1000, 25,-,D,    ,,1996,,
5.0,BOB,,1996-10-01 00:00:00,1800,15.0,80.0,1.5,1000, 25,-,D,    ,,1996,,
5.0,BOB,,1996-10-02 00:00:00,0,15.5,79.5,-,-,-,-,D Over,land,,1996,,
5.0,BOB,,1996-10-02 00:00:00,300,15.5,79.0,-,-,-,-,D,    ,,1996,,
5.0,BOB,,1996-10-02 00:00:00,600,16.0,78.5,-,-,-,-,D,    ,,1996,,
6.0,ARB,,1996-10-22 00:00:00,900,14.0,69.0,1.5,1000, 25,-,D,,,1996,,
6.0,ARB,,1996-10-22 00:00:00,1200,14.5,69.5,1.5,1000, 25,-,D,,,1996,,
6.0,ARB,,1996-10-22 00:00:00,1800,14.5,69.5,2.0,1000, 30,-,DD,,,1996,,
6.0,ARB,,1996-10-23 00:00:00,0,15.0,70.0,2.0,1000, 30,-,DD,    ,,1996,,
6.0,ARB,,1996-10-23 00:00:00,300,15.0,70.0,2.0,1000, 30,-,DD,,,1996,,
6.0,ARB,,1996-10-23 00:00:00,600,15.5,70.5,2.0,1000, 30,-,DD,    ,,1996,,
6.0,ARB,,1996-10-23 00:00:00,900,15.5,70.5,2.5, 998, 35,-,CS,,,1996,,
6.0,ARB,,1996-10-23 00:00:00,1200,16.0,70.5,3.0, 998, 45,-,CS,    ,,1996,,
6.0,ARB,,1996-10-23 00:00:00,1800,16.5,70.5,3.5, 996, 55,-,SCS,    ,,1996,,
6.0,ARB,,1996-10-24 00:00:00,0,17.8,70.5,3.5, 996, 55,-,SCS,    ,,1996,,
6.0,ARB,,1996-10-24 00:00:00,300,18.0,70.5,3.5, 994, 60,-,SCS,,,1996,,
6.0,ARB,,1996-10-24 00:00:00,600,18.0,70.5,3.5, 994, 60,-,SCS,    ,,1996,,
6.0,ARB,,1996-10-24 00:00:00,1200,19.0,70.0,3.5, 994, 55,-,SCS,    ,,1996,,
6.0,ARB,,1996-10-24 00:00:00,1800,19.0,70.0,3.5, 994, 55,-,SCS,    ,,1996,,
6.0,ARB,,1996-10-25 00:00:00,0,19.5,70.0,3.0, 996, 45,-,CS,    ,,1996,,
6.0,ARB,,1996-10-25 00:00:00,300,20.0,70.0,2.5, 998, 35,-,CS,,,1996,,
6.0,ARB,,1996-10-25 00:00:00,600,20.0,70.0,2.0,1000, 30,-,DD,    ,,1996,,
6.0,ARB,,1996-10-25 00:00:00,1200,20.0,70.0,1.5,1002, 25,-,D,    ,,1996,,
6.0,ARB,,1996-10-26 00:00:00,0,20.0,70.0,1.5,1002, 25,-,D,    ,,1996,,
6.0,ARB,,1996-10-26 00:00:00,300,20.0,70.0,1.5,1002, 25,-,D,,,1996,,
6.0,ARB,,1996-10-26 00:00:00,600,20.0,70.0,1.5,1002, 25,-,D,    ,,1996,,
6.0,ARB,,1996-10-26 00:00:00,1200,20.0,70.0,1.5,1002, 25,-,D,    ,,1996,,
6.0,ARB,,1996-10-26 00:00:00,1800,20.0,70.0,1.5,1002, 25,-,D,    ,,1996,,
6.0,ARB,,1996-10-27 00:00:00,0,20.0,70.0,1.5,1002, 25,-,D,    ,,1996,,
6.0,ARB,,1996-10-27 00:00:00,300,19.5,70.0,1.5,1002, 25,-,D,,,1996,,
6.0,ARB,,1996-10-27 00:00:00,600,19.5,70.0,1.5,1002, 25,-,D,    ,,1996,,
6.0,ARB,,1996-10-27 00:00:00,900,19.0,70.0,1.5,1002, 25,-,D,,,1996,,
6.0,ARB,,1996-10-27 00:00:00,1200,18.5,69.5,1.5,1002, 25,-,D,    ,,1996,,
7.0,BOB,,1996-10-27 00:00:00,300,15.0,86.0,1.5,1000, 25,-,D,    ,,1996,,
7.0,BOB,,1996-10-27 00:00:00,600,15.5,85.5,1.5,1000, 25,-,D,    ,,1996,,
7.0,BOB,,1996-10-27 00:00:00,1200,16.0,85.5,1.5,1000, 25,-,D,    ,,1996,,
7.0,BOB,,1996-10-27 00:00:00,1800,17.0,86.0,2.0, 998, 30,-,DD,    ,,1996,,
7.0,BOB,,1996-10-28 00:00:00,0,18.0,87.0,2.0, 998, 30,-,DD,    ,,1996,,
7.0,BOB,,1996-10-28 00:00:00,300,19.0,87.5,2.0, 998, 30,-,DD,    ,,1996,,
7.0,BOB,,1996-10-28 00:00:00,600,20.0,88.0,2.0, 998, 30,-,DD,    ,,1996,,
7.0,BOB,,1996-10-28 00:00:00,1200,21.5,89.0,2.0, 998, 30,-,DD,    ,,1996,,
7.0,BOB,,1996-10-28 00:00:00,1800,22.0,89.5,2.0, 998, 30,-,DD,    ,,1996,,
7.0,BOB,,1996-10-29 00:00:00,0,23.5,90.0,,    ,0,,D Over,land,,1996,,
8.0,BOB,,1996-11-04 00:00:00,1500,16.0,88.0,1.5,1002, 25,-,D,    ,,1996,,
8.0,BOB,,1996-11-04 00:00:00,1800,16.0,87.5,1.5,1002, 25,-,D,    ,,1996,,
8.0,BOB,,1996-11-05 00:00:00,0,16.0,87.0,1.5,1002, 25,-,D,    ,,1996,,
8.0,BOB,,1996-11-05 00:00:00,300,16.0,86.5,2.0,1000, 30,-,DD,    ,,1996,,
8.0,BOB,,1996-11-05 00:00:00,600,16.0,86.5,2.0,1000, 30,-,DD,    ,,1996,,
8.0,BOB,,1996-11-05 00:00:00,900,16.0,86.0,2.5, 992, 35,-,CS,    ,,1996,,
8.0,BOB,,1996-11-05 00:00:00,1200,16.0,85.5,3.0, 992, 45,-,CS,    ,,1996,,
8.0,BOB,,1996-11-05 00:00:00,1800,16.0,85.0,3.0, 992, 45,-,CS,    ,,1996,,
8.0,BOB,,1996-11-06 00:00:00,0,16.0,84.5,3.0, 992, 45,-,CS,    ,,1996,,
8.0,BOB,,1996-11-06 00:00:00,100,16.1,84.1,3.5, 990, 55,-,SCS,    ,,1996,,
8.0,BOB,,1996-11-06 00:00:00,300,16.1,83.8,3.5, 990, 55,-,SCS,    ,,1996,,
8.0,BOB,,1996-11-06 00:00:00,600,16.2,83.5,4.0, 988, 65,-,VSCS,    ,,1996,,
8.0,BOB,,1996-11-06 00:00:00,900,16.3,83.0,4.5, 988, 77,-,VSCS,    ,,1996,,
8.0,BOB,,1996-11-06 00:00:00,1200,16.4,82.6,4.5, 988, 77,-,VSCS,    ,,1996,,
8.0,BOB,,1996-11-06 00:00:00,1800,16.7,82.0,3.5, 990, 55,-,SCS,    ,,1996,,
9.0,BOB,,1996-11-28 00:00:00,300,11.5,86.5,1.5,1004, 25,-,D,    ,,1996,,
9.0,BOB,,1996-11-28 00:00:00,600,12.0,86.0,1.5,1004, 25,-,D,    ,,1996,,
9.0,BOB,,1996-11-28 00:00:00,1200,12.5,85.5,1.5,1004, 25,-,D,    ,,1996,,
9.0,BOB,,1996-11-28 00:00:00,1800,13.0,85.5,1.5,1004, 25,-,D,    ,,1996,,
9.0,BOB,,1996-11-29 00:00:00,0,13.0,85.5,1.5,1004, 25,-,D,    ,,1996,,
9.0,BOB,,1996-11-29 00:00:00,300,12.5,85.0,2.0,1002, 30,-,DD,    ,,1996,,
9.0,BOB,,1996-11-29 00:00:00,600,13.0,85.5,2.0,1002, 30,-,DD,    ,,1996,,
9.0,BOB,,1996-11-29 00:00:00,1200,13.5,86.0,2.0,1002, 30,-,DD,    ,,1996,,
9.0,BOB,,1996-11-29 00:00:00,1800,14.0,87.0,2.0,1002, 30,-,DD,    ,,1996,,
9.0,BOB,,1996-11-30 00:00:00,0,14.5,87.5,2.0,1002, 30,-,DD,    ,,1996,,
9.0,BOB,,1996-11-30 00:00:00,300,14.5,87.5,2.0,1002, 30,-,DD,    ,,1996,,
9.0,BOB,,1996-11-30 00:00:00,600,15.0,88.0,2.0,1002, 30,-,DD,    ,,1996,,
9.0,BOB,,1996-11-30 00:00:00,1200,15.5,88.5,1.5,1004, 25,-,D,    ,,1996,,
9.0,BOB,,1996-11-30 00:00:00,1800,15.0,89.0,1.5,1004, 25,-,D,    ,,1996,,
9.0,BOB,,1996-12-01 00:00:00,0,14.5,89.0,1.5,1004, 25,-,D,    ,,1996,,
9.0,BOB,,1996-12-01 00:00:00,300,14.5,89.0,1.5,1004, 25,-,D,    ,,1996,,
9.0,BOB,,1996-12-01 00:00:00,600,14.5,88.5,1.5,1004, 25,-,D,    ,,1996,,
9.0,BOB,,1996-12-01 00:00:00,1200,14.5,88.5,2.0,1002, 30,-,DD,    ,,1996,,
9.0,BOB,,1996-12-01 00:00:00,1800,14.5,88.0,2.0,1002, 30,-,DD,    ,,1996,,
9.0,BOB,,1996-12-02 00:00:00,0,14.0,87.0,2.5, 996, 35,-,CS,    ,,1996,,
9.0,BOB,,1996-12-02 00:00:00,300,14.0,87.0,2.5, 996, 35,-,CS,    ,,1996,,
9.0,BOB,,1996-12-02 00:00:00,600,14.0,87.0,2.5, 994, 35,-,CS,    ,,1996,,
9.0,BOB,,1996-12-02 00:00:00,1200,14.0,86.0,2.5, 994, 35,-,CS,    ,,1996,,
9.0,BOB,,1996-12-02 00:00:00,1800,14.0,85.5,2.5, 994, 35,-,CS,    ,,1996,,
9.0,BOB,,1996-12-03 00:00:00,0,14.0,85.0,3.0, 994, 45,-,CS,    ,,1996,,
9.0,BOB,,1996-12-03 00:00:00,300,14.0,84.5,3.5, 992, 55,-,SCS,    ,,1996,,
9.0,BOB,,1996-12-03 00:00:00,600,14.3,84.0,3.5, 992, 55,-,SCS,    ,,1996,,
9.0,BOB,,1996-12-03 00:00:00,1200,14.5,83.5,4.0, 988, 65,-,VSCS,    ,,1996,,
9.0,BOB,,1996-12-03 00:00:00,1800,14.7,83.0,4.0, 986, 65,-,VSCS,    ,,1996,,
9.0,BOB,,1996-12-04 00:00:00,0,14.7,83.0,4.0, 986, 65,-,VSCS,    ,,1996,,
9.0,BOB,,1996-12-04 00:00:00,300,14.8,82.2,4.0, 986, 65,-,VSCS,    ,,1996,,
9.0,BOB,,1996-12-04 00:00:00,600,15.1,82.0,4.0, 986, 65,-,VSCS,    ,,1996,,
9.0,BOB,,1996-12-04 00:00:00,1200,15.3,81.4,4.0, 984, 65,-,VSCS,    ,,1996,,
9.0,BOB,,1996-12-04 00:00:00,1800,15.5,81.4,4.0, 990, 65,-,VSCS,    ,,1996,,
9.0,BOB,,1996-12-05 00:00:00,0,15.0,81.3,3.5, 992, 55,-,SCS,    ,,1996,,
9.0,BOB,,1996-12-05 00:00:00,300,14.5,82.0,3.5, 994, 55,-,SCS,    ,,1996,,
9.0,BOB,,1996-12-05 00:00:00,600,14.5,81.7,3.0, 994, 45,-,CS,    ,,1996,,
9.0,BOB,,1996-12-05 00:00:00,1200,14.3,81.7,3.0, 994, 45,-,CS,    ,,1996,,
9.0,BOB,,1996-12-05 00:00:00,1800,14.0,81.5,3.0, 994, 45,-,CS,    ,,1996,,
9.0,BOB,,1996-12-06 00:00:00,0,13.7,81.2,3.0, 994, 45,-,CS,    ,,1996,,
9.0,BOB,,1996-12-06 00:00:00,300,13.7,81.1,3.0, 994, 45,-,CS,    ,,1996,,
9.0,BOB,,1996-12-06 00:00:00,600,13.5,80.7,3.0, 994, 45,-,CS,    ,,1996,,
9.0,BOB,,1996-12-06 00:00:00,1200,13.2,80.5,3.0, 994,45,-,CS,    ,,1996,,
9.0,BOB,,1996-12-06 00:00:00,1800,12.0,80.0,-,-,-,-,CS,Over,land,1996,,
1.0,BOB,,1998-05-17 00:00:00,1200,14.5,88,1.5, 998, 25, 4,D,    ,,1998,,
1.0,BOB,,1998-05-17 00:00:00,1800,15.0,88.5,1.5, 998, 25, 4,D,    ,,1998,,
1.0,BOB,,1998-05-18 00:00:00,0,15.0,88.5,1.5, 998, 25, 4,D,    ,,1998,,
1.0,BOB,,1998-05-18 00:00:00,300,15.5,88.5,1.5, 998, 25, 4,D,    ,,1998,,
1.0,BOB,,1998-05-18 00:00:00,600,16.0,88.5,2.0, 996, 30, 6,DD,    ,,1998,,
1.0,BOB,,1998-05-18 00:00:00,900,16.5,89,2.5, 992, 35, 8,CS,    ,,1998,,
1.0,BOB,,1998-05-18 00:00:00,1200,17.0,89.5,2.5, 994, 35, 8,CS,    ,,1998,,
1.0,BOB,,1998-05-18 00:00:00,1800,18.0,89.5,2.5, 994, 35, 8,CS,    ,,1998,,
1.0,BOB,,1998-05-19 00:00:00,0,19.0,90,3.0, 990, 35,10,CS,    ,,1998,,
1.0,BOB,,1998-05-19 00:00:00,300,19.5,90.5,3.0, 990, 35,10,CS,    ,,1998,,
1.0,BOB,,1998-05-19 00:00:00,600,20.0,90.5,3.5, 986, 55,14,SCS,    ,,1998,,
1.0,BOB,,1998-05-19 00:00:00,1200,20.5,90.5,3.5, 976, 55,14,SCS,    ,,1998,,
1.0,BOB,,1998-05-19 00:00:00,1800,21.0,91,3.5, 974, 60,18,SCS,    ,,1998,,
1.0,BOB,,1998-05-20 00:00:00,0,21.5,91.5,3.5, 972, 60,18,SCS,    ,,1998,,
2.0,ARB,,1998-06-04 00:00:00,600,10.5,69.5,1.5,1004, 25, 4,D,    ,,1998,,
2.0,ARB,,1998-06-04 00:00:00,1200,11.0,69,2.0,1004, 30, 6,DD,    ,,1998,,
2.0,ARB,,1998-06-05 00:00:00,300,11.0,70,2.0,1004, 30, 6,DD,    ,,1998,,
2.0,ARB,,1998-06-05 00:00:00,600,11.5,70.5,2.0,1000, 30, 6,DD,    ,,1998,,
2.0,ARB,,1998-06-05 00:00:00,900,12.5,70,2.5, 998, 35, 8,CS,    ,,1998,,
2.0,ARB,,1998-06-05 00:00:00,1200,12.0,70,2.5, 998, 35, 8,CS,    ,,1998,,
2.0,ARB,,1998-06-05 00:00:00,1800,12.0,69.5,2.5, 996, 35, 8,CS,    ,,1998,,
2.0,ARB,,1998-06-06 00:00:00,0,12.5,69,2.5, 996, 35, 8,CS,    ,,1998,,
2.0,ARB,,1998-06-06 00:00:00,300,12.5,69,3.0, 996, 45,10,CS,    ,,1998,,
2.0,ARB,,1998-06-06 00:00:00,600,12.5,69,3.5, 989, 55,15,SCS,    ,,1998,,
2.0,ARB,,1998-06-06 00:00:00,1200,13.0,69,3.5, 987, 55,15,SCS,    ,,1998,,
2.0,ARB,,1998-06-06 00:00:00,1800,13.5,68.5,3.5, 991, 55,15,SCS,    ,,1998,,
2.0,ARB,,1998-06-07 00:00:00,0,14.0,68,3.5, 989, 55,15,SCS,    ,,1998,,
2.0,ARB,,1998-06-07 00:00:00,300,14.5,68,3.5, 989, 55,15,SCS,    ,,1998,,
2.0,ARB,,1998-06-07 00:00:00,600,15.0,68,3.5, 989, 55,15,SCS,    ,,1998,,
2.0,ARB,,1998-06-07 00:00:00,900,15.5,68,4.0, 979, 65,21,SCS,    ,,1998,,
2.0,ARB,,1998-06-07 00:00:00,1200,16.0,68,4.5, 970, 80,30,VSCS,    ,,1998,,
2.0,ARB,,1998-06-07 00:00:00,1800,16.5,68,4.5, 970, 80,30,VSCS,    ,,1998,,
2.0,ARB,,1998-06-08 00:00:00,0,17.5,68,4.5, 970, 80,30,VSCS,    ,,1998,,
2.0,ARB,,1998-06-08 00:00:00,300,18.0,67.5,4.5, 970, 80,30,VSCS,    ,,1998,,
2.0,ARB,,1998-06-08 00:00:00,600,18.5,68,5.0, 970, 90,40,ESCS,    ,,1998,,
2.0,ARB,,1998-06-08 00:00:00,1200,19.5,68,5.0, 958, 90,40,ESCS,    ,,1998,,
2.0,ARB,,1998-06-08 00:00:00,1800,20.5,68.5,5.0,958,90,40,ESCS,    ,,1998,,
2.0,ARB,,1998-06-09 00:00:00,0,21.5,69,5.0, 958,90,40,ESCS,    ,,1998,,
2.0,ARB,,1998-06-09 00:00:00,300,22.0,69.5,-,968,80,30,VSCS,Over,land,1998,,
2.0,ARB,,1998-06-09 00:00:00,600,22.5,69.5,4.5,970,75,22,VSCS,,,1998,,
2.0,ARB,,1998-06-09 00:00:00,1200,23.5,70.5,-,982,55,12,SCS,Over,land,1998,,
2.0,ARB,,1998-06-09 00:00:00,1800,24.5,71.5,-,990,40,8,CS,    ,,1998,,
2.0,ARB,,1998-06-10 00:00:00,0,26.0,73,-,992,30,6,DD,    ,,1998,,
2.0,ARB,,1998-06-10 00:00:00,300,26.5,73.5,-,994,30,5,DD,    ,,1998,,
2.0,ARB,,1998-06-10 00:00:00,600,27.0,74,-,995,30,5,DD,    ,,1998,,
2.0,ARB,,1998-06-10 00:00:00,900,27.5,75,-,996,25,3,D,    ,,1998,,
3.0,BOB,,1998-06-13 00:00:00,1500,17.5,87.5,1.5, 994, 25, 4,D,    ,,1998,,
3.0,BOB,,1998-06-13 00:00:00,1800,17.5,86,2.0, 995, 30, 5,DD,    ,,1998,,
3.0,BOB,,1998-06-14 00:00:00,0,17.5,85,2.0, 995, 30, 5,DD,    ,,1998,,
3.0,BOB,,1998-06-14 00:00:00,300,17.5,84.5,2.0, 995, 30, 5,DD,    ,,1998,,
3.0,BOB,,1998-06-14 00:00:00,600,17.5,83.5,2.0, 995, 30, 5,DD,    ,,1998,,
3.0,BOB,,1998-06-14 00:00:00,1200,17.5,83,2.0, 992, 30, 6,DD,    ,,1998,,
4.0,ARB,,1998-10-06 00:00:00,1200,14.0,69,1.5,1002, 25, 4,D,    ,,1998,,
4.0,ARB,,1998-10-06 00:00:00,1800,14.0,69,1.5,1002, 25, 4,D,    ,,1998,,
4.0,ARB,,1998-10-07 00:00:00,0,14.0,69,1.5,1002, 25, 4,D,    ,,1998,,
4.0,ARB,,1998-10-07 00:00:00,300,14.0,69,1.5,1004, 25, 4,D,    ,,1998,,
4.0,ARB,,1998-10-07 00:00:00,600,14.0,68,1.5,1002, 25, 4,D,    ,,1998,,
4.0,ARB,,1998-10-07 00:00:00,1200,14.0,68,1.5,1000, 25, 4,D,    ,,1998,,
4.0,ARB,,1998-10-07 00:00:00,1800,14.0,67.5,1.5,1002, 25, 4,D,    ,,1998,,
4.0,ARB,,1998-10-08 00:00:00,0,14.0,67,2.0,1000, 30, 6,DD,    ,,1998,,
4.0,ARB,,1998-10-08 00:00:00,300,14.0,67,2.0,1002, 30, 6,DD,    ,,1998,,
4.0,ARB,,1998-10-08 00:00:00,600,14.0,67,2.0,1002, 30, 6,DD,    ,,1998,,
4.0,ARB,,1998-10-08 00:00:00,1200,14.0,66,2.0, 998, 30, 6,DD,    ,,1998,,
4.0,ARB,,1998-10-08 00:00:00,1800,15.0,65.5,2.0,1002, 30, 6,DD,    ,,1998,,
4.0,ARB,,1998-10-09 00:00:00,0,15.0,64.5,2.0,1000, 30, 6,DD,    ,,1998,,
4.0,ARB,,1998-10-09 00:00:00,300,15.0,64.5,2.0,1002, 30, 6,DD,    ,,1998,,
4.0,ARB,,1998-10-09 00:00:00,600,15.0,64,2.0,1002, 30, 6,DD,    ,,1998,,
4.0,ARB,,1998-10-09 00:00:00,1200,15.0,63.5,1.5,1004, 25, 4,D,    ,,1998,,
5.0,ARB,,1998-10-11 00:00:00,1200,14.0,67.5,1.5,1002, 25, 4,D,    ,,1998,,
5.0,ARB,,1998-10-11 00:00:00,1800,15.0,66.5,1.5,1002, 25, 4,D,    ,,1998,,
5.0,ARB,,1998-10-12 00:00:00,0,15.0,66,1.5,1000, 25, 4,D,    ,,1998,,
5.0,ARB,,1998-10-12 00:00:00,300,14.5,66.5,1.5,1000, 25, 4,D,    ,,1998,,
5.0,ARB,,1998-10-12 00:00:00,600,15.0,65,1.5,1000, 25, 4,D,    ,,1998,,
5.0,ARB,,1998-10-12 00:00:00,900,14.5,66.5,2.0, 998, 30, 6,DD,    ,,1998,,
5.0,ARB,,1998-10-12 00:00:00,1200,15.0,66,2.0, 998, 30, 6,DD,    ,,1998,,
5.0,ARB,,1998-10-12 00:00:00,1800,15.0,65.5,2.0, 998, 30, 6,DD,    ,,1998,,
5.0,ARB,,1998-10-13 00:00:00,0,15.0,65.5,2.0, 998, 30, 6,DD,    ,,1998,,
5.0,ARB,,1998-10-13 00:00:00,300,15.5,65,1.5, 998, 30, 6,DD,    ,,1998,,
5.0,ARB,,1998-10-13 00:00:00,600,15.5,64.5,1.5, 998, 30, 6,DD,    ,,1998,,
5.0,ARB,,1998-10-13 00:00:00,1200,16.0,64,1.5, 998, 25, 6,D,    ,,1998,,
5.0,ARB,,1998-10-13 00:00:00,1800,16.0,64,1.5,1000, 25, 4,D,    ,,1998,,
5.0,ARB,,1998-10-14 00:00:00,0,16.5,63.5,1.5,1002, 25, 4,D,    ,,1998,,
5.0,ARB,,1998-10-14 00:00:00,300,17.0,63,1.5,1004, 25, 4,D,    ,,1998,,
5.0,ARB,,1998-10-14 00:00:00,600,17.0,62.5,1.5,1004, 25, 4,D,    ,,1998,,
5.0,ARB,,1998-10-14 00:00:00,1200,17.5,62,1.5,1004, 25, 4,D,    ,,1998,,
5.0,ARB,,1998-10-14 00:00:00,1800,16.5,61,1.5,1000, 25, 4,D,    ,,1998,,
5.0,ARB,,1998-10-15 00:00:00,0,16.5,62.5,1.5,1000, 25, 4,D,    ,,1998,,
5.0,ARB,,1998-10-15 00:00:00,300,16.0,63,1.5,1000, 25, 4,D,    ,,1998,,
5.0,ARB,,1998-10-15 00:00:00,600,16.0,63.5,1.5, 998, 25, 4,D,    ,,1998,,
5.0,ARB,,1998-10-15 00:00:00,1200,16.5,64,2.0, 994, 30, 6,DD,    ,,1998,,
5.0,ARB,,1998-10-15 00:00:00,1800,16.5,64,2.0, 996, 30, 6,DD,    ,,1998,,
5.0,ARB,,1998-10-16 00:00:00,0,17.0,64.5,2.0, 996, 30, 6,DD,    ,,1998,,
5.0,ARB,,1998-10-16 00:00:00,300,17.0,64.5,2.0, 996, 30, 6,DD,    ,,1998,,
5.0,ARB,,1998-10-16 00:00:00,600,18.5,66,2.0, 998, 30, 6,DD,    ,,1998,,
5.0,ARB,,1998-10-16 00:00:00,1200,19.0,68,2.5, 996, 35, 8,CS,    ,,1998,,
5.0,ARB,,1998-10-16 00:00:00,1800,20.0,69.5,2.5, 996, 35, 8,CS,    ,,1998,,
5.0,ARB,,1998-10-17 00:00:00,0,20.5,70,2.5, 998, 35, 8,CS,    ,,1998,,
6.0,BOB,,1998-10-13 00:00:00,1200,15.5,82.5,1.5,1000, 25, 4,D,    ,,1998,,
6.0,BOB,,1998-10-13 00:00:00,1800,15.5,82,2.0,1000, 30, 6,DD,    ,,1998,,
6.0,BOB,,1998-10-14 00:00:00,0,15.5,82,2.0,1000, 30, 6,DD,    ,,1998,,
6.0,BOB,,1998-10-14 00:00:00,300,15.5,82,2.0,1000, 30, 6,DD,    ,,1998,,
6.0,BOB,,1998-10-14 00:00:00,600,15.5,82,2.0,1000, 30, 6,DD,    ,,1998,,
6.0,BOB,,1998-10-14 00:00:00,1200,16.0,81.5,2.0, 998, 30, 6,DD,    ,,1998,,
6.0,BOB,,1998-10-14 00:00:00,1800,17.0,81.5,-,-,-, 4,D,    ,,1998,,
6.0,BOB,,1998-10-15 00:00:00,0,18.0,81,-,-,-, 4,D,    ,,1998,,
7.0,BOB,,1998-10-26 00:00:00,900,11.0,90,1.5,1002, 25, 4,D,    ,,1998,,
7.0,BOB,,1998-10-26 00:00:00,1200,11.5,88.5,1.5,1002, 25, 4,D,    ,,1998,,
7.0,BOB,,1998-10-26 00:00:00,1800,12.0,88,1.5,1004, 25, 4,D,    ,,1998,,
7.0,BOB,,1998-10-27 00:00:00,0,12.0,88,1.5,1004, 25, 4,D,    ,,1998,,
7.0,BOB,,1998-10-27 00:00:00,300,12.0,88,1.5,1004, 25, 4,D,    ,,1998,,
7.0,BOB,,1998-10-27 00:00:00,600,12.5,87,1.5,1004, 25, 4,D,    ,,1998,,
7.0,BOB,,1998-10-27 00:00:00,1200,13.0,87,2.0,1002, 30, 6,DD,    ,,1998,,
7.0,BOB,,1998-10-27 00:00:00,1800,13.0,86,2.0,1002, 30, 6,DD,    ,,1998,,
7.0,BOB,,1998-10-28 00:00:00,0,13.0,85.5,2.0,1002, 30, 6,DD,    ,,1998,,
7.0,BOB,,1998-10-28 00:00:00,300,13.0,85,2.0,1004, 30, 6,DD,    ,,1998,,
7.0,BOB,,1998-10-28 00:00:00,600,13.0,84.5,2.0,1004, 30, 6,DD,    ,,1998,,
7.0,BOB,,1998-10-28 00:00:00,1200,13.0,84,2.0,1004, 30, 6,DD,    ,,1998,,
7.0,BOB,,1998-10-28 00:00:00,1800,13.0,83.5,2.0,1004, 30, 6,DD,    ,,1998,,
7.0,BOB,,1998-10-29 00:00:00,0,13.0,83,2.0,1004, 30, 6,DD,    ,,1998,,
7.0,BOB,,1998-10-29 00:00:00,300,13.5,83,2.0,1004, 30, 6,DD,    ,,1998,,
7.0,BOB,,1998-10-29 00:00:00,600,13.8,83,2.0,1004, 30, 6,DD,    ,,1998,,
7.0,BOB,,1998-10-29 00:00:00,900,14.0,82.5,1.5,1004, 25, 4,D,    ,,1998,,
8.0,BOB,,1998-11-13 00:00:00,1200,13.0,87.5,1.5,1004, 25, 4,D,    ,,1998,,
8.0,BOB,,1998-11-14 00:00:00,300,13.5,86.5,1.5,1002, 30, 6,DD,    ,,1998,,
8.0,BOB,,1998-11-14 00:00:00,600,14.0,86,2.0,1002, 30, 6,DD,    ,,1998,,
8.0,BOB,,1998-11-14 00:00:00,900,14.0,86,2.5, 998, 35, 8,CS,    ,,1998,,
8.0,BOB,,1998-11-14 00:00:00,1200,14.5,85.5,3.0, 996, 45,10,CS,    ,,1998,,
8.0,BOB,,1998-11-14 00:00:00,1800,15.0,85,3.5, 992, 55,15,SCS,    ,,1998,,
8.0,BOB,,1998-11-15 00:00:00,0,15.5,84.5,3.5, 992, 55,15,SCS,    ,,1998,,
8.0,BOB,,1998-11-15 00:00:00,300,16.0,84,4.0, 988, 65,21,VSCS,    ,,1998,,
8.0,BOB,,1998-11-15 00:00:00,600,16.5,83.5,4.5, 982, 77,29,VSCS,,,1998,,
8.0,BOB,,1998-11-15 00:00:00,900,17.0,83.5,4.0, 982, 65,21,VSCS,,,1998,,
8.0,BOB,,1998-11-15 00:00:00,1200,17.5,83,-,-,-,-,SCS,    ,,1998,,
8.0,BOB,,1998-11-15 00:00:00,1800,19.5,82,-,-,-,-,CS,    ,,1998,,
8.0,BOB,,1998-11-16 00:00:00,0,20.0,82,-,-,-,-,CS,    ,,1998,,
8.0,BOB,,1998-11-16 00:00:00,300,20.5,82,-,-,-,-,DD,,,1998,,
8.0,BOB,,1998-11-16 00:00:00,600,21.0,83,-,-,-,-,D,,,1998,,
9.0,BOB,,1998-11-19 00:00:00,300,12.0,92.5,1.5,1002, 25, 4,D,    ,,1998,,
9.0,BOB,,1998-11-19 00:00:00,600,12.0,92.5,1.5,1002, 25, 4,D,    ,,1998,,
9.0,BOB,,1998-11-19 00:00:00,1200,12.5,91.5,2.0,1000, 30, 6,DD,    ,,1998,,
9.0,BOB,,1998-11-19 00:00:00,1500,12.5,91.5,2.0,1000, 30, 6,DD,    ,,1998,,
9.0,BOB,,1998-11-19 00:00:00,1800,12.5,91,2.0,1002, 30, 6,DD,    ,,1998,,
9.0,BOB,,1998-11-20 00:00:00,0,14.0,89,2.0,1002, 30, 6,DD,    ,,1998,,
9.0,BOB,,1998-11-20 00:00:00,300,14.5,88.5,2.5,1000, 35, 8,CS,    ,,1998,,
9.0,BOB,,1998-11-20 00:00:00,600,15.0,88,2.5, 998, 35,10,CS,    ,,1998,,
9.0,BOB,,1998-11-20 00:00:00,900,15.5,88,2.5, 996, 35,10,CS,    ,,1998,,
9.0,BOB,,1998-11-20 00:00:00,1200,15.5,88,3.0, 996, 45,10,CS,    ,,1998,,
9.0,BOB,,1998-11-20 00:00:00,1800,16.0,88,3.0, 996, 45,10,CS,    ,,1998,,
9.0,BOB,,1998-11-21 00:00:00,0,16.5,87.5,3.0, 996, 45,10,CS,    ,,1998,,
9.0,BOB,,1998-11-21 00:00:00,300,17.0,87.5,3.0, 992, 45,16,CS,    ,,1998,,
9.0,BOB,,1998-11-21 00:00:00,600,17.5,87.5,3.5, 992, 55,16,SCS,    ,,1998,,
9.0,BOB,,1998-11-21 00:00:00,900,18.0,87.5,3.5, 992, 55,16,SCS,    ,,1998,,
9.0,BOB,,1998-11-21 00:00:00,1200,19.0,87.5,4.0, 984, 65,24,VSCS,    ,,1998,,
9.0,BOB,,1998-11-21 00:00:00,1800,19.5,87.5,4.0, 984, 65,24,VSCS,    ,,1998,,
9.0,BOB,,1998-11-22 00:00:00,0,20.5,88,4.0, 984, 65,24,VSCS,    ,,1998,,
9.0,BOB,,1998-11-22 00:00:00,300,21.5,88.5,3.5, 990, 60,18,SCS,    ,,1998,,
9.0,BOB,,1998-11-22 00:00:00,600,22.0,89,3.5, 998, 55,10,SCS,    ,,1998,,
10.0,ARB,,1998-12-13 00:00:00,0,11.0,68.5,1.5,1004, 25, 4,D,    ,,1998,,
10.0,ARB,,1998-12-13 00:00:00,300,11.0,68.5,2.0,1002, 30, 6,DD,    ,,1998,,
10.0,ARB,,1998-12-13 00:00:00,600,11.2,68.3,2.0,1000, 30, 6,DD,    ,,1998,,
10.0,ARB,,1998-12-13 00:00:00,900,11.5,68,2.5,1000, 35, 8,CS,    ,,1998,,
10.0,ARB,,1998-12-13 00:00:00,1200,12.0,67.5,2.5,1000, 35, 8,CS,    ,,1998,,
10.0,ARB,,1998-12-13 00:00:00,1800,12.5,67.5,2.5,1000, 35, 8,CS,    ,,1998,,
10.0,ARB,,1998-12-14 00:00:00,0,12.5,67.5,2.5,1000, 35, 8,CS,    ,,1998,,
10.0,ARB,,1998-12-14 00:00:00,300,13.0,67.5,3.0, 998, 45,10,CS,    ,,1998,,
10.0,ARB,,1998-12-14 00:00:00,600,13.2,67.3,3.0, 998, 45,10,CS,    ,,1998,,
10.0,ARB,,1998-12-14 00:00:00,900,13.5,67,3.5, 993, 55,15,SCS,    ,,1998,,
10.0,ARB,,1998-12-14 00:00:00,1200,14.0,67,3.5, 993, 55,15,SCS,    ,,1998,,
10.0,ARB,,1998-12-14 00:00:00,1800,14.5,67,3.5, 993, 55,15,SCS,    ,,1998,,
10.0,ARB,,1998-12-15 00:00:00,0,15.0,67,3.5, 993, 55,15,SCS,    ,,1998,,
10.0,ARB,,1998-12-15 00:00:00,300,16.0,66,3.5, 993, 55,15,SCS,    ,,1998,,
10.0,ARB,,1998-12-15 00:00:00,600,16.5,65.5,3.5, 993, 55,15,SCS,    ,,1998,,
10.0,ARB,,1998-12-15 00:00:00,900,16.5,65,3.0, 993, 55,15,SCS,    ,,1998,,
10.0,ARB,,1998-12-15 00:00:00,1200,17.0,64.4,3.0, 993, 55,15,SCS,    ,,1998,,
10.0,ARB,,1998-12-15 00:00:00,1800,17.3,64,3.0, 993, 55,15,SCS,    ,,1998,,
10.0,ARB,,1998-12-16 00:00:00,0,17.5,63.5,3.0, 993, 55,15,SCS,    ,,1998,,
10.0,ARB,,1998-12-16 00:00:00,300,18.0,62.5,2.5, 998, 45,10,CS,    ,,1998,,
10.0,ARB,,1998-12-16 00:00:00,600,18.5,61.5,2.5, 998, 35,10,CS,    ,,1998,,
10.0,ARB,,1998-12-16 00:00:00,900,18.5,61,2.0,1002, 30, 6,DD,    ,,1998,,
10.0,ARB,,1998-12-16 00:00:00,1200,19.0,60,1.5,1004, 25, 4,D,    ,,1998,,
10.0,ARB,,1998-12-16 00:00:00,1800,19.5,59.5,1.5,-, 25, 4,D,    ,,1998,,
10.0,ARB,,1998-12-17 00:00:00,0,19.5,59,1.5,-, 25, 4,D,    ,,1998,,
10.0,ARB,,1998-12-17 00:00:00,300,19.5,59,1.5,-, 25, 4,D,    ,,1998,,
1.0,BOB,,1999-02-01 00:00:00,300,9,89,1.5,1006, 25, 4,D,    ,,1999,,
1.0,BOB,,1999-02-01 00:00:00,1200,9,88,1.5,1004, 25, 4,D,    ,,1999,,
1.0,BOB,,1999-02-02 00:00:00,300,9.5,86,1.5,1006, 25, 4,D,    ,,1999,,
1.0,BOB,,1999-02-02 00:00:00,600,9.5,85.5,2.0,1006, 30, 6,DD,    ,,1999,,
1.0,BOB,,1999-02-02 00:00:00,900,9.5,85.5,2.0,1006, 30, 6,DD,    ,,1999,,
1.0,BOB,,1999-02-02 00:00:00,1200,10,85,2.0,1004, 30, 6,DD,    ,,1999,,
1.0,BOB,,1999-02-02 00:00:00,1800,11,85,2.5,1002, 35,10,CS,    ,,1999,,
1.0,BOB,,1999-02-03 00:00:00,0,11.5,86,3.0, 998, 50,12,CS,    ,,1999,,
1.0,BOB,,1999-02-03 00:00:00,300,11.5,86,3.0, 998, 50,12,CS,    ,,1999,,
1.0,BOB,,1999-02-03 00:00:00,600,12,86,2.5,1002, 35,10,CS,    ,,1999,,
1.0,BOB,,1999-02-03 00:00:00,900,12,86,2.0,1002, 30, 8,DD,,,1999,,
1.0,BOB,,1999-02-03 00:00:00,1200,12,86.5,1.5,1004, 25, 6,D,,,1999,,
1.0,BOB,,1999-02-03 00:00:00,1800,12,86.5,1.5,1008, 25, 6,D,,,1999,,
2.0,ARB,,1999-05-16 00:00:00,1200,12.5,72,1.5,1000, 25, 4,D,    ,,1999,,
2.0,ARB,,1999-05-16 00:00:00,1500,12.7,71.8,1.5,1000, 25, 4,D,    ,,1999,,
2.0,ARB,,1999-05-16 00:00:00,1800,12.9,71.6,2.0,1000, 25, 6,DD,    ,,1999,,
2.0,ARB,,1999-05-16 00:00:00,2100,13,71.5,2.0, 998, 30, 8,DD,    ,,1999,,
2.0,ARB,,1999-05-17 00:00:00,0,13.5,71,2.0, 998, 30, 8,DD,    ,,1999,,
2.0,ARB,,1999-05-17 00:00:00,300,14.5,70.5,2.5, 996, 35,10,CS,    ,,1999,,
2.0,ARB,,1999-05-17 00:00:00,600,15,70,3.0, 996, 45,10,CS,    ,,1999,,
2.0,ARB,,1999-05-17 00:00:00,900,15,69.5,3.5, 992, 55,16,SCS,    ,,1999,,
2.0,ARB,,1999-05-17 00:00:00,1200,15,69.5,4.0, 984, 64,20,VSCS,    ,,1999,,
2.0,ARB,,1999-05-17 00:00:00,1500,15.5,69,4.0, 984, 64,20,VSCS,    ,,1999,,
2.0,ARB,,1999-05-17 00:00:00,1800,16,68.5,4.0, 984, 64,20,VSCS,    ,,1999,,
2.0,ARB,,1999-05-17 00:00:00,2100,16,68.5,4.0, 980, 64,26,VSCS,    ,,1999,,
2.0,ARB,,1999-05-18 00:00:00,0,16.5,68.5,4.5, 976, 80,30,VSCS,    ,,1999,,
2.0,ARB,,1999-05-18 00:00:00,300,17,67.5,4.5, 976, 80,30,VSCS,    ,,1999,,
2.0,ARB,,1999-05-18 00:00:00,600,18,67.5,5.0, 964, 90,40,ESCS,    ,,1999,,
2.0,ARB,,1999-05-18 00:00:00,900,17.8,67.6,5.0, 964, 90,40,ESCS,    ,,1999,,
2.0,ARB,,1999-05-18 00:00:00,1200,18.5,67.5,5.5, 950,105,52,ESCS,    ,,1999,,
2.0,ARB,,1999-05-18 00:00:00,1500,18.5,67.5,5.5, 948,105,52,ESCS,    ,,1999,,
2.0,ARB,,1999-05-18 00:00:00,1800,19,67.5,5.5, 948,105,54,ESCS,    ,,1999,,
2.0,ARB,,1999-05-18 00:00:00,2100,20,67.5,5.5, 948,105,54,ESCS,    ,,1999,,
2.0,ARB,,1999-05-19 00:00:00,0,20.5,67.5,5.5, 948,105,54,ESCS,    ,,1999,,
2.0,ARB,,1999-05-19 00:00:00,300,21,67.5,5.5, 948,105,54,ESCS,    ,,1999,,
2.0,ARB,,1999-05-19 00:00:00,600,21,67.5,5.5, 948,105,54,ESCS,    ,,1999,,
2.0,ARB,,1999-05-19 00:00:00,900,21,67.5,5.5, 948,105,54,ESCS,    ,,1999,,
2.0,ARB,,1999-05-19 00:00:00,1200,21.5,67.5,5.5, 946,105,54,ESCS,    ,,1999,,
2.0,ARB,,1999-05-19 00:00:00,1500,22,67.5,5.5, 946,105,54,ESCS,    ,,1999,,
2.0,ARB,,1999-05-19 00:00:00,1800,22.5,67.5,5.5, 946,105,54,ESCS,    ,,1999,,
2.0,ARB,,1999-05-19 00:00:00,2100,23,67.5,5.5, 946,105,54,ESCS,    ,,1999,,
2.0,ARB,,1999-05-20 00:00:00,0,23.3,67.5,5.5, 946,105,56,ESCS,    ,,1999,,
2.0,ARB,,1999-05-20 00:00:00,300,23.5,68.5,5.5, 946,105,54,ESCS,    ,,1999,,
2.0,ARB,,1999-05-20 00:00:00,600,23.7,68.5,5.5, 946,105,52,ESCS,    ,,1999,,
3.0,BOB,,1999-06-17 00:00:00,300,18.5,86,1.5, 990, 25, 6,D,    ,,1999,,
3.0,BOB,,1999-06-17 00:00:00,600,18.5,86,2.0, 992, 30, 6,DD,    ,,1999,,
3.0,BOB,,1999-06-17 00:00:00,1200,19,85,2.0, 986, 30, 6,DD,    ,,1999,,
3.0,BOB,,1999-06-17 00:00:00,1800,19.5,84.5,2.0, 986, 30, 6,DD,    ,,1999,,
4.0,BOB,,1999-07-27 00:00:00,300,21,89,1.5, 992, 20, 4,D,    ,,1999,,
4.0,BOB,,1999-07-27 00:00:00,600,21,88.5,1.5, 992, 20, 4,D,    ,,1999,,
4.0,BOB,,1999-07-27 00:00:00,1200,22,88.5,2.0, 990, 25, 6,DD,    ,,1999,,
4.0,BOB,,1999-07-27 00:00:00,1800,22,87.5,2.0, 992, 25, 6,DD,    ,,1999,,
4.0,BOB,,1999-07-28 00:00:00,0,22.5,87,2.0, 992, 25, 6,DD,    ,,1999,,
4.0,BOB,,1999-07-28 00:00:00,300,23,86.5,-,-,0,-,DD,    over land,,1999,,
4.0,BOB,,1999-07-28 00:00:00,600,23,84.5,-,-,0,-,D,    over land,,1999,,
4.0,BOB,,1999-07-28 00:00:00,1200,23.5,84.5,-,-,-,-,D,    over land,,1999,,
4.0,BOB,,1999-07-28 00:00:00,1800,23.5,83.5,-,-,0,-,D,    over land,,1999,,
4.0,BOB,,1999-07-29 00:00:00,0,24,82,-,-,0,-,D,    over land,,1999,,
4.0,BOB,,1999-07-29 00:00:00,300,24.5,81,-,-,0,-,D,    over land,,1999,,
4.0,BOB,,1999-07-29 00:00:00,600,25,80,-,-,0,-,D,    over land,,1999,,
5.0,BOB,,1999-08-06 00:00:00,1200,21,88.5,1.5, 992, 20, 4,D,    ,,1999,,
5.0,BOB,,1999-08-06 00:00:00,1800,21,88.5,1.5, 992, 20, 4,D,    ,,1999,,
5.0,BOB,,1999-08-07 00:00:00,300,22.5,87.5,1.5, 992, 20, 4,D,    ,,1999,,
5.0,BOB,,1999-08-07 00:00:00,600,22.5,86.5,1.5, 992, 20, 4,D,    ,,1999,,
5.0,BOB,,1999-08-07 00:00:00,1200,22.5,86,1.5, 992, 20, 4,D,    ,,1999,,
5.0,BOB,,1999-08-07 00:00:00,1800,22.5,86,1.5, 992, 20, 4,D,    ,,1999,,
5.0,BOB,,1999-08-08 00:00:00,300,22.5,85,1.5, 992, 20, 4,D,    ,,1999,,
5.0,BOB,,1999-08-08 00:00:00,600,22.5,84,1.5, 992, 20, 4,D,    ,,1999,,
5.0,BOB,,1999-08-08 00:00:00,1200,22.5,83,1.5, 992, 20, 4,D,    ,,1999,,
5.0,BOB,,1999-08-08 00:00:00,1800,22.5,83,1.5, 992, 20, 4,D,    ,,1999,,
5.0,BOB,,1999-08-09 00:00:00,0,23.5,81.5,1.5, 992, 20, 4,D,    ,,1999,,
6.0,BOB,,1999-10-15 00:00:00,300,13.5,92.5,1.5,1004, 20, 4,D,    ,,1999,,
6.0,BOB,,1999-10-15 00:00:00,600,14,91.5,1.5,1002, 20, 4,D,    ,,1999,,
6.0,BOB,,1999-10-15 00:00:00,1200,15,90,1.5,1002, 20, 4,D,    ,,1999,,
6.0,BOB,,1999-10-15 00:00:00,1800,15.2,89.5,1.5,1002, 20, 4,D,    ,,1999,,
6.0,BOB,,1999-10-15 00:00:00,2100,15.3,89,2.0,1000,30, 6,DD,    ,,1999,,
6.0,BOB,,1999-10-16 00:00:00,0,15.5,88.5,2.0,1000, 30, 8,DD,    ,,1999,,
6.0,BOB,,1999-10-16 00:00:00,300,16,88.5,2.5, 998, 35,10,CS,    ,,1999,,
6.0,BOB,,1999-10-16 00:00:00,600,16.5,88,2.5, 998, 35,10,CS,    ,,1999,,
6.0,BOB,,1999-10-16 00:00:00,900,17,87.5,3.0, 996, 45,12,CS,    ,,1999,,
6.0,BOB,,1999-10-16 00:00:00,1200,17.5,86.5,3.0, 994, 45,12,CS,    ,,1999,,
6.0,BOB,,1999-10-16 00:00:00,1500,17.6,86,3.5, 992, 55,16,SCS,    ,,1999,,
6.0,BOB,,1999-10-16 00:00:00,1800,17.6,86,3.5, 992, 55,16,SCS,    ,,1999,,
6.0,BOB,,1999-10-16 00:00:00,2100,17.7,86,3.5, 992, 55,16,SCS,    ,,1999,,
6.0,BOB,,1999-10-17 00:00:00,0,17.7,86,4.0, 988, 65,20,VSCS,    ,,1999,,
6.0,BOB,,1999-10-17 00:00:00,300,18,85.5,4.5, 978, 80,30,VSCS,    ,,1999,,
6.0,BOB,,1999-10-17 00:00:00,600,18,85,4.5, 978, 80,30,VSCS,    ,,1999,,
6.0,BOB,,1999-10-17 00:00:00,900,18.5,85,4.5, 978, 80,30,VSCS,    ,,1999,,
6.0,BOB,,1999-10-17 00:00:00,1200,19,85,4.5, 978, 80,30,VSCS,    ,,1999,,
6.0,BOB,,1999-10-17 00:00:00,1500,19,85,4.5, 978, 80,30,VSCS,    ,,1999,,
6.0,BOB,,1999-10-17 00:00:00,1800,19.2,85,5.0, 968, 90,40,ESCS,    ,,1999,,
6.0,BOB,,1999-10-18 00:00:00,0,19.5,85,-,0,0,0,VSCS,    over land,,1999,,
6.0,BOB,,1999-10-18 00:00:00,300,20.5,85,-,0,0,-,SCS,    over land,,1999,,
6.0,BOB,,1999-10-18 00:00:00,600,20.5,85,-,0,0,0,SCS,    over land,,1999,,
6.0,BOB,,1999-10-18 00:00:00,900,20.5,85,-,0,0,0,CS,    over land,,1999,,
6.0,BOB,,1999-10-18 00:00:00,1200,21.5,86.5,-,0,0,0,CS,    over land,,1999,,
6.0,BOB,,1999-10-18 00:00:00,1500,21,86.5,-,0,0,0,DD,    over land,,1999,,
6.0,BOB,,1999-10-18 00:00:00,1800,22.5,86.5,-,0,0,0,DD,    over land,,1999,,
6.0,BOB,,1999-10-18 00:00:00,2100,23,86.5,-,0,0,0,DD,    over land,,1999,,
6.0,BOB,,1999-10-19 00:00:00,0,23,86.5,-,0,0,0,D,    over land,,1999,,
6.0,BOB,,1999-10-19 00:00:00,300,23.5,86.5,-,0,0,0,D,    over land,,1999,,
7.0,BOB,,1999-10-25 00:00:00,600,12,98.5,1.5,1004, 25, 2,D,    ,,1999,,
7.0,BOB,,1999-10-25 00:00:00,900,12.5,98.5,1.5,1004, 25, 2,D,    ,,1999,,
7.0,BOB,,1999-10-25 00:00:00,1200,12.5,98,1.5,1002, 25, 4,D,    ,,1999,,
7.0,BOB,,1999-10-25 00:00:00,1800,12.5,98,1.5,1002, 25, 4,D,    ,,1999,,
7.0,BOB,,1999-10-26 00:00:00,0,13.5,96.5,2.0,1002, 30, 4,DD,    ,,1999,,
7.0,BOB,,1999-10-26 00:00:00,300,13.5,95.5,2.0,1002, 35, 6,CS,    ,,1999,,
7.0,BOB,,1999-10-26 00:00:00,600,13.5,95,2.5,1002, 35, 6,CS,    ,,1999,,
7.0,BOB,,1999-10-26 00:00:00,900,14,94.5,2.5,1002, 35, 6,CS,    ,,1999,,
7.0,BOB,,1999-10-26 00:00:00,1200,14.5,94,3.0, 998, 45,10,CS,    ,,1999,,
7.0,BOB,,1999-10-26 00:00:00,1500,15,93.5,3.0, 998, 45,10,CS,    ,,1999,,
7.0,BOB,,1999-10-26 00:00:00,1800,15,93.5,3.0, 998, 45,10,CS,    ,,1999,,
7.0,BOB,,1999-10-26 00:00:00,2100,15,93,3.0, 998, 45,10,CS,    ,,1999,,
7.0,BOB,,1999-10-27 00:00:00,0,15.5,93,3.0, 998, 45,10,CS,    ,,1999,,
7.0,BOB,,1999-10-27 00:00:00,300,16,92,3.5, 992, 55,16,SCS,    ,,1999,,
7.0,BOB,,1999-10-27 00:00:00,600,16.5,91.5,3.5, 992, 55,16,SCS,    ,,1999,,
7.0,BOB,,1999-10-27 00:00:00,900,16.5,91,3.5, 992, 55,16,SCS,    ,,1999,,
7.0,BOB,,1999-10-27 00:00:00,1200,17,90.5,3.5, 992, 55,16,SCS,    ,,1999,,
7.0,BOB,,1999-10-27 00:00:00,1500,17,90.5,4.0, 986, 65,20,VSCS,    ,,1999,,
7.0,BOB,,1999-10-27 00:00:00,1800,17,90.5,4.0, 986, 65,20,VSCS,    ,,1999,,
7.0,BOB,,1999-10-27 00:00:00,2100,17,90,4.0, 986, 65,20,VSCS,    ,,1999,,
7.0,BOB,,1999-10-28 00:00:00,0,17.5,90,4.0, 986, 65,20,VSCS,    ,,1999,,
7.0,BOB,,1999-10-28 00:00:00,300,18,89,4.5, 978, 77,30,VSCS,    ,,1999,,
7.0,BOB,,1999-10-28 00:00:00,600,18,88.5,5.0, 968, 90,40,ESCS,    ,,1999,,
7.0,BOB,,1999-10-28 00:00:00,900,18.5,88,5.5, 956,102,52,ESCS,    ,,1999,,
7.0,BOB,,1999-10-28 00:00:00,1200,18.5,88,6.0, 940,115,66,ESCS,    ,,1999,,
7.0,BOB,,1999-10-28 00:00:00,1500,19,87.5,6.5, 928,127,80,SUCS,    ,,1999,,
7.0,BOB,,1999-10-28 00:00:00,1800,19.3,87,7.0, 912,140,98,SUCS,    ,,1999,,
7.0,BOB,,1999-10-28 00:00:00,2100,19.3,87.2,7.0, 912,140,98,SUCS,    ,,1999,,
7.0,BOB,,1999-10-29 00:00:00,0,19.6,87,7.0, 912,140,98,SUCS,    ,,1999,,
7.0,BOB,,1999-10-29 00:00:00,300,19.9,86.7,7.0, 912,140,98,SUCS,    ,,1999,,
7.0,BOB,,1999-10-29 00:00:00,600,20.5,86,7.0, 912,140,98,SUCS,    ,,1999,,
7.0,BOB,,1999-10-29 00:00:00,1200,20.5,86,-,0,0,0,VSCS,    over land,,1999,,
7.0,BOB,,1999-10-29 00:00:00,1800,20.5,86,-,0,0,0,SCS,    over land,,1999,,
7.0,BOB,,1999-10-30 00:00:00,0,20.5,86,-,0,0,0,SCS,    over land,,1999,,
7.0,BOB,,1999-10-30 00:00:00,300,20.5,86,-,0,0,0,CS,    over land,,1999,,
7.0,BOB,,1999-10-30 00:00:00,600,20.5,86,-,0,0,0,CS,    over land,,1999,,
7.0,BOB,,1999-10-30 00:00:00,1200,20.5,86,-,0,0,0,CS,    over land,,1999,,
7.0,BOB,,1999-10-30 00:00:00,1800,20.5,86,-,0,0,0,DD,    over land,,1999,,
7.0,BOB,,1999-10-31 00:00:00,0,20.5,86,-,0,0,0,DD,    over land,,1999,,
7.0,BOB,,1999-10-31 00:00:00,300,21,87,-,-,-,-,D,    over land,,1999,,
8.0,BOB,,1999-12-08 00:00:00,1130,10.5,87.5,1.5, 998, 25, 2,D,    ,,1999,,
8.0,BOB,,1999-12-08 00:00:00,1500,10.5,87.5,1.5, 998, 25, 2,D,    ,,1999,,
8.0,BOB,,1999-12-08 00:00:00,1800,10.5,87,1.5, 998, 25, 2,D,    ,,1999,,
8.0,BOB,,1999-12-08 00:00:00,2100,10.5,87,1.5, 998, 25, 2,D,    ,,1999,,
8.0,BOB,,1999-12-09 00:00:00,300,10.5,85.5,1.5, 998, 25, 2,D,    ,,1999,,
8.0,BOB,,1999-12-09 00:00:00,600,10.5,85,1.5, 998, 25, 2,D,    ,,1999,,
8.0,BOB,,1999-12-09 00:00:00,900,10.5,85,1.5, 998, 25, 2,D,    ,,1999,,
8.0,BOB,,1999-12-09 00:00:00,1200,10.5,85,1.5, 998, 25, 2,D,    ,,1999,,
8.0,BOB,,1999-12-09 00:00:00,1800,10.5,85,1.5, 998, 25, 2,D,    ,,1999,,
8.0,BOB,,1999-12-09 00:00:00,2100,10.5,85,1.5, 998, 25, 2,D,    ,,1999,,
8.0,BOB,,1999-12-10 00:00:00,0,11,84.5,1.5, 998, 25, 2,D,    ,,1999,,
8.0,BOB,,1999-12-10 00:00:00,300,11,84.5,1.5, 998, 25, 2,D,    ,,1999,,
8.0,BOB,,1999-12-10 00:00:00,600,11,84,1.5, 998, 25, 2,D,    ,,1999,,
8.0,BOB,,1999-12-10 00:00:00,900,11,84,1.5, 998, 25, 2,D,    ,,1999,,
1.0,ARB ,,1983-06-20 00:00:00,300,20.5,71,1.5,,25,3.099583415988891,D,,,1983,,
1.0,ARB ,,1983-06-20 00:00:00,1200,21.0,70,-,,25,3.099583415988891,D,,,1983,,
1.0,ARB ,,1983-06-20 00:00:00,1800,21.5,70,-,,25,3.099583415988891,D,,,1983,,
1.0,ARB ,,1983-06-21 00:00:00,300,22.00,70.5,-,,25,3.099583415988891,D,,,1983,,
1.0,ARB ,,1983-06-22 00:00:00,300,22.5,71,-,,25,3.099583415988891,D,,,1983,,
1.0,ARB ,,1983-06-22 00:00:00,1200,23.0,71.5,-,,25,3.099583415988891,D,,,1983,,
2.0,BOB,,1983-06-24 00:00:00,300,18.0,87,2.0,,30,4.463400119024003,DD,,,1983,,
2.0,BOB,,1983-06-24 00:00:00,1200,18.0,86.5,2.0,,30,4.463400119024003,DD,,,1983,,
2.0,BOB,,1983-06-24 00:00:00,1800,18.5,86,2.0,,30,4.463400119024003,DD,,,1983,,
2.0,BOB,,1983-06-25 00:00:00,300,19,85.5,2.0,,30,4.463400119024003,DD,,,1983,,
2.0,BOB,,1983-06-25 00:00:00,1200,19.5,85,2.0,,30,4.463400119024003,DD,,,1983,,
2.0,BOB,,1983-06-25 00:00:00,1800,19.5,84.5,2.0,,30,4.463400119024003,DD,,,1983,,
2.0,BOB,,1983-06-26 00:00:00,300,20.0,83.5,-,,25,3.099583415988891,D,,,1983,,
2.0,BOB,,1983-06-26 00:00:00,1200,21.0,83,-,,25,3.099583415988891,D,,,1983,,
2.0,BOB,,1983-06-27 00:00:00,300,22,81,-,,25,3.099583415988891,D,,,1983,,
2.0,BOB,,1983-06-27 00:00:00,1200,23.5,78,-,,25,3.099583415988891,D,,,1983,,
3.0,LAND,,1983-08-04 00:00:00,0,23.0,87.5,-,,25,3.099583415988891,D,,,1983,,
3.0,LAND,,1983-08-04 00:00:00,300,23.5,87.5,-,,25,3.099583415988891,D,,,1983,,
3.0,LAND,,1983-08-04 00:00:00,600,24,88,-,,25,3.099583415988891,D,,,1983,,
3.0,LAND,,1983-08-04 00:00:00,1200,24,89,-,,25,3.099583415988891,D,,,1983,,
3.0,LAND,,1983-08-04 00:00:00,1800,23,89,-,,25,3.099583415988891,D,,,1983,,
3.0,LAND,,1983-08-05 00:00:00,300,22.5,88.5,-,,30,4.463400119024003,DD,,,1983,,
3.0,LAND,,1983-08-05 00:00:00,1200,23.0,87,-,,30,4.463400119024003,DD,,,1983,,
3.0,LAND,,1983-08-06 00:00:00,300,22.5,86,-,,30,4.463400119024003,DD,,,1983,,
3.0,LAND,,1983-08-06 00:00:00,1200,22.5,84.5,-,,30,4.463400119024003,DD,,,1983,,
3.0,LAND,,1983-08-07 00:00:00,300,21.0,81.5,-,,30,4.463400119024003,DD,,,1983,,
3.0,LAND,,1983-08-07 00:00:00,1200,21.0,80,-,,25,3.099583415988891,D,,,1983,,
3.0,LAND,,1983-08-08 00:00:00,0,21.5,72.5,-,,25,3.099583415988891,D,,,1983,,
3.0,LAND,,1983-08-08 00:00:00,300,21.5,72.5,-,,25,3.099583415988891,D,,,1983,,
3.0,LAND,,1983-08-08 00:00:00,600,21.5,72,-,,25,3.099583415988891,D,,,1983,,
3.0,LAND,,1983-08-08 00:00:00,1200,22.0,70.5,-,,30,4.463400119024003,DD,,,1983,,
3.0,LAND,,1983-08-08 00:00:00,1800,22.0,69.5,-,,30,4.463400119024003,DD,,,1983,,
3.0,LAND,,1983-08-09 00:00:00,300,22.5,66.5,-,,30,4.463400119024003,DD,,,1983,,
3.0,LAND,,1983-08-09 00:00:00,1200,22.5,62,-,,30,4.463400119024003,DD,,,1983,,
3.0,LAND,,1983-08-09 00:00:00,1800,22.0,61,-,,30,4.463400119024003,DD,,,1983,,
3.0,LAND,,1983-08-10 00:00:00,300,21.5,60,-,,30,4.463400119024003,DD,,,1983,,
3.0,LAND,,1983-08-10 00:00:00,1200,21.5,59,-,,25,3.099583415988891,D,,,1983,,
3.0,LAND,,1983-08-10 00:00:00,1800,21.5,57.5,-,,25,3.099583415988891,D,,,1983,,
4.0,LAND,,1983-09-09 00:00:00,0,25.0,82.5,-,,25,3.099583415988891,D,,,1983,,
4.0,LAND,,1983-09-09 00:00:00,300,24.5,82,-,,25,3.099583415988891,D,,,1983,,
4.0,LAND,,1983-09-09 00:00:00,600,24.5,81,-,,25,3.099583415988891,D,,,1983,,
4.0,LAND,,1983-09-09 00:00:00,1200,24.5,80,-,,25,3.099583415988891,D,,,1983,,
4.0,LAND,,1983-09-09 00:00:00,1800,25,79.5,-,,25,3.099583415988891,D,,,1983,,
4.0,LAND,,1983-09-10 00:00:00,0,25.5,79.5,-,,25,3.099583415988891,D,,,1983,,
4.0,LAND,,1983-09-10 00:00:00,300,27.0,80,-,,25,3.099583415988891,D,,,1983,,
4.0,LAND,,1983-09-10 00:00:00,600,27.5,80,-,,25,3.099583415988891,D,,,1983,,
4.0,LAND,,1983-09-10 00:00:00,1200,28.0,79.5,-,,25,3.099583415988891,D,,,1983,,
5.0,BOB,HERBERT,1983-10-14 00:00:00,300,19.0,91,1.5,,25,3.099583415988891,D,,,1983,,
5.0,BOB,HERBERT,1983-10-14 00:00:00,1200,19.5,90.5,4.0,,55,15.00198373338623,CS,,,1983,,
5.0,BOB,HERBERT,1983-10-15 00:00:00,300,21.5,91.5,4.0,,55,15.00198373338623,CS,,,1983,,
5.0,BOB,HERBERT,1983-10-15 00:00:00,1200,21.5,91.5,3.0,,40,7.934933544931562,CS,,,1983,,
6.0,BOB,,1983-11-06 00:00:00,300,12.0,88.5,1.5,,25,3.099583415988891,D,,,1983,,
6.0,BOB,,1983-11-06 00:00:00,1200,13.0,87.5,2.5,,40,7.934933544931562,DD,,,1983,,
6.0,BOB,,1983-11-07 00:00:00,300,15.5,88.5,3.0,,45,10.04265026780401,CS,,,1983,,
6.0,BOB,,1983-11-07 00:00:00,1200,15.5,88.5,3.0,,45,10.04265026780401,CS,,,1983,,
6.0,BOB,,1983-11-08 00:00:00,300,17.0,89,4.5,,65,20.9531838920849,SCS,,,1983,,
6.0,BOB,,1983-11-08 00:00:00,1200,18.5,90,5.0,,90,40.17060107121603,SCS,,,1983,,
6.0,BOB,,1983-11-09 00:00:00,300,19.5,91,5.0,,90,40.17060107121603,SCS,,,1983,,
7.0,LAND,,1983-12-21 00:00:00,1200,7.5,81,1.5,,25,3.099583415988891,D,,,1983,,
7.0,LAND,,1983-12-22 00:00:00,300,8.5,80.5,1.5,,25,3.099583415988891,D,,,1983,,
7.0,LAND,,1983-12-22 00:00:00,1200,9.5,79.5,1.5,,25,3.099583415988891,D,,,1983,,
1.0,ARB,,1984-06-05 00:00:00,1200,18.5,67.5,1.5,,25,3.099583415988891,D,,,1984,,
1.0,ARB,,1984-06-06 00:00:00,300,20.0,67.5,1.5,,25,3.099583415988891,D,,,1984,,
1.0,ARB,,1984-06-06 00:00:00,1200,21.5,67.5,1.5,,25,3.099583415988891,D,,,1984,,
2.0,BOB,,1984-07-31 00:00:00,300,20.0,88.5,1.5,,25,3.099583415988891,D,,,1984,,
2.0,BOB,,1984-07-31 00:00:00,1200,20.0,86.5,1.5,,25,3.099583415988891,D,,,1984,,
2.0,BOB,,1984-08-01 00:00:00,300,20.5,85,-,,25,3.099583415988891,D,,,1984,,
2.0,BOB,,1984-08-01 00:00:00,1200,21.0,84,-,,25,3.099583415988891,D,,,1984,,
2.0,BOB,,1984-08-02 00:00:00,300,22.0,82,-,,25,3.099583415988891,D,,,1984,,
2.0,BOB,,1984-08-02 00:00:00,1200,23.0,80.5,-,,25,3.099583415988891,D,,,1984,,
2.0,BOB,,1984-08-03 00:00:00,300,23.5,79,-,,25,3.099583415988891,D,,,1984,,
2.0,BOB,,1984-08-03 00:00:00,1200,24.0,77,-,,25,3.099583415988891,D,,,1984,,
2.0,BOB,,1984-08-03 00:00:00,1800,24.5,76,-,,25,3.099583415988891,D,,,1984,,
2.0,BOB,,1984-08-04 00:00:00,300,25.0,75,-,,25,3.099583415988891,D,,,1984,,
2.0,BOB,,1984-08-04 00:00:00,1200,26.0,73,-,,25,3.099583415988891,D,,,1984,,
2.0,BOB,,1984-08-05 00:00:00,300,25.5,71.5,-,,25,3.099583415988891,D,,,1984,,
2.0,BOB,,1984-08-05 00:00:00,1200,25.5,70.5,-,,25,3.099583415988891,D,,,1984,,
2.0,BOB,,1984-08-06 00:00:00,300,25.5,69,-,,25,3.099583415988891,D,,,1984,,
2.0,BOB,,1984-08-06 00:00:00,1200,25.0,67,-,,25,3.099583415988891,D,,,1984,,
2.0,BOB,,1984-08-07 00:00:00,300,25.5,69,-,,25,3.099583415988891,D,,,1984,,
2.0,BOB,,1984-08-07 00:00:00,1200,25.0,67,-,,25,3.099583415988891,D,,,1984,,
2.0,BOB,,1984-08-07 00:00:00,1800,25.0,67,1.5,,25,3.099583415988891,D,,,1984,,
3.0,BOB,,1984-08-15 00:00:00,0,19.5,90.5,1.5,,25,3.099583415988891,D,,,1984,,
3.0,BOB,,1984-08-15 00:00:00,300,20.0,90,1.5,,25,3.099583415988891,D,,,1984,,
3.0,BOB,,1984-08-15 00:00:00,1200,21.0,87,1.5,,25,3.099583415988891,D,,,1984,,
3.0,BOB,,1984-08-16 00:00:00,300,21.7,86.5,-,,25,3.099583415988891,D,,,1984,,
3.0,BOB,,1984-08-16 00:00:00,1200,22.0,85.5,-,,25,3.099583415988891,D,,,1984,,
3.0,BOB,,1984-08-17 00:00:00,300,23.0,84,-,,25,3.099583415988891,D,,,1984,,
3.0,BOB,,1984-08-17 00:00:00,1200,24.0,82.5,-,,25,3.099583415988891,D,,,1984,,
3.0,BOB,,1984-08-18 00:00:00,300,23.5,80.5,-,,25,3.099583415988891,D,,,1984,,
3.0,BOB,,1984-08-18 00:00:00,1200,23.5,78.5,-,,25,3.099583415988891,D,,,1984,,
3.0,BOB,,1984-08-19 00:00:00,300,24.5,78.5,-,,25,3.099583415988891,D,,,1984,,
3.0,BOB,,1984-08-19 00:00:00,1200,25.5,78.5,-,,25,3.099583415988891,D,,,1984,,
4.0,BOB,,1984-10-13 00:00:00,0,19.0,88,1.5,,25,3.099583415988891,D,,,1984,,
4.0,BOB,,1984-10-13 00:00:00,300,19.5,87.5,1.5,,25,3.099583415988891,D,,,1984,,
4.0,BOB,,1984-10-13 00:00:00,1200,20.5,87.5,4.0,,65,20.9531838920849,SCS,,,1984,,
4.0,BOB,,1984-10-14 00:00:00,300,20.7,86.8,-,,55,15.00198373338623,SCS,,,1984,,
4.0,BOB,,1984-10-14 00:00:00,1200,21.5,86,-,,35,8,CS,,,1984,,
4.0,BOB,,1984-10-15 00:00:00,300,22.5,85,1.5,,25,4,D,,,1984,,
4.0,BOB,,1984-10-15 00:00:00,1200,23.5,84.5,-,,20,3,D,,,1984,,
5.0,BOB,,1984-11-09 00:00:00,1200,9.5,87.5,1.5,,25,3.099583415988891,D,,,1984,,
5.0,BOB,,1984-11-10 00:00:00,300,9.5,87.5,2.0,,30,5,DD,,,1984,,
5.0,BOB,,1984-11-10 00:00:00,1200,10,86,2.0,,30,5,DD,,,1984,,
5.0,BOB,,1984-11-10 00:00:00,1800,10,84,2.0,,30,5,DD,,,1984,,
5.0,BOB,,1984-11-11 00:00:00,300,10.5,82.5,2.0,,30,5,DD,,,1984,,
5.0,BOB,,1984-11-11 00:00:00,600,10.8,82,2.5,,35,6.075183495338227,DD,,,1984,,
5.0,BOB,,1984-11-11 00:00:00,1200,11.0,81.5,2.5,,40,8,CS,,,1984,,
5.0,BOB,,1984-11-12 00:00:00,300,12.0,80.5,3.5,,55,15.00198373338623,SCS,,,1984,,
5.0,BOB,,1984-11-12 00:00:00,1200,12.5,80.5,5.0,,90,40.17060107121603,SCS,,,1984,,
5.0,BOB,,1984-11-13 00:00:00,300,13.5,80.5,5.0,,90,40.17060107121603,SCS,,,1984,,
5.0,BOB,,1984-11-13 00:00:00,1200,13.5,80.3,5.5,,102,51.59690537591748,SCS,,,1984,,
5.0,BOB,,1984-11-13 00:00:00,1800,13.5,80,6.0,,115,65.58718508232494,SCS,,,1984,,
5.0,BOB,,1984-11-14 00:00:00,300,13.5,80,6.0,,115,65.58718508232494,SCS,,,1984,,
5.0,BOB,,1984-11-14 00:00:00,1200,13.5,79.5,4.0,,65,20.9531838920849,CS,,,1984,,
6.0,BOB,,1984-11-27 00:00:00,1200,8.5,85.5,1.5,,25,3.099583415988891,D,,,1984,,
6.0,BOB,,1984-11-28 00:00:00,300,9.0,85,1.5,,25,3.099583415988891,D,,,1984,,
6.0,BOB,,1984-11-28 00:00:00,1200,9.5,84.5,2.0,,30,4.463400119024003,DD,,,1984,,
6.0,BOB,,1984-11-28 00:00:00,1500,9.5,84.5,2.5,,35,6.075183495338227,DD,,,1984,,
6.0,BOB,,1984-11-29 00:00:00,900,9.5,84.5,3.0,,45,10.04265026780401,CS,,,1984,,
6.0,BOB,,1984-11-30 00:00:00,0,9.5,84.5,3.5,,55,15.00198373338623,CS,,,1984,,
6.0,BOB,,1984-11-30 00:00:00,300,9.5,84.5,6.0,,115,65.58718508232494,SCS,,,1984,,
6.0,BOB,,1984-12-01 00:00:00,300,10.8,80.5,6.0,,115,65.58718508232494,SCS,,,1984,,
6.0,BOB,,1984-12-01 00:00:00,1200,11.0,79,3.5,,55,15.00198373338623,CS,,,1984,,
6.0,BOB,,1984-12-01 00:00:00,1800,11.5,77.5,2.0,,30,4.463400119024003,DD,,,1984,,
6.0,BOB,,1984-12-02 00:00:00,300,11.5,74,1.5,,25,3.099583415988891,D,,,1984,,
7.0,ARB,,1984-12-04 00:00:00,0,11.5,68.5,1.5,,25,4,D,,,1984,,
7.0,ARB,,1984-12-04 00:00:00,300,11.0,65,2.0,,30,5,DD,,,1984,,
7.0,ARB,,1984-12-04 00:00:00,1200,10.0,62.5,2.0,,30,6,DD,,,1984,,
7.0,ARB,,1984-12-05 00:00:00,300,9.5,60,2.5,,30,6,DD,,,1984,,
7.0,ARB,,1984-12-05 00:00:00,600,9.0,59,-,,25,4,D,,,1984,,
7.0,ARB,,1984-12-05 00:00:00,1200,8.5,57,-,,25,3,D,,,1984,,
1.0,BOB,,1985-05-21 00:00:00,2100,16,89,1.5,,25,3.099583415988891,D,,,1985,,
1.0,BOB,,1985-05-22 00:00:00,300,16.0,89,1.5,,25,3.099583415988891,D,,,1985,,
1.0,BOB,,1985-05-22 00:00:00,330,16.0,89,1.5,,25,3.099583415988891,D,,,1985,,
1.0,BOB,,1985-05-22 00:00:00,1200,16.0,89,2.5,,35,6.075183495338227,CS,,,1985,,
1.0,BOB,,1985-05-23 00:00:00,300,16.5,87.5,2.5,,40,7.934933544931562,CS,,,1985,,
1.0,BOB,,1985-05-23 00:00:00,600,16.5,87.5,3.0,,45,10.04265026780401,CS,,,1985,,
1.0,BOB,,1985-05-24 00:00:00,300,19.0,89,3.0,,45,10.04265026780401,CS,,,1985,,
1.0,BOB,,1985-05-24 00:00:00,1200,20.5,90,3.5,,55,15.00198373338623,SCS,,,1985,,
1.0,BOB,,1985-05-24 00:00:00,1800,20.5,90,3.5,,55,15.00198373338623,SCS,,,1985,,
1.0,BOB,,1985-05-24 00:00:00,2000,20.5,90,3.5,,55,15.00198373338623,SCS,,,1985,,
1.0,BOB,,1985-05-24 00:00:00,2200,20.5,90,4.0,,65,20.9531838920849,VSCS,,,1985,,
1.0,BOB,,1985-05-25 00:00:00,300,23.0,91.5,3.5,,50,12.39833366395557,SCS,,,1985,,
1.0,BOB,,1985-05-25 00:00:00,1200,24.0,92.6,2.5,,35,6.075183495338227,CS,,,1985,,
1.0,BOB,,1985-05-25 00:00:00,1800,25.0,92.6,1.5,,25,3.099583415988891,D,,,1985,,
2.0,ARB,,1985-05-28 00:00:00,300,15.0,67,1.5,,25,3.099583415988891,D,,,1985,,
2.0,ARB,,1985-05-28 00:00:00,1200,16.5,67,2.0,,30,4.463400119024003,DD,,,1985,,
2.0,ARB,,1985-05-29 00:00:00,300,17.5,67.5,2.5,,35,6.075183495338227,DD,,,1985,,
2.0,ARB,,1985-05-29 00:00:00,1200,18.0,68,3.0,,45,10.04265026780401,CS,,,1985,,
2.0,ARB,,1985-05-30 00:00:00,300,20.0,68,3.0,,45,10.04265026780401,CS,,,1985,,
2.0,ARB,,1985-05-30 00:00:00,1200,21.5,67.5,3.0,,45,10.04265026780401,CS,,,1985,,
3.0,BOB,,1985-08-01 00:00:00,300,20.0,88,1.5,,25,3.099583415988891,D,,,1985,,
3.0,BOB,,1985-08-01 00:00:00,1200,20.5,87.5,1.5,,25,3.099583415988891,D,,,1985,,
3.0,BOB,,1985-08-01 00:00:00,1800,20.5,87.5,1.5,,25,3.099583415988891,D,,,1985,,
3.0,BOB,,1985-08-02 00:00:00,0,20.5,87.5,1.5,,25,3.099583415988891,D,,,1985,,
4.0,BOB,,1985-08-06 00:00:00,300,20.5,88,1.5,,25,3.099583415988891,D,,,1985,,
4.0,BOB,,1985-08-06 00:00:00,600,21.5,87,1.5,,25,3.099583415988891,D,,,1985,,
4.0,BOB,,1985-08-06 00:00:00,1200,22.5,86,1.5,,25,3.099583415988891,D,,,1985,,
4.0,BOB,,1985-08-07 00:00:00,300,23.0,84.5,1.5,,25,3.099583415988891,D,,,1985,,
4.0,BOB,,1985-08-07 00:00:00,1200,23.5,83.5,1.5,,20,1.983733386232891,D,,,1985,,
4.0,BOB,,1985-08-08 00:00:00,300,23.5,82,1.5,,20,1.983733386232891,D,,,1985,,
4.0,BOB,,1985-08-08 00:00:00,1200,24.0,81,1.5,,20,1.983733386232891,D,,,1985,,
4.0,BOB,,1985-08-09 00:00:00,300,24.0,79,1.5,,20,1.983733386232891,D,,,1985,,
5.0,BOB,,1985-08-14 00:00:00,300,18.5,88,1.5,,25,3.099583415988891,D,,,1985,,
5.0,BOB,,1985-08-14 00:00:00,600,19.0,87.5,1.5,,25,3.099583415988891,D,,,1985,,
5.0,BOB,,1985-08-14 00:00:00,1200,19.5,87,1.5,,25,3.099583415988891,D,,,1985,,
5.0,BOB,,1985-08-15 00:00:00,0,20.5,86.5,1.5,,25,3.099583415988891,D,,,1985,,
6.0,BOB,,1985-09-19 00:00:00,300,17.5,90,1.5,,25,3.099583415988891,D,,,1985,,
6.0,BOB,,1985-09-19 00:00:00,1200,18.5,88.5,1.5,,25,3.099583415988891,D,,,1985,,
6.0,BOB,,1985-09-19 00:00:00,1800,18.5,88,2.0,,30,4.463400119024003,DD,,,1985,,
6.0,BOB,,1985-09-20 00:00:00,0,21.90,87.5,2.0,,30,4.463400119024003,DD,,,1985,,
6.0,BOB,,1985-09-20 00:00:00,300,19.5,87,2.5,,35,6.075183495338227,CS,,,1985,,
6.0,BOB,,1985-09-20 00:00:00,600,19.5,86.5,3.0,,40,7.934933544931562,CS,,,1985,,
6.0,BOB,,1985-09-20 00:00:00,1200,19.8,86.2,3.0,,45,10.04265026780401,CS,,,1985,,
6.0,BOB,,1985-09-20 00:00:00,1800,20.5,85.5,3.0,,35,6.075183495338227,CS,,,1985,,
6.0,BOB,,1985-09-21 00:00:00,0,21.0,84,2.0,,30,4.463400119024003,DD,,,1985,,
6.0,BOB,,1985-09-21 00:00:00,300,21.5,83,2.0,,30,4.463400119024003,DD,,,1985,,
6.0,BOB,,1985-09-21 00:00:00,1200,22.0,82,1.5,,25,3.099583415988891,D,,,1985,,
7.0,BOB,,1985-10-01 00:00:00,300,14.0,83.5,1.5,,25,,D,,,1985,,
7.0,BOB,,1985-10-01 00:00:00,1200,14.5,82,1.5,,25,3.099583415988891,D,,,1985,,
7.0,BOB,,1985-10-02 00:00:00,300,15.5,80.5,1.5,,25,3.099583415988891,D,,,1985,,
8.0,ARB,,1985-10-06 00:00:00,300,19.5,71.5,1.5,,25,3.099583415988891,D,,,1985,,
8.0,ARB,,1985-10-06 00:00:00,1200,20.0,71.5,1.5,,25,3.099583415988891,D,,,1985,,
8.0,ARB,,1985-10-07 00:00:00,300,21.5,72,-,,25,3.099583415988891,D,,,1985,,
8.0,ARB,,1985-10-07 00:00:00,1200,21.0,72,-,,25,3,D,,,1985,,
8.0,ARB,,1985-10-08 00:00:00,300,20.5,72.2,-,,25,3.099583415988891,D,,,1985,,
8.0,ARB,,1985-10-08 00:00:00,1200,22.0,75,-,,25,3,D,,,1985,,
8.0,ARB,,1985-10-09 00:00:00,300,24.0,77,-,,25,3.099583415988891,D,,,1985,,
9.0,BOB,,1985-10-09 00:00:00,300,12.5,90,1.5,,25,3.099583415988891,D,,,1985,,
9.0,BOB,,1985-10-09 00:00:00,1800,14.0,87.5,2.5,,35,6.075183495338227,DD,,,1985,,
9.0,BOB,,1985-10-10 00:00:00,300,16.0,85.5,2.5,,35,6.075183495338227,DD,,,1985,,
9.0,BOB,,1985-10-10 00:00:00,1200,16.5,84.5,3.0,,40,7.934933544931562,CS,,,1985,,
9.0,BOB,,1985-10-10 00:00:00,1500,16.5,84.5,3.0,,45,10.04265026780401,CS,,,1985,,
9.0,BOB,,1985-10-10 00:00:00,2100,16.5,84.5,3.0,,45,10.04265026780401,CS,,,1985,,
9.0,BOB,,1985-10-11 00:00:00,300,18.0,83,3.0,,40,7.934933544931562,CS,,,1985,,
9.0,BOB,,1985-10-12 00:00:00,1200,19.3,81.5,2.5,,35,6.075183495338227,DD,,,1985,,
9.0,BOB,,1985-10-13 00:00:00,1200,22.0,79,1.5,,35,6.075183495338227,DD,,,1985,,
10.0,BOB,,1985-10-13 00:00:00,1200,13.5,93,1.5,,25,3.099583415988891,D,,,1985,,
10.0,BOB,,1985-10-14 00:00:00,300,16.0,89.5,2.0,,30,4.463400119024003,DD,,,1985,,
10.0,BOB,,1985-10-14 00:00:00,1200,17.5,89,2.0,,30,4.463400119024003,DD,,,1985,,
10.0,BOB,,1985-10-14 00:00:00,1500,17.5,89,2.5,,35,6.075183495338227,CS,,,1985,,
10.0,BOB,,1985-10-15 00:00:00,300,19.5,87.5,2.5,,35,6.075183495338227,CS,,,1985,,
10.0,BOB,,1985-10-15 00:00:00,1200,20.5,87.5,3.0,,45,10.04265026780401,SCS,,,1985,,
10.0,BOB,,1985-10-16 00:00:00,300,21.6,86.8,2.5,,35,6.075183495338227,CS,,,1985,,
10.0,BOB,,1985-10-17 00:00:00,300,24.5,85.5,2.0,,30,4.463400119024003,DD,,,1985,,
11.0,BOB,,1985-11-12 00:00:00,300,12.5,81,1.5,,25,3.099583415988891,D,,,1985,,
11.0,BOB,,1985-11-12 00:00:00,1200,12.5,80.1,1.5,,25,3.099583415988891,D,,,1985,,
12.0,BOB,,1985-11-15 00:00:00,300,13.0,86,1.5,,25,3.099583415988891,D,,,1985,,
12.0,BOB,,1985-11-15 00:00:00,1200,13.5,85.5,2.0,,30,4.463400119024003,DD,,,1985,,
12.0,BOB,,1985-11-16 00:00:00,1200,13.5,84,2.5,,35,6.075183495338227,CS,,,1985,,
12.0,BOB,,1985-11-17 00:00:00,100,13.5,84,2.5,,35,6.075183495338227,CS,,,1985,,
12.0,BOB,,1985-11-17 00:00:00,300,14.0,82.5,2.5,,35,6.075183495338227,CS,,,1985,,
12.0,BOB,,1985-11-17 00:00:00,1200,15.0,81.5,1.5,,25,3.099583415988891,D,,,1985,,
13.0,BOB,,1985-12-11 00:00:00,1200,8.0,88,2.0,,30,4.463400119024003,DD,,,1985,,
13.0,BOB,,1985-12-12 00:00:00,300,8.5,87,2.0,,30,4.463400119024003,DD,,,1985,,
13.0,BOB,,1985-12-12 00:00:00,1200,10.0,84.5,3.0,,35,6.075183495338227,CS,,,1985,,
13.0,BOB,,1985-12-13 00:00:00,300,11.5,82.5,3.0,,35,6.075183495338227,CS,,,1985,,
13.0,BOB,,1985-12-13 00:00:00,1200,13.0,81,3.0,,35,6.075183495338227,CS,,,1985,,
13.0,BOB,,1985-12-14 00:00:00,300,14,79.5,1.5,,25,3.099583415988891,D,,,1985,,
14.0,LAND,,1985-08-05 00:00:00,300,29.5,74.5,-,,25,3.099583415988891,D,,,1985,,
14.0,LAND,,1985-08-05 00:00:00,1200,30.2,75,-,,25,3.099583415988891,D,,,1985,,
14.0,LAND,,1985-08-06 00:00:00,300,30.5,75,-,,25,3.099583415988891,D,,,1985,,
15.0,LAND,,1985-09-23 00:00:00,300,25.0,77,-,,25,3.099583415988891,D,,,1985,,
15.0,LAND,,1985-09-23 00:00:00,1200,26.0,78,,,25,3.099583415988891,D,,,1985,,
15.0,LAND,,1985-09-24 00:00:00,300,26.5,78.5,-,,25,3.099583415988891,D,,,1985,,
15.0,LAND,,1985-09-24 00:00:00,1200,27.0,78,-,,25,3.099583415988891,D,,,1985,,
1.0,BOB,-,1991-04-24 00:00:00,1200,9.5,89,1.5,1002,25,4,D,1006,6,1991,,
1.0,BOB,-,1991-04-24 00:00:00,1800,10.0,89,1.5,1002,25,4,D,1006,6,1991,,
1.0,BOB,-,1991-04-25 00:00:00,0,10.5,89,1.5,1002,25,4,D,1006,6,1991,,
1.0,BOB,-,1991-04-25 00:00:00,600,11.0,88.5,2.0,1000,30,6,DD,1006,6,1991,,
1.0,BOB,-,1991-04-25 00:00:00,1200,11.0,88,2.5,996,35,8,CS,1004,7,1991,,
1.0,BOB,-,1991-04-25 00:00:00,1800,11.0,88,2.5,998,35,8,CS,1006,7,1991,,
1.0,BOB,-,1991-04-26 00:00:00,0,11.0,87.5,3.0,994,45,10,CS,1004,9,1991,,
1.0,BOB,-,1991-04-26 00:00:00,600,11.0,87.5,3.5,991,55,15,SCS,1006,10,1991,,
1.0,BOB,-,1991-04-26 00:00:00,1200,11.5,87.5,3.5,987,55,15,SCS,1002,10,1991,,
1.0,BOB,-,1991-04-26 00:00:00,1800,11.5,87,3.5,991,55,15,SCS,1006,10,1991,,
1.0,BOB,-,1991-04-27 00:00:00,0,12.0,87,3.5,989,55,15,SCS,1004,10,1991,,
1.0,BOB,-,1991-04-27 00:00:00,600,13.5,87,4.5,974,77,29.4,VSCS,1004,10,1991,,
1.0,BOB,-,1991-04-27 00:00:00,1200,14.5,87,4.5,972,77,29.4,VSCS,1002,10,1991,,
1.0,BOB,-,1991-04-27 00:00:00,1800,14.5,87,4.5,974,77,29.4,VSCS,1004,10,1991,,
1.0,BOB,-,1991-04-28 00:00:00,0,15.0,87.2,4.5,972,77,29.4,VSCS,1002,10,1991,,
1.0,BOB,-,1991-04-28 00:00:00,600,16.0,87.8,5.5,952,102,51.6,ESCS,1004,10,1991,,
1.0,BOB,-,1991-04-28 00:00:00,1200,16.5,88,5.5,950,102,51.6,ESCS,1002,10,1991,,
1.0,BOB,-,1991-04-28 00:00:00,1800,17.5,88.5,6.0,934,115,65.6,ESCS,1000,10,1991,,
1.0,BOB,-,1991-04-29 00:00:00,0,18.5,89,6.5,920,127,80,SUCS,1000,10,1991,,
1.0,BOB,-,1991-04-29 00:00:00,600,20.0,90,6.5,922,127,80,SUCS,1002,10,1991,,
1.0,BOB,-,1991-04-29 00:00:00,1200,20.5,90.5,6.5,918,127,80,SUCS,998,10,1991,,
1.0,BOB,-,1991-04-29 00:00:00,1800,22.0,91.5,6.5,920,127,80,SUCS,1000,10,1991,,
1.0,BOB,-,1991-04-30 00:00:00,0,23.7,92.7,-,994,30,6,DD,1000,6,1991,,
2.0,BOB,-,1991-05-31 00:00:00,600,15.0,89.5,1.5,998,25,4,D,1002,6,1991,,
2.0,BOB,-,1991-05-31 00:00:00,1200,16.0,89,2.0,996,30,6,DD,1004,6,1991,,
2.0,BOB,-,1991-05-31 00:00:00,1800,16.5,88.7,2.0,996,30,6,DD,1002,6,1991,,
2.0,BOB,-,1991-06-01 00:00:00,0,17.0,88.5,2.5,994,35,7,CS,1002,7,1991,,
2.0,BOB,-,1991-06-01 00:00:00,600,19.0,89,2.5,994,35,8,CS,1002,7,1991,,
2.0,BOB,-,1991-06-01 00:00:00,1200,19.5,89.5,3.0,990,45,10,CS,1000,8,1991,,
2.0,BOB,-,1991-06-01 00:00:00,1800,20.0,89.5,3.0,992,45,10,CS,1002,6,1991,,
2.0,BOB,-,1991-06-02 00:00:00,0,22.5,91,3.0,990,45,10,CS,1000,6,1991,,
2.0,BOB,-,1991-06-02 00:00:00,600,25.0,93,-,996,25,6,D,1002,6,1991,,
3.0,BOB,-,1991-07-27 00:00:00,600,20.5,89,1.5,992,25,4,D,996,5,1991,,
3.0,BOB,-,1991-07-27 00:00:00,1200,20.5,88.8,1.5,988,25,4,D,992,6,1991,,
3.0,BOB,-,1991-07-27 00:00:00,1800,20.5,88.5,1.5,992,25,4,D,996,6,1991,,
3.0,BOB,-,1991-07-28 00:00:00,0,20.5,88.2,1.5,988,25,4,D,992,7,1991,,
3.0,BOB,-,1991-07-28 00:00:00,600,20.5,87.8,1.5,987,25,5,D,992,7,1991,,
3.0,BOB,-,1991-07-28 00:00:00,1200,20.5,87.5,2.0,984,30,6,DD,990,7,1991,,
3.0,BOB,-,1991-07-28 00:00:00,1800,21.0,87,2.0,986,30,6,DD,992,7,1991,,
3.0,BOB,-,1991-07-29 00:00:00,0,21.5,86.5,-,986,30,6,DD,998,8,1991,,
3.0,BOB,-,1991-07-29 00:00:00,600,21.5,84.2,-,990,30,6,DD,996,9,1991,,
3.0,BOB,-,1991-07-29 00:00:00,1200,22.0,82,-,988,30,6,DD,994,7,1991,,
3.0,BOB,-,1991-07-29 00:00:00,1800,22.2,81,-,990,30,6,DD,996,7,1991,,
3.0,BOB,-,1991-07-30 00:00:00,0,22.5,80,-,988,30,6,DD,994,8,1991,,
3.0,BOB,-,1991-07-30 00:00:00,600,22.7,79,-,992,30,6,DD,998,6,1991,,
3.0,BOB,-,1991-07-30 00:00:00,1200,23.0,78,-,990,30,6,DD,996,5,1991,,
3.0,BOB,-,1991-07-30 00:00:00,1800,24.0,77.5,-,992,30,6,DD,998,5,1991,,
3.0,BOB,-,1991-07-31 00:00:00,0,24.5,77,-,990,25,4,D,994,5,1991,,
3.0,BOB,-,1991-07-31 00:00:00,600,24.5,76.5,-,992,25,4,D,996,4,1991,,
3.0,BOB,-,1991-07-31 00:00:00,1200,25.2,76.3,-,990,25,4,D,994,4,1991,,
3.0,BOB,-,1991-07-31 00:00:00,1800,26.0,76.7,-,992,25,4,D,996,4,1991,,
4.0,BOB,-,1991-08-22 00:00:00,0,20.7,88.2,1.5,994,25,4,D,998,5,1991,,
4.0,BOB,-,1991-08-22 00:00:00,600,21.3,87.5,1.5,996,25,4,D,1000,6,1991,,
4.0,BOB,-,1991-08-22 00:00:00,1200,22.5,86,-,994,25,4,D,998,7,1991,,
4.0,BOB,-,1991-08-22 00:00:00,1800,22.5,84,-,996,25,4,D,1000,7,1991,,
4.0,BOB,-,1991-08-23 00:00:00,0,22.7,83,-,994,25,4,D,998,7,1991,,
4.0,BOB,-,1991-08-23 00:00:00,600,23.0,81.5,-,994,25,4,D,998,6,1991,,
4.0,BOB,-,1991-08-23 00:00:00,1200,23.8,80.2,-,992,25,4,D,996,6,1991,,
4.0,BOB,-,1991-08-23 00:00:00,1800,24.0,80,-,994,25,4,D,998,6,1991,,
4.0,BOB,-,1991-08-24 00:00:00,0,24.5,79.8,-,994,25,4,D,998,6,1991,,
4.0,BOB,-,1991-08-24 00:00:00,600,24.5,79.8,-,994,25,4,D,998,6,1991,,
4.0,BOB,-,1991-08-24 00:00:00,1200,24.5,79.8,-,992,25,4,D,996,6,1991,,
4.0,BOB,-,1991-08-24 00:00:00,1800,25.0,78.6,-,994,25,4,D,998,6,1991,,
4.0,BOB,-,1991-08-25 00:00:00,0,26.2,78.5,-,992,25,4,D,996,6,1991,,
4.0,BOB,-,1991-08-25 00:00:00,600,26.8,78.5,-,994,25,4,D,998,6,1991,,
4.0,BOB,-,1991-08-25 00:00:00,1200,27.0,78.5,-,992,25,4,D,996,6,1991,,
4.0,BOB,-,1991-08-25 00:00:00,1800,27.5,78.5,-,994,25,4,D,998,7,1991,,
4.0,BOB,-,1991-08-26 00:00:00,0,27.5,78.5,-,996,25,4,D,1000,6,1991,,
5.0,BOB,-,1991-09-21 00:00:00,600,15.5,83.5,1.5,1000,25,4,D,1004,7,1991,,
5.0,BOB,-,1991-09-21 00:00:00,1200,16.0,82.5,1.5,1000,25,4,D,1004,7,1991,,
5.0,BOB,-,1991-09-21 00:00:00,1800,16.5,81.5,1.5,1000,25,4,D,1004,7,1991,,
5.0,BOB,-,1991-09-22 00:00:00,0,17.0,81,-,1000,25,4,D,1004,7,1991,,
5.0,BOB,-,1991-09-22 00:00:00,600,18.0,80.5,-,1000,25,4,D,1004,6,1991,,
6.0,BOB,-,1991-10-12 00:00:00,1200,18.0,87,1.5,1000,25,4,D,1004,5,1991,,
6.0,BOB,-,1991-10-12 00:00:00,1800,18.5,87,1.5,1000,25,4,D,1004,5,1991,,
6.0,BOB,-,1991-10-13 00:00:00,0,19.5,88,1.5,1000,25,4,D,1004,6,1991,,
6.0,BOB,-,1991-10-13 00:00:00,600,20.5,88.7,1.5,998,25,4,D,1002,7,1991,,
6.0,BOB,-,1991-10-13 00:00:00,1200,21.0,89.5,1.5,1000,25,4,D,1004,6,1991,,
6.0,BOB,-,1991-10-13 00:00:00,1800,21.5,89.7,1.5,1002,25,4,D,1006,5,1991,,
6.0,BOB,-,1991-10-14 00:00:00,0,22.0,90,1.5,1002,25,4,D,1006,5,1991,,
7.0,BOB,-,1991-10-28 00:00:00,600,10.5,82,1.5,1002,25,4,D,1006,6,1991,,
7.0,BOB,-,1991-10-28 00:00:00,1200,11.0,81.5,1.5,1000,25,4,D,1004,7,1991,,
7.0,BOB,-,1991-10-28 00:00:00,1800,11.5,81,1.5,1000,25,4,D,1004,7,1991,,
7.0,BOB,-,1991-10-29 00:00:00,0,12.0,80.5,1.5,998,25,4,D,1002,7,1991,,
7.0,BOB,-,1991-10-29 00:00:00,600,12.5,79.5,-,1000,25,4,D,1004,7,1991,,
7.0,BOB,-,1991-10-29 00:00:00,1200,12.5,79,-,998,25,4,D,1002,6,1991,,
7.0,BOB,-,1991-10-29 00:00:00,1800,13.0,78.5,-,1000,25,4,D,1004,6,1991,,
7.0,BOB,-,1991-10-30 00:00:00,0,13.0,78,-,1000,25,4,D,1004,6,1991,,
7.0,BOB,-,1991-10-30 00:00:00,600,13.0,77.5,-,1000,25,4,D,1004,6,1991,,
8.0,BOB,-,1991-11-11 00:00:00,1200,11.0,87.5,1.5,1006,25,4,D,1010,5,1991,,
8.0,BOB,-,1991-11-11 00:00:00,1800,11.0,87.5,1.5,1006,25,4,D,1010,5,1991,,
8.0,BOB,-,1991-11-12 00:00:00,0,11.0,87,1.5,1006,25,4,D,1010,6,1991,,
8.0,BOB,-,1991-11-12 00:00:00,600,11.0,86.5,1.5,1004,25,4,D,1008,6,1991,,
8.0,BOB,-,1991-11-12 00:00:00,1200,11.0,86,1.5,1004,25,4,D,1008,6,1991,,
8.0,BOB,-,1991-11-12 00:00:00,1800,11.0,85,1.5,1004,25,4,D,1008,7,1991,,
8.0,BOB,-,1991-11-13 00:00:00,0,11.0,84.5,1.5,1004,25,4,D,1008,7,1991,,
8.0,BOB,-,1991-11-13 00:00:00,600,11.0,83.5,2.0,1004,30,6,DD,1010,7,1991,,
8.0,BOB,-,1991-11-13 00:00:00,1200,11.0,83,2.5,1000,35,8,CS,1008,7,1991,,
8.0,BOB,-,1991-11-13 00:00:00,1800,11.0,82,2.5,1000,35,8,CS,1008,7,1991,,
8.0,BOB,-,1991-11-14 00:00:00,0,11.0,81,2.5,1000,35,8,CS,1008,8,1991,,
8.0,BOB,-,1991-11-14 00:00:00,600,10.5,80.5,3.0,1000,45,10,CS,1010,8,1991,,
8.0,BOB,-,1991-11-14 00:00:00,1200,11.0,80.5,3.0,998,45,10,CS,1008,8,1991,,
8.0,BOB,-,1991-11-14 00:00:00,1800,11.2,80,3.0,998,45,10,CS,1008,8,1991,,
8.0,BOB,-,1991-11-15 00:00:00,0,11.5,79.7,2.5,1000,35,8,CS,1008,7,1991,,
8.0,BOB,-,1991-11-15 00:00:00,600,12.0,79.3,-,1002,30,6,DD,1008,6,1991,,
8.0,BOB,-,1991-11-15 00:00:00,1200,12.5,79,-,1000,25,4,D,1004,5,1991,,
1.0,BOB,,1997-05-15 00:00:00,600,6.5,90.5,1.5,1000, 25, 4,D,    ,,1997,,
1.0,BOB,,1997-05-15 00:00:00,900,7.0,90.5,1.5,1000, 25, 4,D,    ,,1997,,
1.0,BOB,,1997-05-15 00:00:00,1200,7.5,90.5,2.0,1000, 30, 4,DD,    ,,1997,,
1.0,BOB,,1997-05-15 00:00:00,1800,8.0,90.5,2.0,1002, 30, 5,DD,    ,,1997,,
1.0,BOB,,1997-05-16 00:00:00,0,8.5,90.5,2.0,1002, 30, 6,DD,    ,,1997,,
1.0,BOB,,1997-05-16 00:00:00,300,9.0,90.5,2.5,1001, 35, 7,CS,    ,,1997,,
1.0,BOB,,1997-05-16 00:00:00,600,9.2,90.5,2.5,1001, 35, 7,CS,    ,,1997,,
1.0,BOB,,1997-05-16 00:00:00,900,9.5,90.5,2.5,1001, 35, 7,CS,    ,,1997,,
1.0,BOB,,1997-05-16 00:00:00,1200,10.0,91,2.5, 999, 35, 7,CS,    ,,1997,,
1.0,BOB,,1997-05-16 00:00:00,1800,10.5,91.3,2.5, 999, 35, 7,CS,    ,,1997,,
1.0,BOB,,1997-05-17 00:00:00,0,11.0,91.4,2.5, 998, 35, 8,CS,    ,,1997,,
1.0,BOB,,1997-05-17 00:00:00,300,12.0,91.5,2.5, 998, 35, 8,CS,    ,,1997,,
1.0,BOB,,1997-05-17 00:00:00,600,13.0,91.5,3.0, 992, 45,12,CS,    ,,1997,,
1.0,BOB,,1997-05-17 00:00:00,900,13.5,91.5,3.5, 986, 55,16,SCS,    ,,1997,,
1.0,BOB,,1997-05-17 00:00:00,1200,14.0,91,3.5, 986, 55,16,SCS,    ,,1997,,
1.0,BOB,,1997-05-17 00:00:00,1800,15.0,91,3.5, 986, 55,16,SCS,    ,,1997,,
1.0,BOB,,1997-05-18 00:00:00,0,16.0,91,3.5, 986, 55,16,SCS,    ,,1997,,
1.0,BOB,,1997-05-18 00:00:00,300,16.5,90.5,4.0, 980, 65,22,VSCS,,,1997,,
1.0,BOB,,1997-05-18 00:00:00,600,17.0,90.5,4.0, 980, 65,22,VSCS,    ,,1997,,
1.0,BOB,,1997-05-18 00:00:00,900,17.5,90.5,4.0, 980, 65,22,VSCS,    ,,1997,,
1.0,BOB,,1997-05-18 00:00:00,1200,18.0,90.5,4.0, 980, 65,22,VSCS,    ,,1997,,
1.0,BOB,,1997-05-18 00:00:00,1800,19.3,90.3,4.5, 974, 77,30,VSCS,    ,,1997,,
1.0,BOB,,1997-05-19 00:00:00,0,20.0,90.8,5.0, 968, 90,42,ESCS,    ,,1997,,
1.0,BOB,,1997-05-19 00:00:00,300,20.3,91.2,5.0, 964, 90,42,ESCS,    ,,1997,,
1.0,BOB,,1997-05-19 00:00:00,600,20.3,91.3,5.0, 964, 90,42,ESCS,    ,,1997,,
1.0,BOB,,1997-05-19 00:00:00,900,21.6,91.5,5.0, 964, 90,42,ESCS,    ,,1997,,
1.0,BOB,,1997-05-19 00:00:00,1200,22.1,91.8,5.0, 964, 90,42,ESCS,    ,,1997,,
2.0,BOB,,1997-06-26 00:00:00,300,21.0,89.5,1.5, 990, 25, 4,D,    ,,1997,,
2.0,BOB,,1997-06-26 00:00:00,600,21.0,89,1.5, 990, 25, 4,D,    ,,1997,,
2.0,BOB,,1997-06-26 00:00:00,1200,21.5,88.5,2.0, 986, 30, 5,DD,    ,,1997,,
2.0,BOB,,1997-06-26 00:00:00,1800,21.5,88.5,2.0, 986, 30, 6,DD,    ,,1997,,
2.0,BOB,,1997-06-27 00:00:00,0,22.0,88,2.0, 985, 30, 6,DD,    ,,1997,,
2.0,BOB,,1997-06-27 00:00:00,300,22.5,87.5,-,-,-,-,DD,Over,land,1997,,
2.0,BOB,,1997-06-27 00:00:00,600,22.5,87,-,-,-,-,DD,Over,land,1997,,
2.0,BOB,,1997-06-27 00:00:00,1200,23.0,86.5,-,-,-,-,DD,Over,land,1997,,
2.0,BOB,,1997-06-27 00:00:00,1800,23.0,86,-,-,-,-,DD,Over,land,1997,,
2.0,BOB,,1997-06-28 00:00:00,0,23.0,86,-,-,-,-,DD,Over,land,1997,,
2.0,BOB,,1997-06-28 00:00:00,300,23.5,86,-,-,-,-,DD,Over,land,1997,,
2.0,BOB,,1997-06-28 00:00:00,600,24.0,85.5,-,-,-,-,DD,Over,land,1997,,
2.0,BOB,,1997-06-28 00:00:00,1200,24.0,86,-,-,-,-,DD,Over,land,1997,,
2.0,BOB,,1997-06-28 00:00:00,1800,24.0,86,-,-,-,-,DD,Over,land,1997,,
2.0,BOB,,1997-06-29 00:00:00,0,24.5,85.5,-,-,-,-,DD,Over,land,1997,,
2.0,BOB,,1997-06-29 00:00:00,300,24.5,85.5,-,-,-,-,DD,Over,land,1997,,
2.0,BOB,,1997-06-29 00:00:00,600,25.0,85.5,-,-,-,-,DD,Over,land,1997,,
2.0,BOB,,1997-06-29 00:00:00,1200,25.5,85.5,-,-,-,-,DD,Over,land,1997,,
2.0,BOB,,1997-06-29 00:00:00,1800,26.0,85,-,-,-,-,D,Over,land,1997,,
3.0,BOB,,1997-07-29 00:00:00,300,21.0,89,1.5,1006, 25, 4,D,    ,,1997,,
3.0,BOB,,1997-07-29 00:00:00,600,21.0,89,1.5,1006, 25, 4,D,    ,,1997,,
3.0,BOB,,1997-07-29 00:00:00,1200,21.0,87.5,1.5,1006, 25, 4,D,    ,,1997,,
3.0,BOB,,1997-07-29 00:00:00,1800,21.0,87.5,1.5,1006, 25, 4,D,    ,,1997,,
3.0,BOB,,1997-07-30 00:00:00,0,21.0,87.5,1.5,1004, 25, 6,D,    ,,1997,,
3.0,BOB,,1997-07-30 00:00:00,300,21.0,87.5,2.0,1002, 30, 6,DD,    ,,1997,,
3.0,BOB,,1997-07-30 00:00:00,600,21.0,87,2.0,1002, 30, 6,DD,    ,,1997,,
3.0,BOB,,1997-07-30 00:00:00,1200,21.5,86.5,-,-,-,-,DD,    ,,1997,,
3.0,BOB,,1997-07-30 00:00:00,1800,21.5,86.5,-,-,-,-,DD,    ,,1997,,
3.0,BOB,,1997-07-31 00:00:00,0,21.5,86.5,-,-,-,-,DD,    ,,1997,,
3.0,BOB,,1997-07-31 00:00:00,300,22.0,86,-,-,-,-,DD,    ,,1997,,
3.0,BOB,,1997-07-31 00:00:00,600,22.0,86,-,-,-,-,DD,    ,,1997,,
3.0,BOB,,1997-07-31 00:00:00,1200,22.5,85,-,-,-,-,DD,    ,,1997,,
3.0,BOB,,1997-07-31 00:00:00,1800,23.0,83,-,-,-,-,DD,    ,,1997,,
3.0,BOB,,1997-08-01 00:00:00,0,24.0,82,-,-,-,-,DD,    ,,1997,,
3.0,BOB,,1997-08-01 00:00:00,300,24.5,80.5,-,-,-,-,DD,    ,,1997,,
3.0,BOB,,1997-08-01 00:00:00,600,25.0,79,-,-,-,-,DD,    ,,1997,,
3.0,BOB,,1997-08-01 00:00:00,1200,26.0,78.5,-,-,-,-,DD,    ,,1997,,
3.0,BOB,,1997-08-02 00:00:00,0,26.5,78,-,-,-,-,DD,    ,,1997,,
3.0,BOB,,1997-08-02 00:00:00,300,27.5,77.5,-,-,-,-,DD,    ,,1997,,
3.0,BOB,,1997-08-02 00:00:00,600,28.0,77,-,-,-,-,D,    ,,1997,,
4.0,BOB,,1997-08-04 00:00:00,600,20.0,91,1.5, 988, 25, 4,D,    ,,1997,,
4.0,BOB,,1997-08-04 00:00:00,900,21.5,90,1.5, 990, 25, 4,D,    ,,1997,,
4.0,BOB,,1997-08-04 00:00:00,1200,21.0,89.5,1.5, 990, 25, 4,D,    ,,1997,,
4.0,BOB,,1997-08-04 00:00:00,1800,21.5,89.5,1.5, 990, 25, 4,D,    ,,1997,,
4.0,BOB,,1997-08-05 00:00:00,0,21.5,89,1.5, 988, 25,,D,    ,,1997,,
4.0,BOB,,1997-08-05 00:00:00,300,22.0,88,2.0, 896, 30,,DD,    ,,1997,,
4.0,BOB,,1997-08-05 00:00:00,600,22.5,88,,    ,0,,DD,    ,,1997,,
4.0,BOB,,1997-08-05 00:00:00,900,22.5,88,-,-,-,-,DD,Over,land,1997,,
4.0,BOB,,1997-08-05 00:00:00,1200,22.5,87.5,-,-,-,-,DD,Over,land,1997,,
4.0,BOB,,1997-08-05 00:00:00,1800,23.0,85,-,-,-,-,DD,Over,land,1997,,
4.0,BOB,,1997-08-05 00:00:00,0,23.5,84,-,-,-,-,DD,Over,land,1997,,
4.0,BOB,,1997-08-05 00:00:00,300,23.5,83.8,-,-,-,-,DD,Over,land,1997,,
4.0,BOB,,1997-08-05 00:00:00,600,24.0,83,-,-,-,-,DD,Over,land,1997,,
4.0,BOB,,1997-08-05 00:00:00,900,24.0,82.5,-,-,-,-,DD,Over,land,1997,,
4.0,BOB,,1997-08-05 00:00:00,1200,24.0,82,-,-,-,-,DD,Over,land,1997,,
4.0,BOB,,1997-08-05 00:00:00,1800,24.0,81.5,-,-,-,-,DD,Over,land,1997,,
4.0,BOB,,1997-08-05 00:00:00,0,24.0,81.5,-,-,-,-,DD,Over,land,1997,,
4.0,BOB,,1997-08-05 00:00:00,300,25.5,78.5,-,-,-,-,DD,Over,land,1997,,
4.0,BOB,,1997-08-05 00:00:00,600,25.0,78.5,-,-,-,-,D,Over,land,1997,,
4.0,BOB,,1997-08-05 00:00:00,900,25.5,76.5,-,-,-,-,D,Over,land,1997,,
4.0,BOB,,1997-08-05 00:00:00,1200,26.0,76,-,-,-,-,D,Over,land,1997,,
4.0,BOB,,1997-08-05 00:00:00,1800,26.5,74,-,-,-,-,D,Over,land,1997,,
5.0,BOB,,1997-08-20 00:00:00,300,20.5,87.5,1.5, 992, 25, 4,D,    ,,1997,,
5.0,BOB,,1997-08-20 00:00:00,600,20.5,87,2.0, 990, 30, 6,DD,    ,,1997,,
5.0,BOB,,1997-08-20 00:00:00,1200,20.5,86.5,-,-,-,-,DD,Over,land,1997,,
5.0,BOB,,1997-08-20 00:00:00,1800,21.0,85.5,-,-,-,-,DD,Over,land,1997,,
5.0,BOB,,1997-08-21 00:00:00,0,21.0,85,-,-,-,-,DD,Over,land,1997,,
5.0,BOB,,1997-08-21 00:00:00,300,21.0,84.5,-,-,-,-,DD,Over,land,1997,,
5.0,BOB,,1997-08-21 00:00:00,600,21.0,84,-,-,-,-,DD,Over,land,1997,,
5.0,BOB,,1997-08-21 00:00:00,1200,21.0,83,-,-,-,-,DD,Over,land,1997,,
5.0,BOB,,1997-08-21 00:00:00,1800,21.5,82,-,-,-,-,DD,Over,land,1997,,
5.0,BOB,,1997-08-22 00:00:00,0,21.5,81,-,-,-,-,DD,Over,land,1997,,
5.0,BOB,,1997-08-22 00:00:00,300,21.5,81,-,-,-,-,DD,Over,land,1997,,
5.0,BOB,,1997-08-22 00:00:00,600,21.5,80.5,-,-,-,-,DD,Over,land,1997,,
5.0,BOB,,1997-08-22 00:00:00,1200,22.0,79.5,-,-,-,-,DD,Over,land,1997,,
5.0,BOB,,1997-08-22 00:00:00,1800,22.5,79,-,-,-,-,DD,Over,land,1997,,
5.0,BOB,,1997-08-23 00:00:00,0,23.0,78.5,-,-,-,-,DD,Over,land,1997,,
5.0,BOB,,1997-08-23 00:00:00,300,23.0,78,-,-,-,-,DD,Over,land,1997,,
5.0,BOB,,1997-08-23 00:00:00,600,23.0,77.5,-,-,-,-,DD,Over,land,1997,,
5.0,BOB,,1997-08-23 00:00:00,1200,23.5,77,-,-,-,-,DD,Over,land,1997,,
5.0,BOB,,1997-08-23 00:00:00,1800,24.0,77,-,-,-,-,DD,Over,land,1997,,
5.0,BOB,,1997-08-24 00:00:00,0,24.5,77,-,-,-,-,DD,Over,land,1997,,
5.0,BOB,,1997-08-24 00:00:00,300,24.5,76.5,-,-,-,-,DD,Over,land,1997,,
5.0,BOB,,1997-08-24 00:00:00,600,24.5,76.5,-,-,-,-,DD,Over,land,1997,,
5.0,BOB,,1997-08-24 00:00:00,1200,25.0,76,-,-,-,-,DD,Over,land,1997,,
5.0,BOB,,1997-08-24 00:00:00,1800,25.5,75.5,-,-,-,-,DD,Over,land,1997,,
5.0,BOB,,1997-08-25 00:00:00,0,26.0,75,-,-,-,-,DD,Over,land,1997,,
5.0,BOB,,1997-08-25 00:00:00,300,26.0,75,-,-,-,-,DD,Over,land,1997,,
5.0,BOB,,1997-08-25 00:00:00,600,26.0,75,-,-,-,-,DD,Over,land,1997,,
5.0,BOB,,1997-08-25 00:00:00,1200,26.5,74.5,-,-,-,-,DD,Over,land,1997,,
5.0,BOB,,1997-08-25 00:00:00,1800,27.0,74.5,-,-,-,-,DD,Over,land,1997,,
5.0,BOB,,1997-08-26 00:00:00,0,27.0,74,-,-,-,-,DD,Over,land,1997,,
5.0,BOB,,1997-08-26 00:00:00,300,27.0,74,-,-,-,-,DD,Over,land,1997,,
5.0,BOB,,1997-08-26 00:00:00,600,27.0,74,-,-,-,-,DD,Over,land,1997,,
5.0,BOB,,1997-08-26 00:00:00,1200,27.5,74,-,-,-,-,DD,Over,land,1997,,
5.0,BOB,,1997-08-26 00:00:00,1800,29.0,74,-,-,-,-,D,Over,land,1997,,
5.0,BOB,,1997-08-27 00:00:00,300,31.0,74,-,-,-,-,D,Over,land,1997,,
5.0,BOB,,1997-08-27 00:00:00,600,31.0,74,-,-,-,-,D,Over,land,1997,,
6.0,BOB,,1997-08-28 00:00:00,300,19.5,87,1.5, 994, 25, 4,D,    ,,1997,,
6.0,BOB,,1997-08-28 00:00:00,600,19.5,86,1.5, 994, 25, 4,D,    ,,1997,,
6.0,BOB,,1997-08-28 00:00:00,900,20.5,85.5,-,-,-,-,D,    ,,1997,,
6.0,BOB,,1997-08-28 00:00:00,1200,21.5,85,-,-,-,-,D,Over,land,1997,,
6.0,BOB,,1997-08-28 00:00:00,1800,22.0,84.5,-,-,-,-,D,Over,land,1997,,
6.0,BOB,,1997-08-29 00:00:00,0,22.5,84.5,-,-,-,-,D,Over,land,1997,,
6.0,BOB,,1997-08-29 00:00:00,300,23.0,84,-,-,-,-,D,Over,land,1997,,
6.0,BOB,,1997-08-29 00:00:00,900,23.0,84,-,-,-,-,D,Over,land,1997,,
6.0,BOB,,1997-08-29 00:00:00,1200,23.5,84,-,-,-,-,D,Over,land,1997,,
6.0,BOB,,1997-08-29 00:00:00,1800,23.5,84,-,-,-,-,D,Over,land,1997,,
6.0,BOB,,1997-08-30 00:00:00,0,24.0,83,-,-,-,-,D,Over,land,1997,,
6.0,BOB,,1997-08-30 00:00:00,300,24.0,83.5,-,-,-,-,D,Over,land,1997,,
6.0,BOB,,1997-08-30 00:00:00,600,24.0,83.5,-,-,-,-,D,Over,land,1997,,
7.0,BOB,,1997-09-23 00:00:00,300,15.5,82.5,1.5,1000, 25, 6,D,    ,,1997,,
7.0,BOB,,1997-09-23 00:00:00,600,16.0,82.5,1.5,1000, 25, 6,D,    ,,1997,,
7.0,BOB,,1997-09-23 00:00:00,900,16.0,82.5,1.5,1000, 25, 6,D,    ,,1997,,
7.0,BOB,,1997-09-23 00:00:00,1200,16.0,82.5,2.0, 998, 30, 6,DD,    ,,1997,,
7.0,BOB,,1997-09-23 00:00:00,1800,16.0,82.5,2.0, 998, 30, 6,DD,    ,,1997,,
7.0,BOB,,1997-09-24 00:00:00,0,16.5,82.5,2.0, 998, 30, 6,DD,    ,,1997,,
7.0,BOB,,1997-09-24 00:00:00,300,16.5,82.5,2.0, 998, 30, 6,DD,    ,,1997,,
7.0,BOB,,1997-09-24 00:00:00,600,16.5,82.5,2.0, 998, 30, 6,DD,    ,,1997,,
7.0,BOB,,1997-09-24 00:00:00,900,16.5,82.7,2.5, 996, 35, 8,CS,    ,,1997,,
7.0,BOB,,1997-09-24 00:00:00,1200,16.7,82.9,2.5, 996, 35, 8,CS,    ,,1997,,
7.0,BOB,,1997-09-24 00:00:00,1800,16.7,82.9,2.5, 996, 35, 8,CS,    ,,1997,,
7.0,BOB,,1997-09-25 00:00:00,0,17.3,83.6,2.5, 994, 35, 8,CS,    ,,1997,,
7.0,BOB,,1997-09-25 00:00:00,300,17.3,83.7,2.5, 994, 35, 8,CS,    ,,1997,,
7.0,BOB,,1997-09-25 00:00:00,600,17.7,84,2.5, 994, 35, 8,CS,    ,,1997,,
7.0,BOB,,1997-09-25 00:00:00,900,18.0,84.5,2.5, 994, 35, 8,CS,    ,,1997,,
7.0,BOB,,1997-09-25 00:00:00,1200,18.0,85,2.5, 994, 35, 8,CS,    ,,1997,,
7.0,BOB,,1997-09-25 00:00:00,1800,19.5,87,2.5, 994, 35, 8,CS,    ,,1997,,
7.0,BOB,,1997-09-26 00:00:00,0,19.5,87.5,2.5, 994, 35, 8,CS,    ,,1997,,
7.0,BOB,,1997-09-26 00:00:00,300,20.0,87.5,2.5, 994, 35, 8,CS,    ,,1997,,
7.0,BOB,,1997-09-26 00:00:00,600,20.5,88.5,2.5, 992, 40, 8,CS,    ,,1997,,
7.0,BOB,,1997-09-26 00:00:00,900,21.0,88.5,3.0, 990, 45,10,CS,    ,,1997,,
7.0,BOB,,1997-09-26 00:00:00,1200,21.5,89.5,3.0, 988, 45,12,CS,    ,,1997,,
7.0,BOB,,1997-09-26 00:00:00,1800,22.0,91,3.5, 984, 55,16,SCS,    ,,1997,,
7.0,BOB,,1997-09-27 00:00:00,0,23.0,91.5,-,-,-,-,CS,Over,land,1997,,
7.0,BOB,,1997-09-27 00:00:00,300,23.5,92.5,-,-,-,-,CS,Over,land,1997,,
7.0,BOB,,1997-09-27 00:00:00,600,24.0,92.5,-,-,-,-,DD,Over,land,1997,,
7.0,BOB,,1997-09-27 00:00:00,1200,24.0,93,-,-,-,-,D,    ,,1997,,
8.0,BOB,,1997-11-04 00:00:00,300,12.5,98,2.5,1006, 35, 8,CS,    ,,1997,,
8.0,BOB,,1997-11-04 00:00:00,600,13.0,97.2,2.5,1006, 35, 8,CS,    ,,1997,,
8.0,BOB,,1997-11-04 00:00:00,900,13.0,97,2.5,1004, 35, 8,CS,    ,,1997,,
8.0,BOB,,1997-11-04 00:00:00,1200,13.5,96.5,2.5,1004, 35, 8,CS,    ,,1997,,
8.0,BOB,,1997-11-04 00:00:00,1800,14.0,96,2.5,1004, 35, 8,CS,    ,,1997,,
8.0,BOB,,1997-11-05 00:00:00,0,14.0,95,2.5,1004, 35, 8,CS,    ,,1997,,
8.0,BOB,,1997-11-05 00:00:00,300,14.0,95,2.5,1004, 35, 8,CS,    ,,1997,,
8.0,BOB,,1997-11-05 00:00:00,600,14.0,95,2.5,1004, 35, 8,CS,    ,,1997,,
8.0,BOB,,1997-11-05 00:00:00,1200,14.5,94,2.5,1004, 35, 8,CS,    ,,1997,,
8.0,BOB,,1997-11-05 00:00:00,1800,14.5,94,2.5,1004, 35, 8,CS,    ,,1997,,
8.0,BOB,,1997-11-06 00:00:00,0,14.5,93.5,2.5,1004, 35, 8,CS,    ,,1997,,
8.0,BOB,,1997-11-06 00:00:00,300,15.0,93.5,2.5,1004, 35, 8,CS,    ,,1997,,
8.0,BOB,,1997-11-06 00:00:00,600,15.0,93,2.5,1004, 35, 8,CS,    ,,1997,,
8.0,BOB,,1997-11-06 00:00:00,900,15.0,92,2.5,1004, 35, 8,CS,    ,,1997,,
8.0,BOB,,1997-11-06 00:00:00,1200,15.0,92,2.5,1004, 35, 8,CS,    ,,1997,,
8.0,BOB,,1997-11-06 00:00:00,1800,15.2,92.2,2.5,1004, 35, 8,CS,    ,,1997,,
8.0,BOB,,1997-11-07 00:00:00,0,15.5,92.2,2.5,1004, 35, 8,CS,    ,,1997,,
8.0,BOB,,1997-11-07 00:00:00,300,15.5,91.5,2.5,1004, 35, 8,CS,    ,,1997,,
8.0,BOB,,1997-11-07 00:00:00,600,15.5,91.5,2.5,1004, 35, 8,CS,    ,,1997,,
8.0,BOB,,1997-11-07 00:00:00,900,15.5,91.5,2.5,1004, 35, 8,CS,    ,,1997,,
8.0,BOB,,1997-11-07 00:00:00,1200,15.5,91.5,2.5,1004, 35, 8,CS,    ,,1997,,
8.0,BOB,,1997-11-07 00:00:00,1800,15.5,91.5,2.5,1004, 35, 8,CS,    ,,1997,,
8.0,BOB,,1997-11-08 00:00:00,0,15.5,91.5,2.5,1004, 35, 8,CS,    ,,1997,,
8.0,BOB,,1997-11-08 00:00:00,300,15.5,91,2.5,1006, 35, 8,CS,    ,,1997,,
8.0,BOB,,1997-11-08 00:00:00,600,15.5,90.5,2.5,1006, 35, 8,CS,    ,,1997,,
8.0,BOB,,1997-11-08 00:00:00,900,15.5,90.5,2.5,1006, 35, 7,CS,    ,,1997,,
8.0,BOB,,1997-11-08 00:00:00,1200,15.5,90.5,2.5,1005, 35, 7,CS,    ,,1997,,
8.0,BOB,,1997-11-08 00:00:00,1800,15.5,90.5,2.5,1005, 35, 7,CS,    ,,1997,,
8.0,BOB,,1997-11-09 00:00:00,0,15.5,90.5,2.5,1005, 35, 5,CS,    ,,1997,,
8.0,BOB,,1997-11-09 00:00:00,300,15.5,90,2.0,1007, 30, 5,DD,    ,,1997,,
8.0,BOB,,1997-11-09 00:00:00,600,15.5,90,2.0,1007, 30, 5,DD,,,1997,,
8.0,BOB,,1997-11-09 00:00:00,900,15.5,90,1.5,1007, 30, 5,D,,,1997,,
9.0,ARB,,1997-11-10 00:00:00,1800,11.0,69,1.5,1006, 25, 4,D,,,1997,,
9.0,ARB,,1997-11-11 00:00:00,0,11.0,69,1.5,1007, 25, 5,D,,,1997,,
9.0,ARB,,1997-11-11 00:00:00,300,11.5,68,2.0,1007, 30, 5,DD,,,1997,,
9.0,ARB,,1997-11-11 00:00:00,600,12.0,66,2.0,1007, 30, 5,DD,,,1997,,
9.0,ARB,,1997-11-11 00:00:00,1200,13.0,65.5,2.0,1005, 30, 5,DD,,,1997,,
9.0,ARB,,1997-11-11 00:00:00,1800,13.0,65.5,2.0,1005, 30, 5,DD,,,1997,,
9.0,ARB,,1997-11-12 00:00:00,0,13.0,65.5,2.0,1005, 30, 5,DD,,,1997,,
9.0,ARB,,1997-11-12 00:00:00,300,13.5,66,2.0,1005, 30, 5,DD,,,1997,,
9.0,ARB,,1997-11-12 00:00:00,600,14.0,66.5,2.0,1005, 30, 5,DD,,,1997,,
9.0,ARB,,1997-11-12 00:00:00,1200,14.0,64.5,2.0,1005, 30, 5,DD,,,1997,,
9.0,ARB,,1997-11-12 00:00:00,1800,14.5,64.5,2.0,1005, 30, 5,DD,,,1997,,
9.0,ARB,,1997-11-13 00:00:00,0,14.5,63.5,2.0,1005, 30, 5,DD,,,1997,,
9.0,ARB,,1997-11-13 00:00:00,300,14.5,63.5,2.0,1005, 30, 5,DD,,,1997,,
9.0,ARB,,1997-11-13 00:00:00,600,14.5,63,2.0,1005, 30, 5,DD,,,1997,,
9.0,ARB,,1997-11-13 00:00:00,900,15.0,63,1.5,1006, 25, 4,D,,,1997,,
1.0,BOB,,1992-05-16 00:00:00,600,11.5,87.5,1.5,1002, 25, 4.0,D,1006,4.0,1992,,
1.0,BOB,,1992-05-16 00:00:00,1200,12.0,87.0,1.5,1000, 25, 4.0,D,1004,4.0,1992,,
1.0,BOB,,1992-05-16 00:00:00,1800,12.5,87.0,1.5,1000, 25, 4.0,D,1004,4.0,1992,,
1.0,BOB,,1992-05-17 00:00:00,0,12.5,87.0,1.5, 998, 25, 4.0,D,1002,5.0,1992,,
1.0,BOB,,1992-05-17 00:00:00,600,14.0,87.0,2.0, 996, 30, 6.0,DD,1002,6.0,1992,,
1.0,BOB,,1992-05-17 00:00:00,1200,14.5,87.5,2.0, 996, 30, 6.0,DD,1002,6.0,1992,,
1.0,BOB,,1992-05-17 00:00:00,1800,14.5,88.0,2.0, 996, 30, 6.0,DD,1002,6.0,1992,,
1.0,BOB,,1992-05-18 00:00:00,0,14.5,88.0,2.0, 994, 30, 8.0,DD,1002,7.0,1992,,
1.0,BOB,,1992-05-18 00:00:00,600,15.5,89.5,2.5, 994, 35,10.0,CS,1004,8.0,1992,,
1.0,BOB,,1992-05-18 00:00:00,1200,16.5,91.0,2.5, 992, 35,10.0,CS,1002,8.0,1992,,
1.0,BOB,,1992-05-18 00:00:00,1800,17.0,91.5,2.5, 994, 35,10.0,CS,1004,8.0,1992,,
1.0,BOB,,1992-05-19 00:00:00,0,17.5,92.5,2.5, 992, 35,10.0,CS,1002,8.0,1992,,
1.0,BOB,,1992-05-19 00:00:00,600,19.0,94.0,, 994, 35, 8.0,CS,1002,6.0,1992,,
1.0,BOB,,1992-05-19 00:00:00,1200,19.5,94.5,, 998, 25, 4.0,D,1002,4.0,1992,,
1.0,ARB,,1992-06-08 00:00:00,1200,11.5,60.0,1.5,1000, 25, 4.0,D,1004,5.0,1992,,
1.0,ARB,,1992-06-08 00:00:00,1800,11.5,60.0,1.5,1000, 25, 4.0,D,1004,5.0,1992,,
1.0,ARB,,1992-06-09 00:00:00,0,11.5,60.0,1.5, 998, 25, 4.0,D,1002,5.0,1992,,
1.0,ARB,,1992-06-09 00:00:00,600,12.0,60.0,1.5, 998, 30, 6.0,DD,1004,6.0,1992,,
1.0,ARB,,1992-06-09 00:00:00,1200,12.0,60.0,1.5, 998, 30, 6.0,DD,1004,6.0,1992,,
1.0,ARB,,1992-06-09 00:00:00,1800,12.0,60.0,1.5, 998, 30, 6.0,DD,1004,6.0,1992,,
1.0,ARB,,1992-06-10 00:00:00,0,12.5,60.0,1.5, 998, 30, 6.0,DD,1004,6.0,1992,,
1.0,ARB,,1992-06-10 00:00:00,600,12.5,59.5,2.0, 998, 30, 6.0,DD,1004,6.0,1992,,
1.0,ARB,,1992-06-10 00:00:00,1200,12.5,60.0,2.0, 998, 30, 6.0,DD,1004,6.0,1992,,
1.0,ARB,,1992-06-10 00:00:00,1800,13.0,59.0,2.0, 998, 30, 6.0,DD,1004,6.0,1992,,
1.0,ARB,,1992-06-11 00:00:00,0,13.0,58.5,2.0, 998, 30, 6.0,DD,1004,6.0,1992,,
1.0,ARB,,1992-06-11 00:00:00,600,13.0,57.0,2.5, 996, 35, 8.0,CS,1004,7.0,1992,,
1.0,ARB,,1992-06-11 00:00:00,1200,13.5,56.0,3.0, 994, 45,10.0,CS,1004,8.0,1992,,
1.0,ARB,,1992-06-11 00:00:00,1800,13.5,55.5,3.0, 994, 45,10.0,CS,1004,8.0,1992,,
1.0,ARB,,1992-06-12 00:00:00,0,14.0,55.0,2.5, 996, 35, 8.0,CS,1004,7.0,1992,,
1.0,ARB,,1992-06-12 00:00:00,600,14.0,53.0,1.5,1000, 25, 4.0,D,1004,5.0,1992,,
1.0,ARB,,1992-06-12 00:00:00,1200,14.0,52.5,1.5,1000, 25, 4.0,D,1004,5.0,1992,,
2.0,BOB,,1992-06-17 00:00:00,0,19,89,1.5,992,-,2,D,994,5.0,1992,,
2.0,BOB,,1992-06-17 00:00:00,600,19.5,88,2,988,30,6,DD,994,5.0,1992,,
2.0,BOB,,1992-06-17 00:00:00,1200,19.5,87,2,984,30,8,DD,992,5.0,1992,,
2.0,BOB,,1992-06-17 00:00:00,1800,20,86.5,-,980,30,12,DD,992,5.0,1992,,
2.0,BOB,,1992-06-18 00:00:00,0,21,86,-,984,30,8,DD,992,5.0,1992,,
2.0,BOB,,1992-06-18 00:00:00,600,21,84.5,-,990,25,4,D,994,5.0,1992,,
2.0,BOB,,1992-06-18 00:00:00,1200,21,83.5,-,990,25,4,D,994,5.0,1992,,
2.0,BOB,,1992-06-18 00:00:00,1800,21,83,-,992,25,4,D,996,5.0,1992,,
2.0,BOB,,1992-06-19 00:00:00,0,21,82.5,-,990,25,4,D,994,5.0,1992,,
2.0,BOB,,1992-06-19 00:00:00,600,21,81,-,990,25,4,D,994,6.0,1992,,
2.0,BOB,,1992-06-19 00:00:00,1200,21,80,-,988,25,4,D,992,6.0,1992,,
2.0,BOB,,1992-06-19 00:00:00,1800,21,79.5,-,990,25,4,D,994,5.0,1992,,
2.0,BOB,,1992-06-20 00:00:00,0,21,79,-,990,25,4,D,994,5.0,1992,,
2.0,BOB,,1992-06-20 00:00:00,600,21,77.5,-,990,25,4,D,994,5.0,1992,,
2.0,BOB,,1992-06-20 00:00:00,1200,21.5,76.5,-,988,-,2,,990,3,1992,,
3.0,BOB,,1992-07-26 00:00:00,0,20,88.5,1.5,990,25,4,D,994,5,1992,,
3.0,BOB,,1992-07-26 00:00:00,600,20.5,87.5,2,986,30,6,DD,992,6,1992,,
3.0,BOB,,1992-07-26 00:00:00,1200,20.5,87.5,2,986,30,8,DD,994,6,1992,,
3.0,BOB,,1992-07-26 00:00:00,1800,20.5,87,2,984,30,10,DD,994,7,1992,,
3.0,BOB,,1992-07-27 00:00:00,0,21,86,-,986,30,6,DD,992,6,1992,,
3.0,BOB,,1992-07-27 00:00:00,600,21.5,85,-,988,30,6,DD,994,6,1992,,
3.0,BOB,,1992-07-27 00:00:00,1200,22,83.5,-,988,30,6,DD,994,6,1992,,
3.0,BOB,,1992-07-27 00:00:00,1800,22,83,-,988,30,6,DD,994,6,1992,,
3.0,BOB,,1992-07-28 00:00:00,0,22,83,-,988,30,6,DD,994,6,1992,,
3.0,BOB,,1992-07-28 00:00:00,600,22.5,82.5,-,992,30,6,DD,998,6,1992,,
3.0,BOB,,1992-07-28 00:00:00,1200,23,80,-,994,30,6,DD,1000,6,1992,,
3.0,BOB,,1992-07-28 00:00:00,1800,23.5,79,-,994,30,6,DD,1000,6,1992,,
3.0,BOB,,1992-07-29 00:00:00,0,23.5,78,-,994,30,6,DD,1000,6,1992,,
3.0,BOB,,1992-07-29 00:00:00,600,24.5,76.5,-,994,30,6,DD,1000,6,1992,,
3.0,BOB,,1992-07-29 00:00:00,1200,25,76,-,994,25,4,D,998,5,1992,,
3.0,BOB,,1992-07-29 00:00:00,1800,25.5,75,-,996,25,4,D,1000,5,1992,,
3.0,BOB,,1992-07-30 00:00:00,0,26,74,-,994,25,4,D,998,5,1992,,
3.0,BOB,,1992-07-30 00:00:00,600,26.5,72.5,-,994,25,4,D,998,4,1992,,
3.0,BOB,,1992-07-30 00:00:00,1200,27,71,-,994,-,2,,996,4,1992,,
2.0,ARB,,1992-10-01 00:00:00,0,16.0,67.0,1.5,1002, 25, 4.0,D,1006,5.0,1992,,
2.0,ARB,,1992-10-01 00:00:00,600,17.0,66.0,2.0,1002, 30, 6.0,DD,1008,6.0,1992,,
2.0,ARB,,1992-10-01 00:00:00,1200,17.5,65.0,2.5, 998, 35, 8.0,CS,1006,7.0,1992,,
2.0,ARB,,1992-10-01 00:00:00,1800,17.5,64.0,2.5,1000, 35, 8.0,CS,1008,7.0,1992,,
2.0,ARB,,1992-10-02 00:00:00,0,17.5,63.0,2.5, 998, 35, 8.0,CS,1006,7.0,1992,,
2.0,ARB,,1992-10-02 00:00:00,600,17.5,62.0,3.0, 998, 45,10.0,CS,1008,8.0,1992,,
2.0,ARB,,1992-10-02 00:00:00,1200,18.5,60.5,2.5,1000, 35, 8.0,CS,1008,7.0,1992,,
2.0,ARB,,1992-10-02 00:00:00,1800,19.5,59.5,2.5,1002, 35, 8.0,CS,1010,7.0,1992,,
2.0,ARB,,1992-10-03 00:00:00,0,19.5,58.5,3.0, 996, 45,10.0,CS,1006,8.0,1992,,
2.0,ARB,,1992-10-03 00:00:00,600,20.0,56.5,-,1000, 35, 8.0,CS,1008,6.0,1992,,
2.0,ARB,,1992-10-03 00:00:00,1200,20.5,56.0,-,1000, 35, 8.0,CS,1008,6.0,1992,,
4.0,BOB,,1992-07-10 00:00:00,0,14,87,-,1002,0,2,,1004,5,1992,,
4.0,BOB,,1992-07-10 00:00:00,600,14,87,-,1002,0,2,,1004,5,1992,,
4.0,BOB,,1992-07-10 00:00:00,1200,14,85.5,1.5,1000,25,4,D,1004,6,1992,,
4.0,BOB,,1992-07-10 00:00:00,1800,14,85,2,1000,30,6,DD,1006,7,1992,,
4.0,BOB,,1992-08-10 00:00:00,0,14.5,83.5,2,1000,30,6,DD,1006,8,1992,,
4.0,BOB,,1992-08-10 00:00:00,600,15,82.5,2,1000,30,6,DD,1006,8,1992,,
4.0,BOB,,1992-08-10 00:00:00,1200,15.5,82,-,998,30,6,DD,1004,8,1992,,
4.0,BOB,,1992-08-10 00:00:00,1800,15.5,81.5,-,998,30,6,DD,4001,8,1992,,
4.0,BOB,,1992-09-10 00:00:00,0,16.5,81,-,998,30,6,DD,1004,8,1992,,
4.0,BOB,,1992-09-10 00:00:00,600,17.5,80.5,-,1002,25,4,D,1006,5,1992,,
5.0,BOB,,1992-10-20 00:00:00,1200,19.0,89.0,1.5,1000, 25, 4.0,D,1004,5.0,1992,,
5.0,BOB,,1992-10-20 00:00:00,1800,19.5,89.0,1.5,1002, 25, 4.0,D,1006,5.0,1992,,
5.0,BOB,,1992-10-21 00:00:00,0,19.5,89.5,2.0,1000, 30, 6.0,DD,1006,6.0,1992,,
5.0,BOB,,1992-10-21 00:00:00,600,20.5,90.5,2.5, 998, 35, 8.0,CS,1006,8.0,1992,,
5.0,BOB,,1992-10-21 00:00:00,1200,21.0,91.5,2.5, 996, 35, 8.0,CS,1004,8.0,1992,,
5.0,BOB,,1992-10-21 00:00:00,1800,21.0,92.0,2.5, 998, 35, 8.0,CS,1006,7.0,1992,,
5.0,BOB,,1992-10-22 00:00:00,0,22.0,94.0,-,1000, 25, 4.0,D,1004,5.0,1992,,
6.0,BOB,,1992-11-03 00:00:00,600,15.0,90.0,2.0,1000, 30, 6.0,DD,1006,5.0,1992,,
6.0,BOB,,1992-11-03 00:00:00,1200,15.5,89.5,2.0, 998, 30, 6.0,DD,1004,6.0,1992,,
6.0,BOB,,1992-11-03 00:00:00,1800,15.5,89.0,2.0,1000, 30, 6.0,DD,1006,6.0,1992,,
6.0,BOB,,1992-11-04 00:00:00,0,15.5,89.0,2.5, 998, 35, 8.0,CS,1006,7.0,1992,,
6.0,BOB,,1992-11-04 00:00:00,600,15.5,87.5,2.5, 998, 35, 8.0,CS,1006,7.0,1992,,
6.0,BOB,,1992-11-04 00:00:00,1200,15.5,87.5,2.5, 998, 35, 8.0,CS,1006,7.0,1992,,
6.0,BOB,,1992-11-04 00:00:00,1800,15.5,87.5,2.5,1000, 35, 8.0,CS,1008,8.0,1992,,
6.0,BOB,,1992-11-05 00:00:00,0,16.0,86.5,3.0, 998, 45,10.0,CS,1008,8.0,1992,,
6.0,BOB,,1992-11-05 00:00:00,600,16.0,86.0,3.0, 998, 45,10.0,CS,1008,8.0,1992,,
6.0,BOB,,1992-11-05 00:00:00,1200,16.0,86.0,3.0, 996, 45,10.0,CS,1006,8.0,1992,,
6.0,BOB,,1992-11-05 00:00:00,1800,16.0,86.0,3.0, 998, 45,10.0,CS,1008,8.0,1992,,
6.0,BOB,,1992-11-06 00:00:00,0,16.5,85.5,3.0,1000, 45,10.0,CS,1010,8.0,1992,,
6.0,BOB,,1992-11-06 00:00:00,600,16.5,85.5,3.0,1000, 45,10.0,CS,1010,8.0,1992,,
6.0,BOB,,1992-11-06 00:00:00,1200,16.5,85.5,2.5,1000, 35, 8.0,CS,1008,7.0,1992,,
6.0,BOB,,1992-11-06 00:00:00,1800,16.5,84.5,2.0,1002, 30, 6.0,DD,1008,6.0,1992,,
6.0,BOB,,1992-11-07 00:00:00,0,16.0,83.0,2.0,1004, 30, 6.0,DD,1010,6.0,1992,,
7.0,BOB,,1992-11-11 00:00:00,600,7.5,85.5,2.0,1002, 30, 6.0,DD,1008,5.0,1992,,
7.0,BOB,,1992-11-11 00:00:00,1200,7.5,84.5,3.0, 998, 45,10.0,CS,1008,6.0,1992,,
7.0,BOB,,1992-11-11 00:00:00,1800,7.5,83.5,3.0, 998, 45,10.0,CS,1008,7.0,1992,,
7.0,BOB,,1992-11-12 00:00:00,0,7.0,82.5,3.0, 996, 45,12.0,CS,1008,8.0,1992,,
7.0,BOB,,1992-11-12 00:00:00,600,7.0,81.5,2.5,1002, 35, 8.0,CS,1010,8.0,1992,,
7.0,BOB,,1992-11-12 00:00:00,1200,7.5,80.0,2.5,1000, 35, 8.0,CS,1008,8.0,1992,,
7.0,BOB,,1992-11-12 00:00:00,1800,7.5,79.5,2.5, 998, 35, 8.0,CS,1006,8.0,1992,,
7.0,BOB,,1992-11-13 00:00:00,0,7.5,79.0,2.5,1000, 35, 8.0,CS,1008,8.0,1992,,
7.0,BOB,,1992-11-13 00:00:00,600,8.0,78.5,3.5, 994, 55,16.0,SCS,1008,8.0,1992,,
7.0,BOB,,1992-11-13 00:00:00,1200,9.0,77.5,-, 996, 45,10.0,CS,1006,8.0,1992,,
7.0,BOB,,1992-11-13 00:00:00,1800,9.5,77.5,-,1000, 30, 6.0,DD,1006,6.0,1992,,
7.0,BOB,,1992-11-14 00:00:00,0,9.8,77.0,-,1000, 30, 6.0,DD,1006,6.0,1992,,
7.0,BOB,,1992-11-14 00:00:00,600,10.5,76.5,1.5,1002, 25, 4.0,D,1006,6.0,1992,,
7.0,BOB,,1992-11-14 00:00:00,1200,10.5,76.0,1.5,1002, 25, 4.0,D,1006,6.0,1992,,
7.0,BOB,,1992-11-14 00:00:00,1800,10.5,75.5,1.5,1004, 25, 4.0,D,1008,6.0,1992,,
7.0,BOB,,1992-11-15 00:00:00,0,10.5,75.0,1.5,1002, 25, 4.0,D,1006,6.0,1992,,
7.0,BOB,,1992-11-15 00:00:00,600,11.0,74.5,2.0,1000, 30, 6.0,DD,1006,6.0,1992,,
7.0,BOB,,1992-11-15 00:00:00,1200,11.5,74.5,2.0,1000, 30, 6.0,DD,1006,6.0,1992,,
7.0,BOB,,1992-11-15 00:00:00,1800,12.0,74.5,-,1002, 30, 6.0,DD,1008,6.0,1992,,
7.0,BOB,,1992-11-16 00:00:00,0,12.5,74.5,-,1000, 30, 6.0,DD,1006,6.0,1992,,
7.0,BOB,,1992-11-16 00:00:00,600,12.5,74.5,-,1002, 30, 6.0,DD,1006,6.0,1992,,
7.0,BOB,,1992-11-16 00:00:00,1200,13.5,74.5,-,1000, 30, 6.0,DD,1006,6.0,1992,,
7.0,BOB,,1992-11-16 00:00:00,1800,13.5,74.5,-,1002, 30, 6.0,DD,1008,6.0,1992,,
7.0,BOB,,1992-11-17 00:00:00,0,14.0,74.5,-,1000, 30, 6.0,DD,1006,6.0,1992,,
7.0,BOB,,1992-11-17 00:00:00,600,14.5,74.5,-,1002, 25, 4.0,D,1006,5.0,1992,,
8.0,BOB,,1992-11-16 00:00:00,600,9.5,95.5,1.5,1004, 25, 4.0,D,1008,4.0,1992,,
8.0,BOB,,1992-11-16 00:00:00,1200,9.5,94.5,1.5,1002, 25, 4.0,D,1006,5.0,1992,,
8.0,BOB,,1992-11-16 00:00:00,1800,9.5,93.5,2.0,1000, 30, 6.0,DD,1006,6.0,1992,,
8.0,BOB,,1992-11-17 00:00:00,0,9.5,92.0,2.5,1000, 35, 8.0,CS,1008,7.0,1992,,
8.0,BOB,,1992-11-17 00:00:00,600,9.5,90.5,3.0, 996, 45,10.0,CS,1006,8.0,1992,,
8.0,BOB,,1992-11-17 00:00:00,1200,10.0,90.0,3.5, 990, 55,16.0,SCS,1006,10.0,1992,,
8.0,BOB,,1992-11-17 00:00:00,1800,10.5,89.5,4.0, 986, 65,22.0,VSCS,1008,10.0,1992,,
8.0,BOB,,1992-11-18 00:00:00,0,11.0,88.5,4.5, 978, 77,30.0,VSCS,1008,10.0,1992,,
8.0,BOB,,1992-11-18 00:00:00,600,12.0,87.8,4.5, 976, 77,30.0,VSCS,1006,10.0,1992,,
8.0,BOB,,1992-11-18 00:00:00,1200,13.5,87.5,4.5, 974, 77,30.0,VSCS,1004,10.0,1992,,
8.0,BOB,,1992-11-18 00:00:00,1800,14.5,87.5,4.5, 974, 77,30.0,VSCS,1004,10.0,1992,,
8.0,BOB,,1992-11-19 00:00:00,0,16.0,87.5,5.0, 966, 90,40.0,ESCS,1006,10.0,1992,,
8.0,BOB,,1992-11-19 00:00:00,600,16.5,87.5,5.5, 952,102,52.0,ESCS,1004,10.0,1992,,
8.0,BOB,,1992-11-19 00:00:00,1200,17.5,88.5,5.5, 952,102,52.0,ESCS,1004,10.0,1992,,
8.0,BOB,,1992-11-19 00:00:00,1800,18.0,88.5,5.5, 954,102,52.0,ESCS,1006,10.0,1992,,
8.0,BOB,,1992-11-20 00:00:00,0,18.5,89.0,5.5, 954,102,52.0,ESCS,1006,10.0,1992,,
8.0,BOB,,1992-11-20 00:00:00,600,19.0,89.5,5.5, 956,102,52.0,ESCS,1008,10.0,1992,,
8.0,BOB,,1992-11-20 00:00:00,1200,19.5,90.0,5.0, 968, 90,40.0,ESCS,1008,9.0,1992,,
8.0,BOB,,1992-11-20 00:00:00,1800,19.5,91.0,5.0, 972, 90,40.0,ESCS,1012,9.0,1992,,
8.0,BOB,,1992-11-21 00:00:00,0,20.0,91.5,5.0, 972, 90,40.0,ESCS,1012,8.0,1992,,
8.0,BOB,,1992-11-21 00:00:00,600,20.0,92.5,3.0,1000, 45,10.0,CS,1010,7.0,1992,,
8.0,BOB,,1992-11-21 00:00:00,1200,20.5,93.5,,1000, 35, 8.0,CS,1008,6.0,1992,,
3.0,ARB,,1992-01-12 00:00:00,0,6,76.5,1.5,,25,,D,,,1992,,
3.0,ARB,,1992-01-12 00:00:00,600,6,76.5,1.5,,25,,D,,,1992,,
3.0,ARB,,1992-01-12 00:00:00,1200,5.5,76.5,1.5,,25,,D,,,1992,,
3.0,ARB,,1992-01-12 00:00:00,1800,5.5,76.5,1.5,,25,,D,,,1992,,
3.0,ARB,,1992-02-12 00:00:00,0,5.5,76.5,1.5,,25,,D,,,1992,,
4.0,ARB,,21.12.1992,0,5.5,69,-,1010,-,2,-,,,1992,,
4.0,ARB,,21.12.1992,600,5.5,67,2.0,1006,30,6,DD,,,1992,,
4.0,ARB,,21.12.1992,1200,5.5,65.5,2.0,1004,30,6,DD,,,1992,,
4.0,ARB,,21.12.1992,1800,5.7,64,2.0,1004,30,6,DD,,,1992,,
4.0,ARB,,22.12.1992,0,6,62,2.0,1004,30,6,DD,,,1992,,
4.0,ARB,,22.12.1992,600,6.2,61,2.0,1004,30,6,DD,,,1992,,
4.0,ARB,,22.12.1992,1200,6.5,60,2.0,1004,30,6,DD,,,1992,,
4.0,ARB,,22.12.1992,1800,6.5,59,2.0,1004,30,6,DD,,,1992,,
4.0,ARB,,23.12.1992,0,6.7,58,2.0,1002,30,8,DD,,,1992,,
4.0,ARB,,23.12.1992,600,7.5,55.5,2.0,1002,30,8,DD,,,1992,,
4.0,ARB,,23.12.1992,1200,7.5,54.5,2.0,1002,30,8,DD,,,1992,,
4.0,ARB,,23.12.1992,1800,7.7,54,2.0,1002,30,8,DD,,,1992,,
4.0,ARB,,24.12.1992,0,7.7,53.5,2.0,1002,30,8,DD,,,1992,,
4.0,ARB,,24.12.1992,600,8,51.5,2.0,1002,30,8,DD,,,1992,,
4.0,ARB,,24.12.1992,1200,8.5,50,1.5,1004,25,6,D,,,1992,,
1.0,BOB,,2000-03-27 00:00:00,1200,7.5,90,1.5,1004, 25,4,D,    ,,2000,,
1.0,BOB,,2000-03-27 00:00:00,1800,8.5,89,1.5,1006, 25,4,D,    ,,2000,,
1.0,BOB,,2000-03-28 00:00:00,0,9.5,89,1.5,1004, 25,4,D,    ,,2000,,
1.0,BOB,,2000-03-28 00:00:00,300,10,88.5,1.5,1006, 25,4,D,    ,,2000,,
1.0,BOB,,2000-03-28 00:00:00,1200,12,88,1.5,1004, 25,4,D,    ,,2000,,
1.0,BOB,,2000-03-28 00:00:00,1800,12,88,1.5,1004, 25,4,D,    ,,2000,,
1.0,BOB,,2000-03-29 00:00:00,0,12.5,88,1.5,1004, 25,4,D,    ,,2000,,
1.0,BOB,,2000-03-29 00:00:00,300,13,88,2,1002, 30,6,DD,    ,,2000,,
1.0,BOB,,2000-03-29 00:00:00,600,13.5,88,2,1002, 30,6,DD,    ,,2000,,
1.0,BOB,,2000-03-29 00:00:00,1200,14,88.5,2.5, 998, 35,8,CS,    ,,2000,,
1.0,BOB,,2000-03-29 00:00:00,1500,14.5,89,2.5,1000, 35,8,CS,    ,,2000,,
1.0,BOB,,2000-03-29 00:00:00,1800,15,89.5,2.5,1000, 35,8,CS,    ,,2000,,
1.0,BOB,,2000-03-29 00:00:00,2100,15,89.5,3,1000, 45,10,CS,    ,,2000,,
1.0,BOB,,2000-03-30 00:00:00,0,15,89.5,3, 998, 45,10,CS,    ,,2000,,
1.0,BOB,,2000-03-30 00:00:00,300,15.5,90,3, 998, 45,10,CS,    ,,2000,,
1.0,BOB,,2000-03-30 00:00:00,600,15.5,90,2.5,1000, 35,8,CS,    ,,2000,,
1.0,BOB,,2000-03-30 00:00:00,900,15,90,2,1000, 30,6,DD,    ,,2000,,
1.0,BOB,,2000-03-30 00:00:00,1200,16,90.5,1.5,1002, 25,4,D,    ,,2000,,
2.0,BOB,,2000-08-23 00:00:00,300,16.5,83.5,1.5, 994, 25,4,D,    ,,2000,,
2.0,BOB,,2000-08-23 00:00:00,600,16.5,83,1.5, 996, 25,4,D,    ,,2000,,
2.0,BOB,,2000-08-23 00:00:00,1200,16.5,82.5,1.5, 994, 25,4,D,    ,,2000,,
2.0,BOB,,2000-08-23 00:00:00,1800,17.5,82,1.5, 996, 25,4,D,    ,,2000,,
2.0,BOB,,2000-08-24 00:00:00,0,18,79.5,1.5, 996, 25,4,D,    ,,2000,,
3.0,BOB,,2000-10-15 00:00:00,0,14.5,88.5,1.5,1004, 25,4,D,    ,,2000,,
3.0,BOB,,2000-10-15 00:00:00,300,14.5,88.5,1.5,1004, 25,4,D,    ,,2000,,
3.0,BOB,,2000-10-15 00:00:00,600,14.5,88,1.5,1002, 25,4,D,    ,,2000,,
3.0,BOB,,2000-10-15 00:00:00,1200,14.5,87,1.5,1000, 25,4,D,    ,,2000,,
3.0,BOB,,2000-10-15 00:00:00,1800,14.5,86.5,2,1002, 30,6,DD,    ,,2000,,
3.0,BOB,,2000-10-16 00:00:00,0,14.5,86.3,2,1000, 30,6,DD,    ,,2000,,
3.0,BOB,,2000-10-16 00:00:00,300,14.5,86,2,1000, 30,8,DD,    ,,2000,,
3.0,BOB,,2000-10-16 00:00:00,600,14.5,85.5,2,1000, 30,8,DD,    ,,2000,,
3.0,BOB,,2000-10-16 00:00:00,1200,14.5,85,2, 998, 30,8,DD,    ,,2000,,
3.0,BOB,,2000-10-16 00:00:00,1800,14,85,2,1000, 30,8,DD,    ,,2000,,
3.0,BOB,,2000-10-17 00:00:00,0,14,84.5,2.5, 998, 35,8,CS,    ,,2000,,
3.0,BOB,,2000-10-17 00:00:00,300,14,84.5,2.5, 998, 35,8,CS,    ,,2000,,
3.0,BOB,,2000-10-17 00:00:00,600,14,84.5,2.5, 996, 35,10,CS,    ,,2000,,
3.0,BOB,,2000-10-17 00:00:00,900,14,84,2.5, 996, 35,10,CS,    ,,2000,,
3.0,BOB,,2000-10-17 00:00:00,1200,14,84,2.5, 996, 35,8,CS,    ,,2000,,
3.0,BOB,,2000-10-17 00:00:00,1500,14,84,2.5, 998, 35,8,CS,    ,,2000,,
3.0,BOB,,2000-10-17 00:00:00,1800,14,84,2.5, 998, 35,8,CS,    ,,2000,,
3.0,BOB,,2000-10-17 00:00:00,2100,14,84,2.5, 998, 35,8,CS,    ,,2000,,
3.0,BOB,,2000-10-18 00:00:00,0,14.5,83.5,2.5, 998, 35,8,CS,    ,,2000,,
3.0,BOB,,2000-10-18 00:00:00,300,14,83.5,2,1000, 30,6,DD,    ,,2000,,
3.0,BOB,,2000-10-18 00:00:00,600,14,83.5,2,1000, 30,6,DD,    ,,2000,,
3.0,BOB,,2000-10-18 00:00:00,1200,14,83,2, 998, 30,6,DD,    ,,2000,,
3.0,BOB,,2000-10-18 00:00:00,1800,14.5,82.5,1.5,1000, 25,4,D,    ,,2000,,
3.0,BOB,,2000-10-19 00:00:00,300,14.5,82,1.5,1004, 25,4,D,    ,,2000,,
3.0,BOB,,2000-10-19 00:00:00,600,14.5,82,1.5,1004, 25,4,D,    ,,2000,,
4.0,BOB,,2000-10-25 00:00:00,900,13.5,93,1.5,1002, 25,4,D,    ,,2000,,
4.0,BOB,,2000-10-25 00:00:00,1200,14,92.5,1.5,1002, 25,4,D,    ,,2000,,
4.0,BOB,,2000-10-25 00:00:00,1800,14.5,92,1.5,1002, 25,4,D,    ,,2000,,
4.0,BOB,,2000-10-26 00:00:00,0,15,91.5,1.5,1002, 25,4,D,    ,,2000,,
4.0,BOB,,2000-10-26 00:00:00,300,15.5,90.5,1.5,1004, 25,4,D,    ,,2000,,
4.0,BOB,,2000-10-26 00:00:00,600,16.5,90.5,1.5,1002, 25,4,D,    ,,2000,,
4.0,BOB,,2000-10-26 00:00:00,1200,16.5,89.5,1.5,1002, 25,4,D,    ,,2000,,
4.0,BOB,,2000-10-26 00:00:00,1800,17,89,1.5,1004, 25,4,D,    ,,2000,,
4.0,BOB,,2000-10-27 00:00:00,0,17.5,88.5,1.5,1002, 25,4,D,    ,,2000,,
4.0,BOB,,2000-10-27 00:00:00,300,18,88.5,2,1002, 30,6,DD,    ,,2000,,
4.0,BOB,,2000-10-27 00:00:00,600,18.5,88.5,2,1002, 30,6,DD,    ,,2000,,
4.0,BOB,,2000-10-27 00:00:00,1200,19,88.5,2,1000, 30,6,DD,    ,,2000,,
4.0,BOB,,2000-10-27 00:00:00,1800,20.5,88.5,2.5, 998, 35,8,CS,    ,,2000,,
4.0,BOB,,2000-10-27 00:00:00,2100,21,88.5,2.5, 998, 35,8,CS,    ,,2000,,
4.0,BOB,,2000-10-28 00:00:00,0,21.5,89,2.5, 998, 35,8,CS,    ,,2000,,
4.0,BOB,,2000-10-28 00:00:00,300,22.5,89,,    , 30,6,DD,    ,,2000,,
4.0,BOB,,2000-10-28 00:00:00,600,23,89.5,,    , 30,6,DD,    ,,2000,,
4.0,BOB,,2000-10-28 00:00:00,1200,23.5,90.5,,    , 25,4,D,    ,,2000,,
4.0,BOB,,2000-10-28 00:00:00,1800,24,93,,    , 25,4,D,    ,,2000,,
4.0,BOB,,2000-10-29 00:00:00,0,24,94,,    , 25,4,D,    ,,2000,,
5.0,BOB,,2000-11-26 00:00:00,300,8.5,91.5,1.5,1004, 25,4,D,    ,,2000,,
5.0,BOB,,2000-11-26 00:00:00,600,9.5,90.5,1.5,1004, 25,4,D,    ,,2000,,
5.0,BOB,,2000-11-26 00:00:00,900,9.5,91,1.5,1004, 25,4,D,    ,,2000,,
5.0,BOB,,2000-11-26 00:00:00,1200,10,89.5,1.5,1004, 25,4,D,    ,,2000,,
5.0,BOB,,2000-11-26 00:00:00,1500,10,90,2,1004, 30,6,DD,    ,,2000,,
5.0,BOB,,2000-11-26 00:00:00,1800,10,90,2,1002, 30,6,DD,    ,,2000,,
5.0,BOB,,2000-11-27 00:00:00,0,10.5,88,2,1002, 30,6,DD,    ,,2000,,
5.0,BOB,,2000-11-27 00:00:00,300,11,87.5,2,1004, 30,6,DD,    ,,2000,,
5.0,BOB,,2000-11-27 00:00:00,600,11,87,2,1002, 30,8,DD,    ,,2000,,
5.0,BOB,,2000-11-27 00:00:00,900,11,86.5,2.5, 998, 35,10,CS,    ,,2000,,
5.0,BOB,,2000-11-27 00:00:00,1200,11,86,3, 998, 45,10,CS,    ,,2000,,
5.0,BOB,,2000-11-27 00:00:00,1500,11,85.5,3, 998, 45,10,CS,    ,,2000,,
5.0,BOB,,2000-11-27 00:00:00,1800,11,85,3, 998, 45,10,CS,    ,,2000,,
5.0,BOB,,2000-11-27 00:00:00,2100,11,84.5,3, 998, 45,10,CS,    ,,2000,,
5.0,BOB,,2000-11-28 00:00:00,0,11.5,84,3.5, 992, 55,15,SCS,    ,,2000,,
5.0,BOB,,2000-11-28 00:00:00,300,11.5,83.5,3.5, 992, 55,15,SCS,    ,,2000,,
5.0,BOB,,2000-11-28 00:00:00,600,11.5,83,4, 986, 65,20,VSCS,    ,,2000,,
5.0,BOB,,2000-11-28 00:00:00,900,11.5,82.5,4, 986, 65,20,VSCS,    ,,2000,,
5.0,BOB,,2000-11-28 00:00:00,1200,11.5,82,4.5, 978, 77,30,VSCS,    ,,2000,,
5.0,BOB,,2000-11-28 00:00:00,1500,11.5,81.8,5, 968, 90,40,ESCS,    ,,2000,,
5.0,BOB,,2000-11-28 00:00:00,1800,11.5,81.5,5.5, 958,102,52,ESCS,    ,,2000,,
5.0,BOB,,2000-11-28 00:00:00,2100,11.5,81.2,5.5, 958,102,52,ESCS,    ,,2000,,
5.0,BOB,,2000-11-29 00:00:00,0,11.5,81,5, 968, 90,40,ESCS,    ,,2000,,
5.0,BOB,,2000-11-29 00:00:00,300,11.5,80.5,5, 966, 90,40,ESCS,    ,,2000,,
5.0,BOB,,2000-11-29 00:00:00,600,11.5,80.5,4.5, 976, 77,30,VSCS,    ,,2000,,
5.0,BOB,,2000-11-29 00:00:00,900,11.5,80,4.5, 976, 77,30,VSCS,    ,,2000,,
5.0,BOB,,2000-11-29 00:00:00,1200,11.5,80,, 998, 55,10,SCS,    ,,2000,,
5.0,BOB,,2000-11-29 00:00:00,1800,11,78.5,, 998, 45,10,CS,    ,,2000,,
5.0,BOB,,2000-11-30 00:00:00,300,11.5,78,,1002, 30,4,DD,    ,,2000,,
5.0,BOB,,2000-11-30 00:00:00,600,11.5,77,,1004, 25,2,D,    ,,2000,,
6.0,BOB,,2000-12-23 00:00:00,300,8,86,1.5,1006, 25,4,D,    ,,2000,,
6.0,BOB,,2000-12-23 00:00:00,600,8,86,1.5,1006, 25,4,D,    ,,2000,,
6.0,BOB,,2000-12-23 00:00:00,1200,8,85,1.5,1006, 25,4,D,    ,,2000,,
6.0,BOB,,2000-12-23 00:00:00,1800,8,84.5,1.5,1006, 25,4,D,    ,,2000,,
6.0,BOB,,2000-12-24 00:00:00,0,8,84,2,1004, 30,6,DD,    ,,2000,,
6.0,BOB,,2000-12-24 00:00:00,300,8.5,84,2,1004, 30,6,DD,    ,,2000,,
6.0,BOB,,2000-12-24 00:00:00,600,8.5,84,2,1004, 30,6,DD,    ,,2000,,
6.0,BOB,,2000-12-24 00:00:00,1200,8.5,83.5,2,1004, 30,6,DD,    ,,2000,,
6.0,BOB,,2000-12-24 00:00:00,1800,8.5,83.5,2,1004, 30,6,DD,    ,,2000,,
6.0,BOB,,2000-12-25 00:00:00,0,8.5,83,2.5,1004, 30,6,DD,    ,,2000,,
6.0,BOB,,2000-12-25 00:00:00,300,8.5,83,2.5,1004, 35,6,CS,    ,,2000,,
6.0,BOB,,2000-12-25 00:00:00,600,8.5,83,3,1000, 45,10,CS,    ,,2000,,
6.0,BOB,,2000-12-25 00:00:00,1200,8.5,83,3.5, 994, 55,16,SCS,    ,,2000,,
6.0,BOB,,2000-12-25 00:00:00,1800,8.5,83,4, 990, 65,20,VSCS,    ,,2000,,
6.0,BOB,,2000-12-26 00:00:00,0,8.5,82.5,4, 990, 65,20,VSCS,    ,,2000,,
6.0,BOB,,2000-12-26 00:00:00,300,8.5,82.5,4, 990, 65,20,VSCS,    ,,2000,,
6.0,BOB,,2000-12-26 00:00:00,600,8.5,82,4.5, 982, 77,30,VSCS,    ,,2000,,
6.0,BOB,,2000-12-26 00:00:00,900,8.5,81.5,4.5, 982, 77,28,VSCS,    ,,2000,,
6.0,BOB,,2000-12-26 00:00:00,1200,8.5,81,5, 970, 90,40,ESCS,    ,,2000,,
6.0,BOB,,2000-12-26 00:00:00,1500,8.5,81,5, 970, 90,40,ESCS,    ,,2000,,
6.0,BOB,,2000-12-26 00:00:00,1800,8.5,81,4.5, 982, 77,30,VSCS,    ,,2000,,
6.0,BOB,,2000-12-26 00:00:00,2100,8.5,81,4.5, 982, 77,28,VSCS,    ,,2000,,
6.0,BOB,,2000-12-27 00:00:00,0,8.5,81,4.5, 984, 77,28,VSCS,    ,,2000,,
6.0,BOB,,2000-12-27 00:00:00,300,8.5,80,4, 986, 77,24,VSCS,    ,,2000,,
6.0,BOB,,2000-12-27 00:00:00,600,8.5,79.5,4, 986, 77,24,VSCS,    ,,2000,,
6.0,BOB,,2000-12-27 00:00:00,900,8.5,79,4, 988, 77,22,VSCS,    ,,2000,,
6.0,BOB,,2000-12-27 00:00:00,1200,8.5,78.5,3.5, 990, 65,20,SCS,    ,,2000,,
6.0,BOB,,2000-12-27 00:00:00,1500,8.5,78.5,3.5, 996, 55,16,SCS,    ,,2000,,
6.0,BOB,,2000-12-27 00:00:00,1800,8.5,78.5,3.5, 998, 55,14,SCS,    ,,2000,,
6.0,BOB,,2000-12-27 00:00:00,2100,8.5,78,3,1002, 55,10,CS,    ,,2000,,
6.0,BOB,,2000-12-28 00:00:00,0,8.5,77.5,2.5,1004, 35,8,CS,    ,,2000,,
6.0,BOB,,2000-12-28 00:00:00,300,8.5,77.5,2.5,1004, 35,8,CS,    ,,2000,,
6.0,BOB,,2000-12-28 00:00:00,600,8.5,77,2,1004, 30,6,DD,    ,,2000,,
6.0,BOB,,2000-12-28 00:00:00,1200,9,76.5,1.5,1006, 25,4,D,    ,,2000,,
6.0,BOB,,2000-12-29 00:00:00,0,9,75.5,1,1002,0,,L,    ,,2000,,
1.0,ARB,,2002-05-06 00:00:00,300,11,67,1.5,1002, 25,4,D,    ,,2002,,
1.0,ARB,,2002-05-06 00:00:00,600,11.5,66.5,1.5,1002, 25,4,D,    ,,2002,,
1.0,ARB,,2002-05-06 00:00:00,1200,12,66,1.5,1000, 25,4,D,    ,,2002,,
1.0,ARB,,2002-05-06 00:00:00,1800,12,65.5,1.5,1000, 25,4,D,    ,,2002,,
1.0,ARB,,2002-05-07 00:00:00,0,13,65,1.5,1000, 25,4,D,    ,,2002,,
1.0,ARB,,2002-05-07 00:00:00,300,13.5,64.5,2, 998, 30,6,DD,    ,,2002,,
1.0,ARB,,2002-05-07 00:00:00,600,13.5,64,2, 998, 30,6,DD,    ,,2002,,
1.0,ARB,,2002-05-07 00:00:00,1200,13.5,63,2, 996, 30,6,DD,    ,,2002,,
1.0,ARB,,2002-05-07 00:00:00,1800,13.5,62.5,2, 998, 30,6,DD,    ,,2002,,
1.0,ARB,,2002-05-08 00:00:00,0,13.5,62.5,2, 996, 30,6,DD,    ,,2002,,
1.0,ARB,,2002-05-08 00:00:00,300,13.5,62,1.5,1002, 25,4,D,    ,,2002,,
1.0,ARB,,2002-05-08 00:00:00,600,13.5,61.5,1.5,1002, 25,4,D,    ,,2002,,
1.0,ARB,,2002-05-08 00:00:00,1200,13.5,61,1.5,1000, 25,4,D,    ,,2002,,
1.0,ARB,,2002-05-08 00:00:00,1800,14,60.5,1.5, 998, 25,4,D,    ,,2002,,
1.0,ARB,,2002-05-08 00:00:00,2100,14,60,1.5, 998, 25,4,D,    ,,2002,,
1.0,ARB,,2002-05-09 00:00:00,0,14,60,1.5, 998, 25,4,D,    ,,2002,,
1.0,ARB,,2002-05-09 00:00:00,300,14,59.5,2, 998, 30,6,DD,    ,,2002,,
1.0,ARB,,2002-05-09 00:00:00,600,14.5,58.5,2.5, 998, 35,8,CS,    ,,2002,,
1.0,ARB,,2002-05-09 00:00:00,900,14.5,58,2.5, 996, 35,8,CS,    ,,2002,,
1.0,ARB,,2002-05-09 00:00:00,1200,15,57,2.5, 994, 35,8,CS,    ,,2002,,
1.0,ARB,,2002-05-09 00:00:00,1500,15,56.5,2.5, 994, 35,8,CS,    ,,2002,,
1.0,ARB,,2002-05-09 00:00:00,1800,15.5,56,2.5, 996, 35,8,CS,    ,,2002,,
1.0,ARB,,2002-05-09 00:00:00,2100,15.5,55,2.5, 998, 35,8,CS,    ,,2002,,
1.0,ARB,,2002-05-10 00:00:00,0,16,54.5,2.5, 998, 35,8,CS,    ,,2002,,
1.0,ARB,,2002-05-10 00:00:00,300,16,54,2.5, 998, 35,8,CS,    ,,2002,,
1.0,ARB,,2002-05-10 00:00:00,600,16.5,54,2.5, 998, 35,8,CS,    ,,2002,,
2.0,BOB,,2002-05-11 00:00:00,300,12,96,1.5,1006, 25,4,D,    ,,2002,,
2.0,BOB,,2002-05-11 00:00:00,600,13,96.5,1.5,1006, 25,4,D,    ,,2002,,
2.0,BOB,,2002-05-11 00:00:00,1200,14.5,96.5,2,1004, 30,6,DD,    ,,2002,,
2.0,BOB,,2002-05-11 00:00:00,1800,15.5,96.5,2,1004, 30,6,DD,    ,,2002,,
2.0,BOB,,2002-05-12 00:00:00,0,16,96.5,2,1004, 30,6,DD,    ,,2002,,
2.0,BOB,,2002-05-12 00:00:00,300,17.5,97,2,1004, 30,6,DD,    ,,2002,,
3.0,BOB,,2002-10-22 00:00:00,900,13.5,81.5,1.5,1002, 25,4,D,    ,,2002,,
3.0,BOB,,2002-10-22 00:00:00,1200,13.5,81.5,1.5,1002, 25,4,D,    ,,2002,,
3.0,BOB,,2002-10-22 00:00:00,1800,14,81.5,1.5,1004, 25,4,D,    ,,2002,,
3.0,BOB,,2002-10-23 00:00:00,300,14,81.5,1.5,1004, 25,4,D,    ,,2002,,
3.0,BOB,,2002-10-23 00:00:00,600,14,81.5,1.5,1004, 25,4,D,    ,,2002,,
3.0,BOB,,2002-10-23 00:00:00,1200,14,81.5,1.5,1002, 25,4,D,    ,,2002,,
3.0,BOB,,2002-10-23 00:00:00,1800,14,81.5,1.5,1004, 25,4,D,    ,,2002,,
4.0,BOB,,2002-11-10 00:00:00,300,12,82.5,1.5,1004, 25,4,D,    ,,2002,,
4.0,BOB,,2002-11-10 00:00:00,600,12,82.5,1.5,1004, 25,4,D,    ,,2002,,
4.0,BOB,,2002-11-10 00:00:00,1200,12,82.5,2,1002, 30,6,DD,    ,,2002,,
4.0,BOB,,2002-11-10 00:00:00,1800,12.5,82.5,2,1004, 30,6,DD,    ,,2002,,
4.0,BOB,,2002-11-11 00:00:00,0,13.5,82.5,2,1004, 30,6,DD,    ,,2002,,
4.0,BOB,,2002-11-11 00:00:00,300,14,83,2,1004, 30,6,DD,    ,,2002,,
4.0,BOB,,2002-11-11 00:00:00,600,14.5,83.5,2,1004, 30,6,DD,    ,,2002,,
4.0,BOB,,2002-11-11 00:00:00,900,15,84,2, 998, 30,6,DD,    ,,2002,,
4.0,BOB,,2002-11-11 00:00:00,1200,16,84.5,2.5, 996, 45,10,CS,    ,,2002,,
4.0,BOB,,2002-11-11 00:00:00,1500,16,84,3, 996, 45,10,CS,    ,,2002,,
4.0,BOB,,2002-11-11 00:00:00,1800,16,84,3, 996, 45,10,CS,    ,,2002,,
4.0,BOB,,2002-11-11 00:00:00,2100,16.5,84,3, 996, 45,10,CS,    ,,2002,,
4.0,BOB,,2002-11-12 00:00:00,0,19,86.5,3.5, 996, 45,10,CS,    ,,2002,,
4.0,BOB,,2002-11-12 00:00:00,300,20,87,3, 996, 45,10,CS,    ,,2002,,
4.0,BOB,,2002-11-12 00:00:00,600,21,87.5,3.5, 990, 55,15,SCS,    ,,2002,,
4.0,BOB,,2002-11-12 00:00:00,900,22.5,88.5,,    ,0,8,CS,    ,,2002,,
4.0,BOB,,2002-11-12 00:00:00,1200,24,90,,    ,0,6,DD,    ,,2002,,
4.0,BOB,,2002-11-12 00:00:00,1500,25,91.5,,    ,0,6,D,    ,,2002,,
5.0,BOB,,2002-11-23 00:00:00,300,10,87,1.5,1004, 25,4,D,    ,,2002,,
5.0,BOB,,2002-11-23 00:00:00,600,10.5,87,1.5,1004, 25,4,D,    ,,2002,,
5.0,BOB,,2002-11-23 00:00:00,1200,12,87,1.5,1002, 25,4,D,    ,,2002,,
5.0,BOB,,2002-11-23 00:00:00,1800,12.5,87,2,1002, 30,6,DD,    ,,2002,,
5.0,BOB,,2002-11-23 00:00:00,2100,12.5,87.5,2,1002, 30,6,DD,    ,,2002,,
5.0,BOB,,2002-11-24 00:00:00,0,13,87.5,2,1002, 30,6,DD,    ,,2002,,
5.0,BOB,,2002-11-24 00:00:00,300,13,87.5,2.5,1002, 35,8,CS,    ,,2002,,
5.0,BOB,,2002-11-24 00:00:00,600,13.5,87.5,2.5,1002, 35,8,CS,    ,,2002,,
5.0,BOB,,2002-11-24 00:00:00,900,14,87.5,2.5,1000, 35,8,CS,    ,,2002,,
5.0,BOB,,2002-11-24 00:00:00,1200,15,88,2.5,1000, 35,8,CS,    ,,2002,,
5.0,BOB,,2002-11-24 00:00:00,1500,15,88,2.5,1000, 35,8,CS,    ,,2002,,
5.0,BOB,,2002-11-24 00:00:00,1800,15,88,2.5,1000, 35,8,CS,    ,,2002,,
5.0,BOB,,2002-11-25 00:00:00,0,15.5,88,2.5,1002, 35,8,CS,    ,,2002,,
5.0,BOB,,2002-11-25 00:00:00,300,15.5,88,2.5,1002, 35,8,CS,    ,,2002,,
5.0,BOB,,2002-11-25 00:00:00,600,15.5,88,2.5,1002, 35,8,CS,    ,,2002,,
5.0,BOB,,2002-11-25 00:00:00,900,15.5,88,2.5,1002, 35,8,CS,    ,,2002,,
5.0,BOB,,2002-11-25 00:00:00,1200,15.5,88,2.5,1000, 35,8,CS,    ,,2002,,
5.0,BOB,,2002-11-25 00:00:00,1500,15.5,88,2.5,1002, 35,8,CS,    ,,2002,,
5.0,BOB,,2002-11-25 00:00:00,1800,15.5,88,2.5,1002, 35,6,CS,    ,,2002,,
5.0,BOB,,2002-11-26 00:00:00,0,16,88,2.5,1002, 35,8,CS,    ,,2002,,
5.0,BOB,,2002-11-26 00:00:00,300,16,88,2.5,1002, 35,8,CS,    ,,2002,,
5.0,BOB,,2002-11-26 00:00:00,600,16,88,2.5,1002, 35,8,CS,    ,,2002,,
5.0,BOB,,2002-11-26 00:00:00,900,16,88,2.5,1000, 35,8,CS,    ,,2002,,
5.0,BOB,,2002-11-26 00:00:00,1200,16.5,88.5,2.5,1000, 35,8,CS,    ,,2002,,
5.0,BOB,,2002-11-26 00:00:00,1500,16.5,89,2.5,1002, 35,8,CS,    ,,2002,,
5.0,BOB,,2002-11-26 00:00:00,1800,16.5,89.5,2.5,1002, 35,8,CS,    ,,2002,,
5.0,BOB,,2002-11-26 00:00:00,2100,16.5,89.5,2.5,1002, 35,8,CS,    ,,2002,,
5.0,BOB,,2002-11-27 00:00:00,0,16.5,90,2.5,1002, 35,8,CS,    ,,2002,,
5.0,BOB,,2002-11-27 00:00:00,300,17,90,2.5,1004, 35,8,CS,    ,,2002,,
5.0,BOB,,2002-11-27 00:00:00,600,17,90.5,2.5,1004, 35,8,CS,    ,,2002,,
5.0,BOB,,2002-11-27 00:00:00,1200,17.2,91,2,1006, 30,6,DD,    ,,2002,,
5.0,BOB,,2002-11-27 00:00:00,1800,17.5,91,1.5,1006, 25,4,D,    ,,2002,,
5.0,BOB,,2002-11-28 00:00:00,0,17.5,91,1.5,1008, 25,4,D,    ,,2002,,
5.0,BOB,,2002-11-28 00:00:00,300,17.5,91.5,1.5,1008, 25,4,D,    ,,2002,,
5.0,BOB,,2002-11-28 00:00:00,600,17.5,91.5,1.5,1008, 25,4,D,    ,,2002,,
5.0,BOB,,2002-11-28 00:00:00,1200,18,92,1.5,1008, 25,4,D,    ,,2002,,
6.0,BOB,,2002-12-21 00:00:00,300,4,77,1.5,1006, 25,4,D,    ,,2002,,
6.0,BOB,,2002-12-21 00:00:00,600,4.5,77.5,1.5,1006, 25,4,D,    ,,2002,,
6.0,BOB,,2002-12-21 00:00:00,1200,4.5,78,1.5,1006, 25,4,D,    ,,2002,,
6.0,BOB,,2002-12-21 00:00:00,1800,4.5,78,1.5,1006, 25,4,D,    ,,2002,,
6.0,BOB,,2002-12-22 00:00:00,0,4.5,78.3,1.5,1006, 25,4,D,    ,,2002,,
6.0,BOB,,2002-12-22 00:00:00,300,4.5,78.5,1.5,1006, 25,4,D,    ,,2002,,
6.0,BOB,,2002-12-22 00:00:00,600,4.5,79,1.5,1006, 25,4,D,    ,,2002,,
6.0,BOB,,2002-12-22 00:00:00,1200,4.5,79.5,1.5,1006, 25,4,D,    ,,2002,,
6.0,BOB,,2002-12-22 00:00:00,1800,4.5,80,1.5,1006, 25,4,D,    ,,2002,,
6.0,BOB,,2002-12-23 00:00:00,0,4.5,80.5,1.5,1006, 25,4,D,    ,,2002,,
6.0,BOB,,2002-12-23 00:00:00,300,4.5,80.5,1.5,1006, 25,4,D,    ,,2002,,
6.0,BOB,,2002-12-23 00:00:00,600,4.5,80.5,1.5,1004, 25,4,D,    ,,2002,,
6.0,BOB,,2002-12-23 00:00:00,1200,5,81,1.5,1004, 25,4,D,    ,,2002,,
6.0,BOB,,2002-12-23 00:00:00,1800,5,81,2,1004, 30,6,DD,    ,,2002,,
6.0,BOB,,2002-12-24 00:00:00,0,5,81,2,1004, 30,6,DD,    ,,2002,,
6.0,BOB,,2002-12-24 00:00:00,300,5.5,81.5,2.5,1002, 35,8,CS,    ,,2002,,
6.0,BOB,,2002-12-24 00:00:00,600,5.5,81.5,2.5,1002, 35,8,CS,    ,,2002,,
6.0,BOB,,2002-12-24 00:00:00,900,6,82,2.5,1002, 35,8,CS,    ,,2002,,
6.0,BOB,,2002-12-24 00:00:00,1200,6,82,2.5,1000, 35,8,CS,    ,,2002,,
6.0,BOB,,2002-12-24 00:00:00,1500,6.5,82.5,2.5,1000, 35,8,CS,    ,,2002,,
6.0,BOB,,2002-12-24 00:00:00,1800,6.5,82.5,2.5,1002, 35,8,CS,    ,,2002,,
6.0,BOB,,2002-12-24 00:00:00,2100,6.5,82.5,2.5,1002, 35,8,CS,    ,,2002,,
6.0,BOB,,2002-12-25 00:00:00,0,7,83.5,2.5,1002, 35,8,CS,    ,,2002,,
6.0,BOB,,2002-12-25 00:00:00,300,7,83.5,2,1004, 30,6,DD,    ,,2002,,
6.0,BOB,,2002-12-25 00:00:00,600,7,84.5,2,1004, 30,6,DD,    ,,2002,,
6.0,BOB,,2002-12-25 00:00:00,1200,7.5,86,1.5,1004, 25,4,D,    ,,2002,,
6.0,BOB,,2002-12-25 00:00:00,1500,7.5,86,1.5,1004, 25,4,D,    ,,2002,,
1.0,ARB,,2001-05-21 00:00:00,1200,13.5,69,1.5,1000, 25,4,D,    ,,2001,,
1.0,ARB,,2001-05-21 00:00:00,1800,13.5,70,1.5,1000, 25,4,D,    ,,2001,,
1.0,ARB,,2001-05-21 00:00:00,2100,13.5,70,2, 998, 30,6,DD,    ,,2001,,
1.0,ARB,,2001-05-22 00:00:00,0,14,71,2, 998, 30,6,DD,    ,,2001,,
1.0,ARB,,2001-05-22 00:00:00,300,14,71.5,2.5, 996, 40,8,CS,    ,,2001,,
1.0,ARB,,2001-05-22 00:00:00,600,14,71.5,3, 996, 45,10,CS,    ,,2001,,
1.0,ARB,,2001-05-22 00:00:00,900,14,71.5,3, 994, 45,10,CS,    ,,2001,,
1.0,ARB,,2001-05-22 00:00:00,1200,14,71.5,3, 992, 45,12,CS,    ,,2001,,
1.0,ARB,,2001-05-22 00:00:00,1500,14,71.5,3.5, 990, 55,14,SCS,    ,,2001,,
1.0,ARB,,2001-05-22 00:00:00,1800,14,71.5,3.5, 988, 55,16,SCS,    ,,2001,,
1.0,ARB,,2001-05-22 00:00:00,2100,14.5,71.5,4, 982, 65,22,VSCS,    ,,2001,,
1.0,ARB,,2001-05-23 00:00:00,0,14.5,71.5,4, 980, 65,22,VSCS,    ,,2001,,
1.0,ARB,,2001-05-23 00:00:00,300,15,71.5,4.5, 974, 77,30,VSCS,    ,,2001,,
1.0,ARB,,2001-05-23 00:00:00,600,15.5,71,5, 964, 90,40,ESCS,    ,,2001,,
1.0,ARB,,2001-05-23 00:00:00,900,16,71,5, 962, 90,40,ESCS,    ,,2001,,
1.0,ARB,,2001-05-23 00:00:00,1200,16,70.5,5, 960, 90,40,ESCS,    ,,2001,,
1.0,ARB,,2001-05-23 00:00:00,1500,16,70.5,5, 962, 90,40,ESCS,    ,,2001,,
1.0,ARB,,2001-05-23 00:00:00,1800,16,70.5,5, 962, 90,40,ESCS,    ,,2001,,
1.0,ARB,,2001-05-23 00:00:00,2100,16,70,5, 960, 90,40,ESCS,    ,,2001,,
1.0,ARB,,2001-05-24 00:00:00,0,16,69.5,5, 960, 90,40,ESCS,    ,,2001,,
1.0,ARB,,2001-05-24 00:00:00,300,16.5,69.5,5.5, 950,102,52,ESCS,    ,,2001,,
1.0,ARB,,2001-05-24 00:00:00,600,17,69,5.5, 946,102,52,ESCS,    ,,2001,,
1.0,ARB,,2001-05-24 00:00:00,900,17,68.5,6, 932,115,66,ESCS,    ,,2001,,
1.0,ARB,,2001-05-24 00:00:00,1200,17,68.5,6, 932,115,66,ESCS,    ,,2001,,
1.0,ARB,,2001-05-24 00:00:00,1500,17,68.5,6, 932,115,66,ESCS,    ,,2001,,
1.0,ARB,,2001-05-24 00:00:00,1800,17,68.5,6, 932,115,66,ESCS,    ,,2001,,
1.0,ARB,,2001-05-24 00:00:00,2100,17,68,6, 932,115,66,ESCS,    ,,2001,,
1.0,ARB,,2001-05-25 00:00:00,0,17,67.5,6, 932,115,66,ESCS,    ,,2001,,
1.0,ARB,,2001-05-25 00:00:00,300,17,68,5.5, 948,102,52,ESCS,    ,,2001,,
1.0,ARB,,2001-05-25 00:00:00,600,17,68,5, 960, 90,40,ESCS,    ,,2001,,
1.0,ARB,,2001-05-25 00:00:00,900,17,68,5, 960, 90,40,ESCS,    ,,2001,,
1.0,ARB,,2001-05-25 00:00:00,1200,17.2,67.5,4.5, 968, 77,30,VSCS,    ,,2001,,
1.0,ARB,,2001-05-25 00:00:00,1500,17,68,4.5, 968, 77,30,VSCS,    ,,2001,,
1.0,ARB,,2001-05-25 00:00:00,1800,17,68,4.5, 970, 77,30,VSCS,    ,,2001,,
1.0,ARB,,2001-05-25 00:00:00,2100,17,67.5,4.5, 970, 77,30,VSCS,    ,,2001,,
1.0,ARB,,2001-05-26 00:00:00,0,17.5,67.5,4, 976, 65,20,VSCS,    ,,2001,,
1.0,ARB,,2001-05-26 00:00:00,300,17.5,67.5,3.5, 982, 55,16,SCS,    ,,2001,,
1.0,ARB,,2001-05-26 00:00:00,600,17.5,67.5,3.5, 984, 55,16,SCS,    ,,2001,,
1.0,ARB,,2001-05-26 00:00:00,900,17.5,67.5,3.5, 984, 55,16,SCS,    ,,2001,,
1.0,ARB,,2001-05-26 00:00:00,1200,17.5,67.5,3.5, 982, 55,16,SCS,    ,,2001,,
1.0,ARB,,2001-05-26 00:00:00,1500,17.5,67.5,3.5, 982, 55,16,SCS,    ,,2001,,
1.0,ARB,,2001-05-26 00:00:00,1800,17.5,67.5,3.5, 982, 55,16,SCS,    ,,2001,,
1.0,ARB,,2001-05-26 00:00:00,2100,18,67.5,3.5, 982, 55,16,SCS,    ,,2001,,
1.0,ARB,,2001-05-27 00:00:00,0,18,67.5,3.5, 984, 55,16,SCS,    ,,2001,,
1.0,ARB,,2001-05-27 00:00:00,300,18,67.5,3, 986, 45,12,CS,    ,,2001,,
1.0,ARB,,2001-05-27 00:00:00,600,18,67.5,3, 986, 45,10,CS,    ,,2001,,
1.0,ARB,,2001-05-27 00:00:00,900,18,67.5,3, 986, 45,10,CS,    ,,2001,,
1.0,ARB,,2001-05-27 00:00:00,1200,19,67.5,3, 988, 45,8,CS,    ,,2001,,
1.0,ARB,,2001-05-27 00:00:00,1500,19,68,2.5, 994, 35,8,CS,    ,,2001,,
1.0,ARB,,2001-05-27 00:00:00,1800,19,68,2.5, 994, 35,8,CS,    ,,2001,,
1.0,ARB,,2001-05-27 00:00:00,2100,19.5,68,2.5, 994, 35,8,CS,    ,,2001,,
1.0,ARB,,2001-05-28 00:00:00,0,19.5,68,2.5, 994, 35,8,CS,    ,,2001,,
1.0,ARB,,2001-05-28 00:00:00,300,20,68,2.5, 994, 35,8,CS,    ,,2001,,
1.0,ARB,,2001-05-28 00:00:00,600,20,68,2.5, 996, 35,8,CS,    ,,2001,,
1.0,ARB,,2001-05-28 00:00:00,900,20,68,2.5, 996, 35,8,CS,    ,,2001,,
1.0,ARB,,2001-05-28 00:00:00,1200,21,68.5,2, 996, 30,6,DD,    ,,2001,,
1.0,ARB,,2001-05-28 00:00:00,1500,21,68.5,2, 996, 30,6,DD,    ,,2001,,
1.0,ARB,,2001-05-28 00:00:00,1800,21.5,69,1.5, 998, 25,4,D,    ,,2001,,
1.0,ARB,,2001-05-28 00:00:00,2100,21.5,69,1.5, 998, 25,4,D,    ,,2001,,
1.0,ARB,,2001-05-29 00:00:00,0,21.5,69,1.5, 998, 25,4,D,    ,,2001,,
2.0,BOB,,2001-06-12 00:00:00,300,19.5,87,1.5, 990, 25,4,D,    ,,2001,,
2.0,BOB,,2001-06-12 00:00:00,1200,20,86.5,1.5, 990, 25,4,D,    ,,2001,,
2.0,BOB,,2001-06-13 00:00:00,300,21,85.5,1.5, 994, 25,4,D,    ,,2001,,
2.0,BOB,,2001-06-13 00:00:00,900,21,85,1.5, 994, 25,4,D,    ,,2001,,
2.0,BOB,,2001-06-13 00:00:00,1200,21.5,84.5,,    ,0,,L,    ,,2001,,
3.0,ARB,,2001-09-24 00:00:00,900,17,69.5,1.5,1006, 25,2,D,    ,,2001,,
3.0,ARB,,2001-09-24 00:00:00,1200,17,69.5,1.5,1006, 25,2,D,    ,,2001,,
3.0,ARB,,2001-09-24 00:00:00,1800,17,69,2,1004, 30,4,DD,    ,,2001,,
3.0,ARB,,2001-09-25 00:00:00,0,17,69,2,1004, 30,4,DD,    ,,2001,,
3.0,ARB,,2001-09-25 00:00:00,300,17,68.5,2,1004, 30,4,DD,    ,,2001,,
3.0,ARB,,2001-09-25 00:00:00,600,17,68,2,1000, 30,4,DD,    ,,2001,,
3.0,ARB,,2001-09-25 00:00:00,900,17,68,2,1000, 30,4,DD,    ,,2001,,
3.0,ARB,,2001-09-25 00:00:00,1200,17,68,2.5,1000, 35,6,CS,    ,,2001,,
3.0,ARB,,2001-09-25 00:00:00,1500,17,68,2.5,1000, 35,6,CS,    ,,2001,,
3.0,ARB,,2001-09-25 00:00:00,1800,17,68,2.5,1000, 35,6,CS,    ,,2001,,
3.0,ARB,,2001-09-25 00:00:00,2100,17,69,2.5,1000, 35,6,CS,    ,,2001,,
3.0,ARB,,2001-09-26 00:00:00,0,17,68,2.5,1000, 35,6,CS,    ,,2001,,
3.0,ARB,,2001-09-26 00:00:00,300,18,67.5,2.5,1000, 35,6,CS,    ,,2001,,
3.0,ARB,,2001-09-26 00:00:00,600,17.5,67,2.5,1000, 35,6,CS,    ,,2001,,
3.0,ARB,,2001-09-26 00:00:00,900,18,66.5,2.5,1000, 35,6,CS,    ,,2001,,
3.0,ARB,,2001-09-26 00:00:00,1200,18.3,66,2.5,1000, 35,6,CS,    ,,2001,,
3.0,ARB,,2001-09-26 00:00:00,1500,18.5,66,2.5,1000, 35,6,CS,    ,,2001,,
3.0,ARB,,2001-09-26 00:00:00,1800,18.5,65.5,2.5,1000, 35,6,CS,    ,,2001,,
3.0,ARB,,2001-09-26 00:00:00,2100,18.5,65.5,2.5,1000, 35,6,CS,    ,,2001,,
3.0,ARB,,2001-09-27 00:00:00,0,18.5,65,2.5,1000, 35,6,CS,    ,,2001,,
3.0,ARB,,2001-09-27 00:00:00,300,18.5,64,2.5,1000, 35,6,CS,    ,,2001,,
3.0,ARB,,2001-09-27 00:00:00,600,18.5,64,2.5,1004, 35,6,CS,    ,,2001,,
3.0,ARB,,2001-09-27 00:00:00,1200,18.5,63.5,2,1006, 30,4,DD,    ,,2001,,
3.0,ARB,,2001-09-27 00:00:00,1800,18.5,63,2,1006, 30,4,DD,    ,,2001,,
3.0,ARB,,2001-09-27 00:00:00,2100,18.5,62.5,1.5,1008, 25,4,D,    ,,2001,,
4.0,ARB,,2001-10-08 00:00:00,2100,18.3,71,1.5,1004, 25,4,D,    ,,2001,,
4.0,ARB,,2001-10-09 00:00:00,0,18.5,70.5,1.5,1004, 25,4,D,    ,,2001,,
4.0,ARB,,2001-10-09 00:00:00,300,18.5,70,2,1002, 30,6,DD,    ,,2001,,
4.0,ARB,,2001-10-09 00:00:00,600,18.5,69,2,1000, 30,6,DD,    ,,2001,,
4.0,ARB,,2001-10-09 00:00:00,900,19,68.5,2.5, 998, 35,6,CS,    ,,2001,,
4.0,ARB,,2001-10-09 00:00:00,1200,19,68,2.5, 998, 30,6,CS,    ,,2001,,
4.0,ARB,,2001-10-09 00:00:00,1500,19,68,2.5, 998, 35,6,CS,    ,,2001,,
4.0,ARB,,2001-10-09 00:00:00,1800,19,67.5,2.5, 998, 35,6,CS,    ,,2001,,
4.0,ARB,,2001-10-09 00:00:00,2100,19,67.5,2.5, 998, 35,6,CS,    ,,2001,,
4.0,ARB,,2001-10-10 00:00:00,0,19,67.5,2.5, 998, 35,6,CS,    ,,2001,,
4.0,ARB,,2001-10-10 00:00:00,300,19,67.5,2,1000, 30,6,DD,    ,,2001,,
4.0,ARB,,2001-10-10 00:00:00,600,19,67.5,2,1000, 30,6,DD,    ,,2001,,
4.0,ARB,,2001-10-10 00:00:00,900,19,67.5,2,1002, 25,4,D,    ,,2001,,
5.0,BOB,,2001-10-14 00:00:00,1200,13.5,84,1.5,1000, 25,4,D,    ,,2001,,
5.0,BOB,,2001-10-14 00:00:00,1800,13.5,83,1.5,1002, 25,4,D,    ,,2001,,
5.0,BOB,,2001-10-15 00:00:00,0,13.5,83,1.5,1002, 25,4,D,    ,,2001,,
5.0,BOB,,2001-10-15 00:00:00,300,13.5,82.5,1.5,1002, 25,4,D,    ,,2001,,
5.0,BOB,,2001-10-15 00:00:00,600,13.5,82,1.5,1002, 25,6,D,    ,,2001,,
5.0,BOB,,2001-10-15 00:00:00,900,13.5,81.5,2,1000, 30,6,DD,    ,,2001,,
5.0,BOB,,2001-10-15 00:00:00,1200,13.7,81,2.5, 998, 35,8,CS,    ,,2001,,
5.0,BOB,,2001-10-15 00:00:00,1500,14,80.5,2.5, 998, 35,8,CS,    ,,2001,,
5.0,BOB,,2001-10-15 00:00:00,1800,14,80,2.5, 998, 35,8,CS,    ,,2001,,
5.0,BOB,,2001-10-15 00:00:00,2100,14,80,2.5, 998, 35,8,CS,    ,,2001,,
5.0,BOB,,2001-10-16 00:00:00,0,14,79.5,2.5,1000, 35,8,CS,    ,,2001,,
5.0,BOB,,2001-10-16 00:00:00,300,14,79.5,,1000, 35,8,CS,    ,,2001,,
5.0,BOB,,2001-10-16 00:00:00,600,14,79.5,,1000, 35,8,CS,    ,,2001,,
5.0,BOB,,2001-10-16 00:00:00,900,14.5,79.5,,1000, 35,8,CS,    ,,2001,,
5.0,BOB,,2001-10-16 00:00:00,1200,14.5,79.5,,1002, 30,6,DD,    ,,2001,,
5.0,BOB,,2001-10-16 00:00:00,1800,15,79,,1004, 25,4,D,    ,,2001,,
6.0,BOB,,2001-11-11 00:00:00,300,16.5,83,1.5,1004, 25,4,D,    ,,2001,,
6.0,BOB,,2001-11-11 00:00:00,600,17,83.5,1.5,1006, 25,4,D,    ,,2001,,
6.0,BOB,,2001-11-11 00:00:00,1200,17.5,84.5,1.5,1004, 25,4,D,    ,,2001,,
6.0,BOB,,2001-11-11 00:00:00,1800,18,85,1.5,1004, 25,4,D,    ,,2001,,
6.0,BOB,,2001-11-12 00:00:00,0,18.5,85.5,1.5,1004, 25,4,D,    ,,2001,,
1.0,BOB,,2003-05-10 00:00:00,300,6,90.5,1.5,1002, 25,,D,    ,,2003,,
1.0,BOB,,2003-05-10 00:00:00,600,6,90.5,1.5,1002, 25,,D,    ,,2003,,
1.0,BOB,,2003-05-10 00:00:00,900,7,90.5,1.5,1002, 25,,D,    ,,2003,,
1.0,BOB,,2003-05-10 00:00:00,1200,8,89.5,2.0,1002, 30, 4,DD,    ,,2003,,
1.0,BOB,,2003-05-10 00:00:00,1500,8,89.5,2.0,1000, 30, 4,DD,    ,,2003,,
1.0,BOB,,2003-05-10 00:00:00,1800,8.5,89,2.0,1000, 30, 4,DD,    ,,2003,,
1.0,BOB,,2003-05-10 00:00:00,2100,8.5,89,2.0,1000, 30, 4,DD,    ,,2003,,
1.0,BOB,,2003-05-11 00:00:00,0,9,88.5,2.5,1000, 35, 6,CS,    ,,2003,,
1.0,BOB,,2003-05-11 00:00:00,300,9.5,87.5,2.5, 998, 35, 6,CS,    ,,2003,,
1.0,BOB,,2003-05-11 00:00:00,600,10,87,2.5, 998, 35, 6,CS,    ,,2003,,
1.0,BOB,,2003-05-11 00:00:00,900,10,87,3.0, 998, 45,10,CS,    ,,2003,,
1.0,BOB,,2003-05-11 00:00:00,1200,10.5,86.5,3.5, 990, 55,14,SCS,    ,,2003,,
1.0,BOB,,2003-05-11 00:00:00,1500,10.5,86.5,3.5, 990, 55,14,SCS,    ,,2003,,
1.0,BOB,,2003-05-11 00:00:00,1800,11,86,3.5, 990, 55,14,SCS,    ,,2003,,
1.0,BOB,,2003-05-11 00:00:00,2100,11,86,3.5, 986, 55,16,SCS,    ,,2003,,
1.0,BOB,,2003-05-12 00:00:00,0,11,86,3.5, 986, 55,16,SCS,    ,,2003,,
1.0,BOB,,2003-05-12 00:00:00,300,11,86,3.5, 986, 55,16,SCS,    ,,2003,,
1.0,BOB,,2003-05-12 00:00:00,600,11,86,3.5, 986, 55,16,SCS,    ,,2003,,
1.0,BOB,,2003-05-12 00:00:00,900,11,86,3.5, 986, 55,16,SCS,    ,,2003,,
1.0,BOB,,2003-05-12 00:00:00,1200,11.5,85.5,3.5, 986, 55,16,SCS,    ,,2003,,
1.0,BOB,,2003-05-12 00:00:00,1500,11.5,85.5,3.5, 986, 55,16,SCS,    ,,2003,,
1.0,BOB,,2003-05-12 00:00:00,1800,11.5,85.5,4.0, 982, 65,20,VSCS,    ,,2003,,
1.0,BOB,,2003-05-12 00:00:00,2100,11.5,85.5,4.0, 982, 65,20,VSCS,    ,,2003,,
1.0,BOB,,2003-05-13 00:00:00,0,11.5,85.5,4.0, 982, 65,20,VSCS,    ,,2003,,
1.0,BOB,,2003-05-13 00:00:00,300,12,85,4.0, 982, 65,20,VSCS,    ,,2003,,
1.0,BOB,,2003-05-13 00:00:00,600,12.5,85,4.5, 980, 75,28,VSCS,    ,,2003,,
1.0,BOB,,2003-05-13 00:00:00,900,12.5,85,4.5, 980, 75,28,VSCS,    ,,2003,,
1.0,BOB,,2003-05-13 00:00:00,1200,12.5,85,4.0, 982, 65,20,VSCS,    ,,2003,,
1.0,BOB,,2003-05-13 00:00:00,1500,12.5,85,4.0, 982, 65,20,VSCS,    ,,2003,,
1.0,BOB,,2003-05-13 00:00:00,1800,13,85,4.0, 982, 65,20,VSCS,    ,,2003,,
1.0,BOB,,2003-05-13 00:00:00,2100,13,85,4.0, 982, 65,20,VSCS,    ,,2003,,
1.0,BOB,,2003-05-14 00:00:00,0,13.5,85,4.0, 980, 65,22,VSCS,    ,,2003,,
1.0,BOB,,2003-05-14 00:00:00,300,14,85,4.0, 982, 65,20,VSCS,    ,,2003,,
1.0,BOB,,2003-05-14 00:00:00,600,14,85,3.5, 986, 55,16,SCS,    ,,2003,,
1.0,BOB,,2003-05-14 00:00:00,900,14.5,85.5,3.5, 986, 55,14,SCS,    ,,2003,,
1.0,BOB,,2003-05-14 00:00:00,1200,14.5,85.5,3.0, 990, 45,10,CS,    ,,2003,,
1.0,BOB,,2003-05-14 00:00:00,1500,14.5,85.5,2.5, 990, 35, 6,CS,    ,,2003,,
1.0,BOB,,2003-05-14 00:00:00,1800,14.5,85.5,2.5, 994, 35, 6,CS,    ,,2003,,
1.0,BOB,,2003-05-14 00:00:00,2100,14.5,86,2.5, 994, 35, 6,CS,    ,,2003,,
1.0,BOB,,2003-05-15 00:00:00,0,14.5,86,2.5, 992, 35, 6,CS,    ,,2003,,
1.0,BOB,,2003-05-15 00:00:00,300,14.5,86,2.5, 994, 35, 6,CS,    ,,2003,,
1.0,BOB,,2003-05-15 00:00:00,600,14.5,86,2.5, 994, 35, 6,CS,    ,,2003,,
1.0,BOB,,2003-05-15 00:00:00,900,14.5,86,2.5, 994, 35, 6,CS,    ,,2003,,
1.0,BOB,,2003-05-15 00:00:00,1200,14.5,86,2.5, 994, 35, 6,CS,    ,,2003,,
1.0,BOB,,2003-05-15 00:00:00,1500,14.5,86,2.5, 994, 35, 6,CS,    ,,2003,,
1.0,BOB,,2003-05-15 00:00:00,1800,14.5,86,2.5, 994, 35, 6,CS,    ,,2003,,
1.0,BOB,,2003-05-15 00:00:00,2100,14.5,86,2.5, 994, 35, 6,CS,    ,,2003,,
1.0,BOB,,2003-05-16 00:00:00,0,14.5,86,2.5, 994, 35, 6,CS,    ,,2003,,
1.0,BOB,,2003-05-16 00:00:00,300,14.5,86.5,2.5, 996, 35, 6,CS,    ,,2003,,
1.0,BOB,,2003-05-16 00:00:00,600,14.5,86.5,2.5, 996, 35, 6,CS,    ,,2003,,
1.0,BOB,,2003-05-16 00:00:00,900,14.5,86.5,2.5, 996, 35, 6,CS,    ,,2003,,
1.0,BOB,,2003-05-16 00:00:00,1200,14.5,87,2.0, 996, 30, 4,DD,    ,,2003,,
1.0,BOB,,2003-05-16 00:00:00,1500,14.5,87,2.0, 996, 30, 4,DD,    ,,2003,,
1.0,BOB,,2003-05-16 00:00:00,1800,14.5,87,2.0, 996, 30, 4,DD,    ,,2003,,
1.0,BOB,,2003-05-16 00:00:00,2100,14.5,87,2.0, 996, 30, 4,DD,    ,,2003,,
1.0,BOB,,2003-05-17 00:00:00,0,14.5,87,2.0, 996, 30, 4,DD,    ,,2003,,
1.0,BOB,,2003-05-17 00:00:00,300,14.5,87.5,2.0, 998, 30, 4,DD,    ,,2003,,
1.0,BOB,,2003-05-17 00:00:00,600,14.5,87.5,2.0, 998, 30, 4,DD,    ,,2003,,
1.0,BOB,,2003-05-17 00:00:00,900,14.5,87.5,2.0, 998, 30, 4,DD,    ,,2003,,
1.0,BOB,,2003-05-17 00:00:00,1200,14.5,88,2.0, 998, 30, 4,DD,    ,,2003,,
1.0,BOB,,2003-05-17 00:00:00,1500,14.5,88.5,2.0, 998, 30, 4,DD,    ,,2003,,
1.0,BOB,,2003-05-17 00:00:00,1800,14.5,89,2.0, 998, 30, 4,DD,    ,,2003,,
1.0,BOB,,2003-05-17 00:00:00,2100,14.5,89.5,2.0, 998, 30, 4,DD,    ,,2003,,
1.0,BOB,,2003-05-18 00:00:00,0,14.5,90,2.0,1000, 30, 4,DD,    ,,2003,,
1.0,BOB,,2003-05-18 00:00:00,300,14.5,90.5,2.0,1000, 30, 4,DD,    ,,2003,,
1.0,BOB,,2003-05-18 00:00:00,600,14.5,90.5,2.0,1000, 30, 4,DD,    ,,2003,,
1.0,BOB,,2003-05-18 00:00:00,900,14.5,90.5,2.0,1000, 30, 4,DD,    ,,2003,,
1.0,BOB,,2003-05-18 00:00:00,1200,14.5,91,2.0, 998, 30, 4,DD,    ,,2003,,
1.0,BOB,,2003-05-18 00:00:00,1500,14.5,91,2.0, 998, 30, 4,DD,    ,,2003,,
1.0,BOB,,2003-05-18 00:00:00,1800,15,91.5,2.0, 998, 30, 4,DD,    ,,2003,,
1.0,BOB,,2003-05-18 00:00:00,2100,15.5,91.5,2.0, 998, 30, 4,DD,    ,,2003,,
1.0,BOB,,2003-05-19 00:00:00,0,16,92,2.0, 998, 30, 4,DD,    ,,2003,,
1.0,BOB,,2003-05-19 00:00:00,300,16.5,92.5,2.0, 998, 30, 4,DD,    ,,2003,,
1.0,BOB,,2003-05-19 00:00:00,600,17.5,93,2.5, 996, 35, 6,CS,    ,,2003,,
1.0,BOB,,2003-05-19 00:00:00,900,18,93,2.5, 994, 35, 6,CS,    ,,2003,,
1.0,BOB,,2003-05-19 00:00:00,1200,18.5,93.5,2.5, 994, 35, 6,CS,    ,,2003,,
1.0,BOB,,2003-05-19 00:00:00,1500,19,93.5,2.5, 994, 35, 6,CS,    ,,2003,,
1.0,BOB,,2003-05-19 00:00:00,1800,19.5,94,2.5, 994, 45, 6,CS,    ,,2003,,
1.0,BOB,,2003-05-19 00:00:00,2100,20,94.5,,    ,0,,CS,    ,,2003,,
2.0,BOB,,2003-07-25 00:00:00,300,21,89,1.5, 992, 25, 2,D,    ,,2003,,
2.0,BOB,,2003-07-25 00:00:00,1200,21.5,88,2.0, 988, 30, 4,DD,    ,,2003,,
2.0,BOB,,2003-07-26 00:00:00,300,22,86,-, 990, 30, 4,DD,    ,,2003,,
2.0,BOB,,2003-07-26 00:00:00,1200,22,84,-, 988, 30, 4,DD,    ,,2003,,
2.0,BOB,,2003-07-27 00:00:00,300,22.5,80,-, 992, 25, 2,D,    ,,2003,,
2.0,BOB,,2003-07-27 00:00:00,1200,23,77.5,-, 992, 25, 2,D,    ,,2003,,
2.0,BOB,,2003-07-28 00:00:00,300,24,76.5,-, 994, 25, 2,D,    ,,2003,,
3.0,BOB,,2003-08-27 00:00:00,1200,20.5,88.5,1.5, 996, 25, 4,D,    ,,2003,,
3.0,BOB,,2003-08-28 00:00:00,300,21,85.5,-, 996, 25, 4,D,    ,,2003,,
3.0,BOB,,2003-08-28 00:00:00,1200,21,85.5,-, 996, 25, 4,D,    ,,2003,,
4.0,BOB,,2003-10-06 00:00:00,300,16.5,84,1.5, 998, 25, 4,D,    ,,2003,,
4.0,BOB,,2003-10-06 00:00:00,900,17,84,1.5, 998, 25, 4,D,    ,,2003,,
4.0,BOB,,2003-10-06 00:00:00,1200,17.5,84,1.5, 998, 25, 4,D,    ,,2003,,
4.0,BOB,,2003-10-07 00:00:00,300,19,83,-, 998, 25, 4,D,    ,,2003,,
4.0,BOB,,2003-10-07 00:00:00,1200,19,83,-, 998, 25, 4,D,    ,,2003,,
4.0,BOB,,2003-10-08 00:00:00,300,21,82.5,-, 998, 25, 4,D,    ,,2003,,
4.0,BOB,,2003-10-08 00:00:00,1200,21.5,84.5,-,1000, 25, 4,D,    ,,2003,,
4.0,BOB,,2003-10-09 00:00:00,300,23.5,86,-,1000, 25, 4,D,    ,,2003,,
4.0,BOB,,2003-10-09 00:00:00,1200,25,87,-,1000, 25, 4,D,    ,,2003,,
5.0,BOB,,2003-10-26 00:00:00,1200,13.5,93.5,1.5,1004, 25,,D,    ,,2003,,
5.0,BOB,,2003-10-27 00:00:00,300,14,90.5,2.0,1004, 30, 4,DD,    ,,2003,,
5.0,BOB,,2003-10-27 00:00:00,1200,14.5,89,2.0,1006, 30, 4,DD,    ,,2003,,
5.0,BOB,,2003-10-28 00:00:00,300,16.5,84.5,2.0,1004, 30, 4,DD,    ,,2003,,
5.0,BOB,,2003-10-28 00:00:00,900,17.8,83.5,1.5,1006, 25,,D,    ,,2003,,
6.0,ARB,,2003-11-12 00:00:00,300,6.5,61.5,1.5,1002, 25, 2,D,    ,,2003,,
6.0,ARB,,2003-11-12 00:00:00,1200,6.5,59.5,2.0,1000, 30, 4,DD,    ,,2003,,
6.0,ARB,,2003-11-12 00:00:00,1800,6.5,59,2.0, 998, 35, 6,CS,    ,,2003,,
6.0,ARB,,2003-11-13 00:00:00,0,6.5,58,2.5, 998, 35, 6,CS,    ,,2003,,
6.0,ARB,,2003-11-13 00:00:00,300,6.5,58,2.5, 998, 35, 6,CS,    ,,2003,,
6.0,ARB,,2003-11-13 00:00:00,600,6.5,58,3.5, 994, 55,14,SCS,    ,,2003,,
6.0,ARB,,2003-11-13 00:00:00,900,6.2,57.7,3.5, 990, 55,14,SCS,    ,,2003,,
6.0,ARB,,2003-11-13 00:00:00,1200,6,57.5,3.5, 990, 55,14,SCS,    ,,2003,,
6.0,ARB,,2003-11-13 00:00:00,1500,6,57,3.5, 990, 55,14,SCS,    ,,2003,,
6.0,ARB,,2003-11-13 00:00:00,1800,6,57,3.5, 990, 55,14,SCS,    ,,2003,,
6.0,ARB,,2003-11-13 00:00:00,2100,6,57,3.5, 990, 55,14,SCS,    ,,2003,,
6.0,ARB,,2003-11-14 00:00:00,0,6,56.5,3.5, 990, 55,14,SCS,    ,,2003,,
6.0,ARB,,2003-11-14 00:00:00,300,6,56.5,3.5, 990, 55,14,SCS,    ,,2003,,
6.0,ARB,,2003-11-14 00:00:00,600,5.5,55.5,3.5, 990, 55,14,SCS,    ,,2003,,
6.0,ARB,,2003-11-14 00:00:00,900,5.5,55,3.5, 990, 55,14,SCS,    ,,2003,,
6.0,ARB,,2003-11-14 00:00:00,1200,5.5,54.5,2.5, 994, 45, 6,CS,    ,,2003,,
6.0,ARB,,2003-11-14 00:00:00,1500,5.5,54.5,2.5, 994, 35, 6,CS,    ,,2003,,
6.0,ARB,,2003-11-14 00:00:00,1800,5.5,52,2.5, 996, 30, 4,DD,    ,,2003,,
6.0,ARB,,2003-11-14 00:00:00,2100,5.5,51.5,2.5, 996, 30, 4,DD,    ,,2003,,
6.0,ARB,,2003-11-15 00:00:00,0,5.5,51,2.0, 998, 30, 4,DD,    ,,2003,,
6.0,ARB,,2003-11-15 00:00:00,300,5.5,51,1.5,1000, 25, 2,D,    ,,2003,,
6.0,ARB,,2003-11-15 00:00:00,1200,5.5,50.5,1.5,1000, 25, 2,D,    ,,2003,,
7.0,BOB,,2003-12-11 00:00:00,1200,4.5,90.5,1.5,1004, 25, 2,D,    ,,2003,,
7.0,BOB,,2003-12-12 00:00:00,300,6,89,1.5,1006, 25, 2,D,    ,,2003,,
7.0,BOB,,2003-12-12 00:00:00,1200,7.5,88,1.5,1004, 25, 2,D,    ,,2003,,
7.0,BOB,,2003-12-13 00:00:00,300,9,87.5,2.0,1004, 30, 4,DD,    ,,2003,,
7.0,BOB,,2003-12-13 00:00:00,1200,9.5,87,2.5,1002, 35, 6,CS,    ,,2003,,
7.0,BOB,,2003-12-13 00:00:00,1500,10,87,2.5,1002, 35, 6,CS,    ,,2003,,
7.0,BOB,,2003-12-13 00:00:00,1800,10,87,2.5,1002, 35, 6,CS,    ,,2003,,
7.0,BOB,,2003-12-13 00:00:00,2100,10.5,86.5,2.5,1000, 35, 6,CS,    ,,2003,,
7.0,BOB,,2003-12-14 00:00:00,0,10.5,86,2.5, 998, 35, 6,CS,    ,,2003,,
7.0,BOB,,2003-12-14 00:00:00,300,11,85,3.0, 998, 45,10,CS,    ,,2003,,
7.0,BOB,,2003-12-14 00:00:00,600,11,85,3.0, 996, 45,10,CS,    ,,2003,,
7.0,BOB,,2003-12-14 00:00:00,900,11.5,84.5,3.0, 994, 45,10,CS,    ,,2003,,
7.0,BOB,,2003-12-14 00:00:00,1200,12,83.5,3.5, 992, 55,14,SCS,    ,,2003,,
7.0,BOB,,2003-12-14 00:00:00,1500,12.5,83,3.5, 992, 55,14,SCS,    ,,2003,,
7.0,BOB,,2003-12-14 00:00:00,1800,12.8,82.5,3.5, 992, 55,14,SCS,    ,,2003,,
7.0,BOB,,2003-12-14 00:00:00,2100,13.4,82.2,3.5, 992, 55,14,SCS,    ,,2003,,
7.0,BOB,,2003-12-15 00:00:00,0,13.8,81.7,3.5, 992, 55,14,SCS,    ,,2003,,
7.0,BOB,,2003-12-15 00:00:00,300,14,81.5,3.5, 992, 55,14,SCS,    ,,2003,,
7.0,BOB,,2003-12-15 00:00:00,600,14.3,81.5,3.5, 992, 55,14,SCS,    ,,2003,,
7.0,BOB,,2003-12-15 00:00:00,900,15,81,3.5, 992, 55,14,SCS,    ,,2003,,
7.0,BOB,,2003-12-15 00:00:00,1200,15.5,81,3.5, 990, 55,14,SCS,    ,,2003,,
7.0,BOB,,2003-12-15 00:00:00,1500,15.8,81,3.5, 992, 55,14,SCS,    ,,2003,,
7.0,BOB,,2003-12-15 00:00:00,1800,16,81,3.5, 992, 55,14,SCS,    ,,2003,,
7.0,BOB,,2003-12-15 00:00:00,2100,16.5,81,-,-,-,-,CS,    ,,2003,,
7.0,BOB,,2003-12-16 00:00:00,0,17,81,-,-,-,-,CS,    ,,2003,,
7.0,BOB,,2003-12-16 00:00:00,300,17,81,-,-,-,-,DD,    ,,2003,,
7.0,BOB,,2003-12-16 00:00:00,600,17.5,81.5,-,-,-,-,D,    ,,2003,,
7.0,BOB,,2003-12-16 00:00:00,1200,17.5,81.5,-,-,-,-,D,    ,,2003,,
1.0,ARB,,2004-05-05 00:00:00,300,11.5,73.5,1.5,1002,25,,D,    ,,2004,,
1.0,ARB,,2004-05-05 00:00:00,600,11.5,73.5,2.0,1000,30,4,DD,    ,,2004,,
1.0,ARB,,2004-05-05 00:00:00,900,11.5,73.5,2.0,1000,30,4,DD,    ,,2004,,
1.0,ARB,,2004-05-05 00:00:00,1200,11.5,73.5,2.5,994,35,6,CS,    ,,2004,,
1.0,ARB,,2004-05-05 00:00:00,1500,11.5,73,2.5,994,35,6,CS,    ,,2004,,
1.0,ARB,,2004-05-05 00:00:00,1800,11.5,73,2.5,994,35,6,CS,    ,,2004,,
1.0,ARB,,2004-05-05 00:00:00,2100,11.5,73,2.5,992,35,6,CS,    ,,2004,,
1.0,ARB,,2004-05-06 00:00:00,0,11.5,73,2.5,992,35,6,CS,    ,,2004,,
1.0,ARB,,2004-05-06 00:00:00,300,11.5,73,3.0,992,45,10,CS,    ,,2004,,
1.0,ARB,,2004-05-06 00:00:00,600,11.5,73,3.0,992,45,10,CS,    ,,2004,,
1.0,ARB,,2004-05-06 00:00:00,900,11.5,73,3.0,990,45,10,CS,    ,,2004,,
1.0,ARB,,2004-05-06 00:00:00,1200,11.5,73,3.0,988,45,10,CS,    ,,2004,,
1.0,ARB,,2004-05-06 00:00:00,1500,11.5,73,3.0,990,45,10,CS,    ,,2004,,
1.0,ARB,,2004-05-06 00:00:00,1800,11.5,73,3.0,990,45,10,CS,    ,,2004,,
1.0,ARB,,2004-05-06 00:00:00,2100,11.5,73,3.0,990,45,10,CS,    ,,2004,,
1.0,ARB,,2004-05-07 00:00:00,0,11.5,73,3.0,990,45,10,CS,    ,,2004,,
1.0,ARB,,2004-05-07 00:00:00,300,12.5,72,3.5,988,55,14,SCS,    ,,2004,,
1.0,ARB,,2004-05-07 00:00:00,600,13,71.5,3.5,986,55,14,SCS,    ,,2004,,
1.0,ARB,,2004-05-07 00:00:00,900,13,71.5,3.5,986,55,14,SCS,    ,,2004,,
1.0,ARB,,2004-05-07 00:00:00,1200,13,71.5,3.5,984,55,14,SCS,    ,,2004,,
1.0,ARB,,2004-05-07 00:00:00,1500,13,71.5,3.5,986,55,14,SCS,    ,,2004,,
1.0,ARB,,2004-05-07 00:00:00,1800,13,71.5,3.5,986,55,14,SCS,    ,,2004,,
1.0,ARB,,2004-05-07 00:00:00,2100,13,71.5,3.5,986,55,14,SCS,    ,,2004,,
1.0,ARB,,2004-05-08 00:00:00,0,13.5,71,3.5,986,55,14,SCS,    ,,2004,,
1.0,ARB,,2004-05-08 00:00:00,300,13.5,71,3.5,986,55,14,SCS,    ,,2004,,
1.0,ARB,,2004-05-08 00:00:00,600,13.5,71,3.5,986,55,14,SCS,    ,,2004,,
1.0,ARB,,2004-05-08 00:00:00,900,13.5,71,3.5,986,55,14,SCS,    ,,2004,,
1.0,ARB,,2004-05-08 00:00:00,1200,13.5,71,3.0,988,45,10,CS,    ,,2004,,
1.0,ARB,,2004-05-08 00:00:00,1500,13.5,71,3.0,990,45,10,CS,    ,,2004,,
1.0,ARB,,2004-05-08 00:00:00,1800,14,71,3.0,990,45,10,CS,    ,,2004,,
1.0,ARB,,2004-05-08 00:00:00,2100,14.5,70.5,3.0,992,45,10,CS,    ,,2004,,
1.0,ARB,,2004-05-09 00:00:00,0,14.5,70.5,3.0,992,45,10,CS,    ,,2004,,
1.0,ARB,,2004-05-09 00:00:00,300,15,70.5,3.0,992,45,10,CS,    ,,2004,,
1.0,ARB,,2004-05-09 00:00:00,600,15.5,70,3.0,992,45,10,CS,    ,,2004,,
1.0,ARB,,2004-05-09 00:00:00,900,16,70,3.0,990,45,10,CS,    ,,2004,,
1.0,ARB,,2004-05-09 00:00:00,1200,16.5,70,3.0,990,45,10,CS,    ,,2004,,
1.0,ARB,,2004-05-09 00:00:00,1500,17,70,3.0,990,45,10,CS,    ,,2004,,
1.0,ARB,,2004-05-09 00:00:00,1800,17.5,70,3.0,990,45,10,CS,    ,,2004,,
1.0,ARB,,2004-05-09 00:00:00,2100,18,70,3.0,992,45,10,CS,    ,,2004,,
1.0,ARB,,2004-05-10 00:00:00,0,18.5,70,2.5,996,35,6,CS,    ,,2004,,
1.0,ARB,,2004-05-10 00:00:00,300,19,70,2.5,998,35,6,CS,    ,,2004,,
1.0,ARB,,2004-05-10 00:00:00,600,19,70,2.0,1000,30,4,DD,    ,,2004,,
1.0,ARB,,2004-05-10 00:00:00,900,19.5,70,1.5,1002,25,3,D,    ,,2004,,
2.0,BOB,,2004-05-16 00:00:00,900,17,91.5,1.5,1000,25,3,D,    ,,2004,,
2.0,BOB,,2004-05-16 00:00:00,1200,17.5,91,1.5,1000,25,3,D,    ,,2004,,
2.0,BOB,,2004-05-16 00:00:00,1800,17.5,91,2.0,998,30,4,DD,    ,,2004,,
2.0,BOB,,2004-05-16 00:00:00,2100,18,90.5,2.0,998,30,4,DD,    ,,2004,,
2.0,BOB,,2004-05-17 00:00:00,0,18.5,90.5,2.0,998,30,4,DD,    ,,2004,,
2.0,BOB,,2004-05-17 00:00:00,300,18.5,90,2.5,998,35,6,CS,    ,,2004,,
2.0,BOB,,2004-05-17 00:00:00,600,18.5,90,2.5,998,35,6,CS,    ,,2004,,
2.0,BOB,,2004-05-17 00:00:00,900,18.5,89.5,3.0,988,45,10,CS,    ,,2004,,
2.0,BOB,,2004-05-17 00:00:00,1200,18.5,89,3.0,988,45,10,CS,    ,,2004,,
2.0,BOB,,2004-05-17 00:00:00,1500,18.5,89,3.0,988,45,10,CS,    ,,2004,,
2.0,BOB,,2004-05-17 00:00:00,1800,18.5,89,3.0,986,45,10,CS,    ,,2004,,
2.0,BOB,,2004-05-17 00:00:00,2100,19,88.5,3.0,986,45,10,CS,    ,,2004,,
2.0,BOB,,2004-05-18 00:00:00,0,19,88.5,3.0,986,45,10,CS,    ,,2004,,
2.0,BOB,,2004-05-18 00:00:00,300,19,88.5,3.0,986,45,10,CS,    ,,2004,,
2.0,BOB,,2004-05-18 00:00:00,600,19,88.5,3.5,982,55,14,SCS,    ,,2004,,
2.0,BOB,,2004-05-18 00:00:00,900,19,89.5,3.5,980,55,14,SCS,    ,,2004,,
2.0,BOB,,2004-05-18 00:00:00,1200,19,90,3.5,980,55,14,SCS,    ,,2004,,
2.0,BOB,,2004-05-18 00:00:00,1500,19,90,4.0,974,65,20,VSCS,    ,,2004,,
2.0,BOB,,2004-05-18 00:00:00,1800,19.5,90.5,4.0,974,65,20,VSCS,    ,,2004,,
2.0,BOB,,2004-05-18 00:00:00,2100,19,91,4.0,972,65,20,VSCS,    ,,2004,,
2.0,BOB,,2004-05-19 00:00:00,0,20,91.5,4.5,962,77,28,VSCS,    ,,2004,,
2.0,BOB,,2004-05-19 00:00:00,300,20.5,92,5.0,952,90,40,ESCS,    ,,2004,,
3.0,ARB,,2004-06-10 00:00:00,300,17.5,67.5,1.5,996,25,3,D,    ,,2004,,
3.0,ARB,,2004-06-10 00:00:00,600,17.5,67.5,1.5,996,25,3,D,    ,,2004,,
3.0,ARB,,2004-06-10 00:00:00,900,17.5,66.5,2.0,996,30,4,DD,    ,,2004,,
3.0,ARB,,2004-06-10 00:00:00,1200,17.5,66.5,2.0,996,30,4,DD,    ,,2004,,
3.0,ARB,,2004-06-10 00:00:00,1500,17.5,66.5,2.0,996,30,4,DD,    ,,2004,,
3.0,ARB,,2004-06-10 00:00:00,1800,17.5,66.5,2.0,996,30,4,DD,    ,,2004,,
3.0,ARB,,2004-06-10 00:00:00,2100,17.5,66,2.0,996,30,4,DD,    ,,2004,,
3.0,ARB,,2004-06-11 00:00:00,0,18,66,2.0,996,30,4,DD,    ,,2004,,
3.0,ARB,,2004-06-11 00:00:00,300,18,66,2.0,996,30,4,DD,    ,,2004,,
3.0,ARB,,2004-06-11 00:00:00,600,18,66,2.0,994,30,4,DD,    ,,2004,,
3.0,ARB,,2004-06-11 00:00:00,900,18,66,2.0,994,30,4,DD,    ,,2004,,
3.0,ARB,,2004-06-11 00:00:00,1200,18,66,2.0,992,30,4,DD,    ,,2004,,
3.0,ARB,,2004-06-11 00:00:00,1500,18,66,2.0,992,30,4,DD,    ,,2004,,
3.0,ARB,,2004-06-11 00:00:00,1800,18,66,2.0,994,30,4,DD,    ,,2004,,
3.0,ARB,,2004-06-11 00:00:00,2100,18,66,2.0,994,30,4,DD,    ,,2004,,
3.0,ARB,,2004-06-12 00:00:00,0,18,66,2.0,994,30,4,DD,    ,,2004,,
3.0,ARB,,2004-06-12 00:00:00,300,18,66,2.0,996,30,4,DD,    ,,2004,,
3.0,ARB,,2004-06-12 00:00:00,600,18,66,2.0,996,30,4,DD,    ,,2004,,
3.0,ARB,,2004-06-12 00:00:00,900,18,66,2.0,996,30,4,DD,    ,,2004,,
3.0,ARB,,2004-06-12 00:00:00,1200,18,65.5,1.5,996,25,3,D,    ,,2004,,
3.0,ARB,,2004-06-13 00:00:00,300,18,65,1.5,996,25,3,D,    ,,2004,,
4.0,BOB,,2004-06-11 00:00:00,300,15.5,90,1.5,998,25,3,D,    ,,2004,,
4.0,BOB,,2004-06-11 00:00:00,600,15.5,90,1.5,998,25,3,D,    ,,2004,,
4.0,BOB,,2004-06-11 00:00:00,900,15.5,89.5,1.5,998,25,3,D,    ,,2004,,
4.0,BOB,,2004-06-11 00:00:00,1200,15.5,89,1.5,998,25,3,D,    ,,2004,,
4.0,BOB,,2004-06-11 00:00:00,1500,15.5,89,1.5,998,25,3,D,    ,,2004,,
4.0,BOB,,2004-06-11 00:00:00,1800,15.5,89,1.5,998,25,3,D,    ,,2004,,
4.0,BOB,,2004-06-11 00:00:00,2100,15.5,89,1.5,998,25,3,D,    ,,2004,,
4.0,BOB,,2004-06-12 00:00:00,0,16,88,1.5,998,25,3,D,    ,,2004,,
4.0,BOB,,2004-06-12 00:00:00,300,17.5,87,2.0,996,30,4,DD,    ,,2004,,
4.0,BOB,,2004-06-12 00:00:00,600,17.5,87,2.0,996,30,4,DD,    ,,2004,,
4.0,BOB,,2004-06-12 00:00:00,900,17.5,86.5,2.0,996,30,4,DD,    ,,2004,,
4.0,BOB,,2004-06-12 00:00:00,1200,18,86,2.0,994,30,4,DD,    ,,2004,,
4.0,BOB,,2004-06-12 00:00:00,1500,18,86,2.0,994,30,4,DD,    ,,2004,,
4.0,BOB,,2004-06-12 00:00:00,1800,18.5,85.5,2.0,994,30,4,DD,    ,,2004,,
4.0,BOB,,2004-06-12 00:00:00,2100,19,85.5,2.0,994,30,4,DD,    ,,2004,,
4.0,BOB,,2004-06-13 00:00:00,0,19.5,85.5,2.0,992,30,6,DD,    ,,2004,,
4.0,BOB,,2004-06-13 00:00:00,300,19.5,85.5,2.0,992,30,6,DD,    ,,2004,,
4.0,BOB,,2004-06-13 00:00:00,600,19.5,85.5,-,992,30,4,DD,    ,,2004,,
4.0,BOB,,2004-06-13 00:00:00,900,20,85.5,-,992,30,4,DD,    ,,2004,,
4.0,BOB,,2004-06-13 00:00:00,1200,20.5,85.5,-,992,30,4,DD,    ,,2004,,
4.0,BOB,,2004-06-14 00:00:00,300,21.5,84,-,992,30,4,DD,    ,,2004,,
4.0,BOB,,2004-06-14 00:00:00,900,22,83,,990,25,3,D,    ,,2004,,
5.0,LAND,,2004-09-12 00:00:00,300,22.5,88.5,-,996,25,4,D,    ,,2004,,
5.0,LAND,,2004-09-12 00:00:00,1200,23,88.5,-,998,25,4,D,    ,,2004,,
5.0,LAND,,2004-09-13 00:00:00,300,23,88,-,1000,25,4,D,    ,,2004,,
5.0,LAND,,2004-09-13 00:00:00,1200,23,88,-,998,25,6,D,    ,,2004,,
5.0,LAND,,2004-09-14 00:00:00,300,22.5,88,-,998,25,4,D,    ,,2004,,
5.0,LAND,,2004-09-14 00:00:00,1200,22.5,88,-,1000,25,4,D,    ,,2004,,
5.0,LAND,,2004-09-15 00:00:00,300,22.5,88,-,1002,25,4,D,    ,,2004,,
5.0,LAND,,2004-09-15 00:00:00,1200,22.5,88,-,998,25,4,D,    ,,2004,,
6.0,ARB,ONIL,2004-09-30 00:00:00,900,16,69,1.5,1006,25,3,D,    ,,2004,,
6.0,ARB,ONIL,2004-09-30 00:00:00,1200,16.5,68.5,2.0,1004,30,4,DD,    ,,2004,,
6.0,ARB,ONIL,2004-09-30 00:00:00,1500,17,68,2.0,1004,30,4,DD,    ,,2004,,
6.0,ARB,ONIL,2004-09-30 00:00:00,1800,17.5,68,2.0,1006,30,4,DD,    ,,2004,,
6.0,ARB,ONIL,2004-09-30 00:00:00,2100,18,67.5,2.0,1006,30,4,DD,    ,,2004,,
6.0,ARB,ONIL,2004-10-01 00:00:00,0,18.5,67,2.0,1006,30,4,DD,    ,,2004,,
6.0,ARB,ONIL,2004-10-01 00:00:00,300,19,67,2.0,1006,30,4,DD,    ,,2004,,
6.0,ARB,ONIL,2004-10-01 00:00:00,600,19,67,2.0,1006,30,4,DD,    ,,2004,,
6.0,ARB,ONIL,2004-10-01 00:00:00,900,19.5,66.5,2.5,1002,35,6,CS,    ,,2004,,
6.0,ARB,ONIL,2004-10-01 00:00:00,1200,20,66.5,2.5,1000,35,6,CS,    ,,2004,,
6.0,ARB,ONIL,2004-10-01 00:00:00,1500,20,66.5,2.5,1000,35,6,CS,    ,,2004,,
6.0,ARB,ONIL,2004-10-01 00:00:00,1800,20,66.5,2.5,1002,35,6,CS,    ,,2004,,
6.0,ARB,ONIL,2004-10-01 00:00:00,2100,20,66.5,2.5,1002,35,6,CS,    ,,2004,,
6.0,ARB,ONIL,2004-10-02 00:00:00,0,21,66.5,2.5,1002,35,6,CS,    ,,2004,,
6.0,ARB,ONIL,2004-10-02 00:00:00,300,21,66.5,2.5,1000,35,8,CS,    ,,2004,,
6.0,ARB,ONIL,2004-10-02 00:00:00,600,21.5,67,3.0,996,45,12,CS,    ,,2004,,
6.0,ARB,ONIL,2004-10-02 00:00:00,900,21.5,67,3.5,990,55,16,SCS,    ,,2004,,
6.0,ARB,ONIL,2004-10-02 00:00:00,1200,22,67.5,3.5,990,55,16,SCS,    ,,2004,,
6.0,ARB,ONIL,2004-10-02 00:00:00,1500,22,67.5,3.5,990,55,16,SCS,    ,,2004,,
6.0,ARB,ONIL,2004-10-02 00:00:00,1800,22.5,68,3.5,992,55,16,SCS,    ,,2004,,
6.0,ARB,ONIL,2004-10-02 00:00:00,2100,22.5,68.5,3.5,992,55,16,SCS,    ,,2004,,
6.0,ARB,ONIL,2004-10-03 00:00:00,0,23,68.5,2.5,998,35,10,CS,    ,,2004,,
6.0,ARB,ONIL,2004-10-03 00:00:00,300,23,68.5,2.0,1002,30,6,DD,    ,,2004,,
6.0,ARB,ONIL,2004-10-03 00:00:00,600,23,68.5,2.0,1004,30,4,DD,    ,,2004,,
6.0,ARB,ONIL,2004-10-03 00:00:00,900,23,68.5,2.0,1002,30,4,DD,    ,,2004,,
6.0,ARB,ONIL,2004-10-03 00:00:00,1200,23,68.5,1.5,1000,25,3,D,    ,,2004,,
6.0,ARB,ONIL,2004-10-03 00:00:00,1500,23,68.5,1.5,1002,25,3,D,    ,,2004,,
6.0,ARB,ONIL,2004-10-03 00:00:00,1800,23,68.5,1.5,1002,25,3,D,    ,,2004,,
7.0,BOB,,2004-10-02 00:00:00,300,11.5,87,1.5,1006,25,3,D,    ,,2004,,
7.0,BOB,,2004-10-02 00:00:00,600,12,86.5,1.5,1006,25,3,D,    ,,2004,,
7.0,BOB,,2004-10-02 00:00:00,900,12.5,86,1.5,1004,25,4,D,    ,,2004,,
7.0,BOB,,2004-10-02 00:00:00,1200,12.5,86,1.5,1002,25,4,D,    ,,2004,,
7.0,BOB,,2004-10-02 00:00:00,1500,13,85.5,1.5,1004,25,4,D,    ,,2004,,
7.0,BOB,,2004-10-02 00:00:00,1800,13,85.5,1.5,1006,25,4,D,    ,,2004,,
7.0,BOB,,2004-10-02 00:00:00,2100,13,85.5,1.5,1006,25,4,D,    ,,2004,,
7.0,BOB,,2004-10-03 00:00:00,0,13.5,85,1.5,1006,25,4,D,    ,,2004,,
7.0,BOB,,2004-10-03 00:00:00,300,14.5,84.5,1.5,1006,25,4,D,    ,,2004,,
7.0,BOB,,2004-10-03 00:00:00,600,14.5,84.5,1.5,1006,25,4,D,    ,,2004,,
7.0,BOB,,2004-10-03 00:00:00,900,15,84,1.5,1006,25,4,D,    ,,2004,,
7.0,BOB,,2004-10-03 00:00:00,1200,15.5,83.5,1.5,1006,25,4,D,    ,,2004,,
7.0,BOB,,2004-10-03 00:00:00,1500,15.5,83.5,1.5,1006,25,4,D,    ,,2004,,
7.0,BOB,,2004-10-03 00:00:00,1800,16.5,83,1.5,1006,25,4,D,    ,,2004,,
7.0,BOB,,2004-10-03 00:00:00,2100,17,83,1.5,1006,25,4,D,    ,,2004,,
7.0,BOB,,2004-10-04 00:00:00,0,17.5,82.5,1.5,1006,25,4,D,    ,,2004,,
7.0,BOB,,2004-10-04 00:00:00,300,18,84,1.5,1006,25,4,D,    ,,2004,,
8.0,LAND,,2004-10-07 00:00:00,300,22.5,87,-,1006,25,3,D,    ,,2004,,
8.0,LAND,,2004-10-07 00:00:00,1200,23.5,88,-,1004,25,3,D,    ,,2004,,
8.0,LAND,,2004-10-08 00:00:00,300,24,90,-,1004,25,3,D,    ,,2004,,
9.0,ARB,,2004-11-02 00:00:00,1200,12,67,1.5,1006,25,3,D,    ,,2004,,
9.0,ARB,,2004-11-03 00:00:00,300,13,67,1.5,1006,25,3,D,,,2004,,
9.0,ARB,,2004-11-03 00:00:00,1200,13.5,67,1.5,1006,25,3,D,    ,,2004,,
9.0,ARB,,2004-11-04 00:00:00,300,13.5,67,1.5,1006,25,3,D,    ,,2004,,
9.0,ARB,,2004-11-04 00:00:00,1200,14,67,1.5,1006,25,3,D,,,2004,,
9.0,ARB,,2004-11-05 00:00:00,300,14,67,2.0,1004,30,4,DD,    ,,2004,,
9.0,ARB,,2004-11-05 00:00:00,1200,15,66,2.0,1004,30,4,DD,    ,,2004,,
9.0,ARB,,2004-11-06 00:00:00,300,15,63,2.0,1006,30,4,DD,    ,,2004,,
9.0,ARB,,2004-11-06 00:00:00,900,15,61.5,1.5,1006,25,3,D,    ,,2004,,
9.0,ARB,,2004-11-06 00:00:00,1200,15,61,1.5,1006,25,3,D,    ,,2004,,
9.0,ARB,,2004-11-07 00:00:00,300,14.5,58.5,1.5,1006,25,3,D,    ,,2004,,
9.0,ARB,,2004-11-07 00:00:00,900,14,57,1.5,1008,25,3,D,    ,,2004,,
9.0,ARB,,2004-11-07 00:00:00,1200,13.5,56.5,1.5,1010,25,3,D,    ,,2004,,
10.0,ARB,AGNI,2004-11-29 00:00:00,300,1.5,66,1.5,1006,25,3,D,    ,,2004,,
10.0,ARB,AGNI,2004-11-29 00:00:00,600,2,65.5,1.5,1006,25,3,D,    ,,2004,,
10.0,ARB,AGNI,2004-11-29 00:00:00,900,2.5,65,1.5,1006,25,4,D,    ,,2004,,
10.0,ARB,AGNI,2004-11-29 00:00:00,1200,3,64.5,2.5,1004,35,6,CS,    ,,2004,,
10.0,ARB,AGNI,2004-11-29 00:00:00,1500,3.5,64,2.5,1004,35,6,CS,    ,,2004,,
10.0,ARB,AGNI,2004-11-29 00:00:00,1800,3.5,64,2.5,1004,35,6,CS,    ,,2004,,
10.0,ARB,AGNI,2004-11-29 00:00:00,2100,3.5,63.5,2.5,1004,35,6,CS,    ,,2004,,
10.0,ARB,AGNI,2004-11-30 00:00:00,0,4.5,63,2.5,1004,35,6,CS,    ,,2004,,
10.0,ARB,AGNI,2004-11-30 00:00:00,300,5,62.5,3.0,998,45,10,CS,    ,,2004,,
10.0,ARB,AGNI,2004-11-30 00:00:00,600,5.5,61.5,3.5,994,55,14,SCS,    ,,2004,,
10.0,ARB,AGNI,2004-11-30 00:00:00,900,6,61,3.5,994,55,14,SCS,    ,,2004,,
10.0,ARB,AGNI,2004-11-30 00:00:00,1200,6,60.5,3.5,994,55,14,SCS,    ,,2004,,
10.0,ARB,AGNI,2004-11-30 00:00:00,1500,6,60.5,3.5,994,55,14,SCS,    ,,2004,,
10.0,ARB,AGNI,2004-11-30 00:00:00,1800,6,60,3.0,998,45,10,CS,    ,,2004,,
10.0,ARB,AGNI,2004-11-30 00:00:00,2100,6.5,60,3.0,1000,45,10,CS,    ,,2004,,
10.0,ARB,AGNI,2004-12-01 00:00:00,0,7,59.5,2.5,1002,35,8,CS,    ,,2004,,
10.0,ARB,AGNI,2004-12-01 00:00:00,300,7,59.5,2.5,1002,35,8,CS,    ,,2004,,
10.0,ARB,AGNI,2004-12-01 00:00:00,600,7,59.5,2.5,1002,35,8,CS,    ,,2004,,
10.0,ARB,AGNI,2004-12-01 00:00:00,900,7.5,58.5,2.0,1004,30,4,DD,    ,,2004,,
10.0,ARB,AGNI,2004-12-01 00:00:00,1200,7.5,58.5,1.5,1006,25,4,DD,    ,,2004,,
10.0,ARB,AGNI,2004-12-02 00:00:00,300,8,56.5,1.5,1006,25,3,D,    ,,2004,,
10.0,ARB,AGNI,2004-12-02 00:00:00,1200,8,55,1.5,1006,25,3,D,    ,,2004,,
1.0,BOB,HIBARU,2005-01-13 00:00:00,1200,5.5,87,1.5,1006,25,4,D,    ,,2005,,
1.0,BOB,HIBARU,2005-01-14 00:00:00,300,5.5,87,2.0,1004,30,4,DD,    ,,2005,,
1.0,BOB,HIBARU,2005-01-14 00:00:00,1200,5.5,87,2.0,1004,30,4,DD,    ,,2005,,
1.0,BOB,HIBARU,2005-01-15 00:00:00,300,5.5,87,2.5,1002,35,6,CS,    ,,2005,,
1.0,BOB,HIBARU,2005-01-15 00:00:00,600,5.5,87,2.5,1000,35,6,CS,    ,,2005,,
1.0,BOB,HIBARU,2005-01-15 00:00:00,900,5.5,87,2.5,1000,35,6,CS,    ,,2005,,
1.0,BOB,HIBARU,2005-01-15 00:00:00,1200,5.5,87,2.5,1000,35,6,CS,    ,,2005,,
1.0,BOB,HIBARU,2005-01-15 00:00:00,1500,5.5,87,2.5,1002,35,6,CS,    ,,2005,,
1.0,BOB,HIBARU,2005-01-15 00:00:00,1800,5.5,87,2.5,1002,35,6,CS,    ,,2005,,
1.0,BOB,HIBARU,2005-01-15 00:00:00,2100,5.5,87,2.5,1002,35,6,CS,    ,,2005,,
1.0,BOB,HIBARU,2005-01-16 00:00:00,0,5.5,87,2.5,1004,35,6,CS,    ,,2005,,
1.0,BOB,HIBARU,2005-01-16 00:00:00,300,5.5,86.5,2.5,1004,35,6,CS,    ,,2005,,
1.0,BOB,HIBARU,2005-01-16 00:00:00,600,5.5,86.5,2.5,1004,35,6,CS,    ,,2005,,
1.0,BOB,HIBARU,2005-01-16 00:00:00,900,5.5,86.5,2.5,1002,35,6,CS,    ,,2005,,
1.0,BOB,HIBARU,2005-01-16 00:00:00,1200,5.5,86.5,2.5,1002,35,6,CS,    ,,2005,,
1.0,BOB,HIBARU,2005-01-16 00:00:00,1500,5.5,86.5,2.5,1002,35,6,CS,    ,,2005,,
1.0,BOB,HIBARU,2005-01-16 00:00:00,1800,5.5,86.5,2.5,1004,35,6,CS,    ,,2005,,
1.0,BOB,HIBARU,2005-01-16 00:00:00,2100,5.5,86.5,2.5,1004,35,6,CS,    ,,2005,,
1.0,BOB,HIBARU,2005-01-17 00:00:00,0,5.5,86,2.0,1004,30,4,DD,    ,,2005,,
1.0,BOB,HIBARU,2005-01-17 00:00:00,300,5.0,86,2.0,1004,30,4,DD,    ,,2005,,
1.0,BOB,HIBARU,2005-01-17 00:00:00,600,5.0,86,2.0,1004,30,4,DD,    ,,2005,,
1.0,BOB,HIBARU,2005-01-17 00:00:00,900,5.0,86,1.5,1004,25,4,D,    ,,2005,,
1.0,BOB,HIBARU,2005-01-17 00:00:00,1200,5.0,86,1.5,1006,25,4,D,    ,,2005,,
2.0,ARB,,2005-06-21 00:00:00,300,21.5,68.5,1.5,992,25,4,D,    ,,2005,,
2.0,ARB,,2005-06-21 00:00:00,1200,22.0,68,1.5,994,25,4,D,    ,,2005,,
2.0,ARB,,2005-06-22 00:00:00,300,22.0,68,1.5,994,25,4,D,    ,,2005,,
2.0,ARB,,2005-06-22 00:00:00,1200,22.0,67,1.5,992,25,4,D,    ,,2005,,
3.0,LAND,,2005-06-27 00:00:00,1200,21.5,88,-,990,25,4,D,    ,,2005,,
3.0,LAND,,2005-06-28 00:00:00,300,23.0,86,-,990,25,4,D,    ,,2005,,
3.0,LAND,,2005-06-28 00:00:00,1200,23.0,86,-,990,25,4,D,    ,,2005,,
3.0,LAND,,2005-06-29 00:00:00,300,23.0,86,-,990,25,4,D,    ,,2005,,
3.0,LAND,,2005-06-29 00:00:00,1200,23.5,85.5,-,990,25,4,D,    ,,2005,,
3.0,LAND,,2005-06-30 00:00:00,300,24.0,84,-,990,25,4,D,    ,,2005,,
3.0,LAND,,2005-06-30 00:00:00,1200,24.0,82,-,990,25,4,D,    ,,2005,,
3.0,LAND,,2005-07-01 00:00:00,300,24.5,80.5,-,990,25,4,D,    ,,2005,,
3.0,LAND,,2005-07-01 00:00:00,1200,24.5,80.5,-,990,25,4,D,    ,,2005,,
3.0,LAND,,2005-07-02 00:00:00,300,24.5,80.5,-,990,25,4,D,    ,,2005,,
3.0,LAND,,2005-07-02 00:00:00,1200,24.5,80.5,-,990,25,4,D,    ,,2005,,
3.0,LAND,,2005-07-03 00:00:00,300,24.5,80.5,-,990,25,4,D,    ,,2005,,
3.0,LAND,,2005-07-03 00:00:00,1200,24.5,80.5,-,990,25,4,D,    ,,2005,,
3.0,LAND,,2005-07-04 00:00:00,300,25.0,79.5,-,990,25,4,D,    ,,2005,,
3.0,LAND,,2005-07-04 00:00:00,1200,25.0,79.5,-,990,25,4,D,    ,,2005,,
3.0,LAND,,2005-07-05 00:00:00,300,26.0,80,-,990,25,4,D,    ,,2005,,
3.0,LAND,,2005-07-05 00:00:00,1200,26.0,80,-,990,25,4,D,    ,,2005,,
4.0,BOB,,2005-07-29 00:00:00,300,21.5,87.5,1.5,992,25,4,D,    ,,2005,,
4.0,BOB,,2005-07-29 00:00:00,1200,21.5,87.5,1.5,990,25,4,D,    ,,2005,,
4.0,BOB,,2005-07-30 00:00:00,300,21.5,87.5,2.0,990,30,5,DD,    ,,2005,,
4.0,BOB,,2005-07-30 00:00:00,1200,21.5,85.5,2.0,988,30,5,DD,    ,,2005,,
4.0,BOB,,2005-07-31 00:00:00,300,21.5,85.5,2.0,990,30,5,DD,    ,,2005,,
4.0,BOB,,2005-07-31 00:00:00,1200,22.0,82.5,2.0,990,30,5,DD,    ,,2005,,
5.0,BOB,,2005-09-12 00:00:00,300,20.0,88,1.5,992,25,4,D,    ,,2005,,
5.0,BOB,,2005-09-12 00:00:00,1200,21.0,85,1.5,992,25,4,D,    ,,2005,,
5.0,BOB,,2005-09-13 00:00:00,300,21.5,84,1.5,992,25,4,D,    ,,2005,,
5.0,BOB,,2005-09-13 00:00:00,1200,22.0,82.5,1.5,992,25,4,D,    ,,2005,,
5.0,BOB,,2005-09-14 00:00:00,300,23.0,80,1.5,996,25,4,D,    ,,2005,,
5.0,BOB,,2005-09-14 00:00:00,1200,23.0,80,1.5,998,25,4,D,    ,,2005,,
5.0,BOB,,2005-09-15 00:00:00,300,24.5,78.5,1.5,1000,25,4,D,    ,,2005,,
5.0,BOB,,2005-09-15 00:00:00,1200,25.5,78,1.5,996,25,4,D,    ,,2005,,
5.0,BOB,,2005-09-16 00:00:00,300,27.0,78,1.5,996,25,4,D,    ,,2005,,
5.0,BOB,,2005-09-16 00:00:00,1200,28.0,78,1.5,996,25,4,D,    ,,2005,,
6.0,ARB,,2005-09-14 00:00:00,300,20.0,68.5,1.5,996,25,4,D,    ,,2005,,
6.0,ARB,,2005-09-14 00:00:00,1200,20.5,68,1.5,996,25,4,D,    ,,2005,,
6.0,ARB,,2005-09-15 00:00:00,300,20.5,68,1.5,996,25,4,D,    ,,2005,,
6.0,ARB,,2005-09-15 00:00:00,1200,20.5,68,1.5,996,25,4,D,    ,,2005,,
6.0,ARB,,2005-09-16 00:00:00,300,21.5,67.5,1.5,996,25,4,D,    ,,2005,,
6.0,ARB,,2005-09-16 00:00:00,1200,21.5,69,1.5,996,25,4,D,    ,,2005,,
7.0,BOB,PYARR,2005-09-17 00:00:00,300,20.0,90.5,1.5,1000,25,4,D,    ,,2005,,
7.0,BOB,PYARR,2005-09-17 00:00:00,1200,20.5,90,1.5,998,25,4,D,    ,,2005,,
7.0,BOB,PYARR,2005-09-18 00:00:00,300,20.5,87.5,2.0,996,30,5,DD,    ,,2005,,
7.0,BOB,PYARR,2005-09-18 00:00:00,600,20.0,87.5,2.0,996,30,5,DD,    ,,2005,,
7.0,BOB,PYARR,2005-09-18 00:00:00,900,19.5,87,2.0,996,30,5,DD,    ,,2005,,
7.0,BOB,PYARR,2005-09-18 00:00:00,1200,19.5,86.5,2.5,994,35,6,CS,    ,,2005,,
7.0,BOB,PYARR,2005-09-18 00:00:00,1500,19.5,86.5,2.5,992,35,6,CS,    ,,2005,,
7.0,BOB,PYARR,2005-09-18 00:00:00,1800,19.0,85.5,2.5,990,35,6,CS,    ,,2005,,
7.0,BOB,PYARR,2005-09-18 00:00:00,2100,18.5,84.5,2.5,988,35,6,CS,    ,,2005,,
7.0,BOB,PYARR,2005-09-19 00:00:00,0,18.5,84.5,2.5,988,35,6,CS,    ,,2005,,
7.0,BOB,PYARR,2005-09-19 00:00:00,300,18.5,84,2.5,988,35,6,CS,,,2005,,
7.0,BOB,PYARR,2005-09-19 00:00:00,600,18.5,83.5,-,988,35,6,CS,,    OVER LAND,2005,,
7.0,BOB,PYARR,2005-09-19 00:00:00,900,18.5,83.5,-,988,35,6,CS,    ,,2005,,
7.0,BOB,PYARR,2005-09-19 00:00:00,1200,18.5,83.5,-,988,35,6,CS,    ,,2005,,
7.0,BOB,PYARR,2005-09-19 00:00:00,1500,18.5,83.5,-,988,35,6,CS,    ,,2005,,
7.0,BOB,PYARR,2005-09-19 00:00:00,1800,18.5,83,-,988,35,6,CS,    ,,2005,,
7.0,BOB,PYARR,2005-09-19 00:00:00,2100,18.5,83,-,1000,30,5,DD,    ,,2005,,
7.0,BOB,PYARR,2005-09-20 00:00:00,0,19.0,82.5,-,1002,30,5,DD,    ,,2005,,
7.0,BOB,PYARR,2005-09-20 00:00:00,300,19.0,82.5,-,1002,30,5,DD,    ,,2005,,
7.0,BOB,PYARR,2005-09-20 00:00:00,600,19.0,82.5,-,1002,30,5,DD,    ,,2005,,
7.0,BOB,PYARR,2005-09-20 00:00:00,900,19.0,81.5,-,1002,30,5,DD,    ,,2005,,
7.0,BOB,PYARR,2005-09-20 00:00:00,1200,19.0,80.5,-,1004,25,4,D,    ,,2005,,
7.0,BOB,PYARR,2005-09-21 00:00:00,300,19.5,79.5,-,1004,25,4,D,    ,,2005,,
7.0,BOB,PYARR,2005-09-21 00:00:00,1200,21.0,76,-,1004,25,4,D,    ,,2005,,
8.0,BOB,,2005-10-26 00:00:00,300,12.0,84.5,1.5,1004,25,4,D,    ,,2005,,
8.0,BOB,,2005-10-26 00:00:00,600,12.0,84.5,1.5,1004,25,4,D,    ,,2005,,
8.0,BOB,,2005-10-26 00:00:00,900,12.0,84,1.5,1004,25,4,D,    ,,2005,,
8.0,BOB,,2005-10-26 00:00:00,1200,12.5,84,1.5,1004,25,4,D,    ,,2005,,
8.0,BOB,,2005-10-26 00:00:00,1500,12.5,84,1.5,1004,25,4,D,    ,,2005,,
8.0,BOB,,2005-10-26 00:00:00,1800,12.5,84,2.0,1004,30,5,DD,    ,,2005,,
8.0,BOB,,2005-10-26 00:00:00,2100,12.5,84,2.0,1004,30,5,DD,    ,,2005,,
8.0,BOB,,2005-10-27 00:00:00,0,12.5,84,2.0,1002,30,5,DD,    ,,2005,,
8.0,BOB,,2005-10-27 00:00:00,300,13.0,82.5,2.0,1002,30,5,DD,    ,,2005,,
8.0,BOB,,2005-10-27 00:00:00,600,13.0,81.5,2.0,998,30,5,DD,    ,,2005,,
8.0,BOB,,2005-10-27 00:00:00,900,13.0,81.5,2.0,998,30,5,DD,    ,,2005,,
8.0,BOB,,2005-10-27 00:00:00,1200,13.5,81.5,2.0,998,30,5,DD,    ,,2005,,
8.0,BOB,,2005-10-27 00:00:00,1500,14.0,81.5,2.0,998,30,5,DD,    ,,2005,,
8.0,BOB,,2005-10-27 00:00:00,1800,14.0,81.5,2.0,998,30,5,DD,    ,,2005,,
8.0,BOB,,2005-10-27 00:00:00,2100,15.0,81,2.0,998,30,5,DD,    ,,2005,,
8.0,BOB,,2005-10-28 00:00:00,0,15.0,81,2.0,998,30,5,DD,    ,,2005,,
8.0,BOB,,2005-10-28 00:00:00,300,15.5,80,2.0,998,30,5,DD,    ,,2005,,
8.0,BOB,,2005-10-28 00:00:00,600,15.5,80,2.0,998,30,5,DD,    ,,2005,,
8.0,BOB,,2005-10-28 00:00:00,900,15.5,80,1.5,1000,25,4,D,    ,,2005,,
8.0,BOB,,2005-10-28 00:00:00,1200,15.5,79.8,1.5,1000,25,4,D,    ,,2005,,
8.0,BOB,,2005-10-29 00:00:00,300,15.5,79.5,1.5,1002,25,4,D,    ,,2005,,
9.0,BOB,,2005-11-20 00:00:00,300,8.0,84.5,1.5,1002,25,4,D,    ,,2005,,
9.0,BOB,,2005-11-20 00:00:00,600,8.0,84.5,1.5,1002,25,4,D,    ,,2005,,
9.0,BOB,,2005-11-20 00:00:00,900,8.0,84.5,1.5,1002,25,4,D,    ,,2005,,
9.0,BOB,,2005-11-20 00:00:00,1200,8.0,84,1.5,1002,25,4,D,    ,,2005,,
9.0,BOB,,2005-11-20 00:00:00,1500,8.0,84,1.5,1002,25,4,D,    ,,2005,,
9.0,BOB,,2005-11-20 00:00:00,1800,8.0,84,1.5,1002,25,4,D,    ,,2005,,
9.0,BOB,,2005-11-20 00:00:00,2100,8.0,84,1.5,1002,25,4,D,    ,,2005,,
9.0,BOB,,2005-11-21 00:00:00,0,8.0,84,1.5,1002,25,4,D,    ,,2005,,
9.0,BOB,,2005-11-21 00:00:00,300,8.5,83,1.5,1002,25,4,D,    ,,2005,,
9.0,BOB,,2005-11-21 00:00:00,600,8.5,83,1.5,1002,25,4,D,    ,,2005,,
9.0,BOB,,2005-11-21 00:00:00,900,9.0,82,1.5,1002,25,4,D,    ,,2005,,
9.0,BOB,,2005-11-21 00:00:00,1200,9.0,81.5,1.5,1002,25,4,D,    ,,2005,,
9.0,BOB,,2005-11-21 00:00:00,1500,9.0,81.5,1.5,1002,25,4,D,    ,,2005,,
9.0,BOB,,2005-11-21 00:00:00,1800,9.0,81,1.5,1002,25,4,D,    ,,2005,,
9.0,BOB,,2005-11-21 00:00:00,2100,9.0,81,1.5,1002,25,4,D,    ,,2005,,
9.0,BOB,,2005-11-22 00:00:00,0,9.0,80.5,1.5,1002,25,4,D,    ,,2005,,
9.0,BOB,,2005-11-22 00:00:00,300,9.0,80,1.5,1002,25,4,D,    ,,2005,,
9.0,BOB,,2005-11-22 00:00:00,600,9.0,79.5,1.5,1002,25,4,D,    ,,2005,,
9.0,BOB,,2005-11-22 00:00:00,900,9.5,79.5,1.5,1002,25,4,D,    ,,2005,,
10.0,BOB,BAAZ,2005-11-28 00:00:00,300,10.5,90.5,1.5,1006,25,4,D,    ,,2005,,
10.0,BOB,BAAZ,2005-11-28 00:00:00,600,10.5,90,2.0,1004,30,5,DD,    ,,2005,,
10.0,BOB,BAAZ,2005-11-28 00:00:00,900,10.5,89,2.0,1004,30,5,DD,    ,,2005,,
10.0,BOB,BAAZ,2005-11-28 00:00:00,1200,10.5,88.5,2.0,1004,30,5,DD,    ,,2005,,
10.0,BOB,BAAZ,2005-11-28 00:00:00,1500,10.5,88,2.0,1004,30,5,DD,    ,,2005,,
10.0,BOB,BAAZ,2005-11-28 00:00:00,1800,10.5,88,2.5,1004,35,6,CS,    ,,2005,,
10.0,BOB,BAAZ,2005-11-28 00:00:00,2100,10.5,88,2.5,1004,35,6,CS,    ,,2005,,
10.0,BOB,BAAZ,2005-11-29 00:00:00,0,10.5,87.5,2.5,1002,35,6,CS,    ,,2005,,
10.0,BOB,BAAZ,2005-11-29 00:00:00,300,10.5,87,3.0,1002,45,8,CS,    ,,2005,,
10.0,BOB,BAAZ,2005-11-29 00:00:00,600,11.0,86,3.0,998,45,10,CS,    ,,2005,,
10.0,BOB,BAAZ,2005-11-29 00:00:00,900,11.5,85,3.0,998,45,10,CS,    ,,2005,,
10.0,BOB,BAAZ,2005-11-29 00:00:00,1200,12.0,84,3.0,998,45,10,CS,    ,,2005,,
10.0,BOB,BAAZ,2005-11-29 00:00:00,1500,12.0,84,3.0,998,45,10,CS,    ,,2005,,
10.0,BOB,BAAZ,2005-11-29 00:00:00,1800,12.0,84,3.0,998,45,10,CS,    ,,2005,,
10.0,BOB,BAAZ,2005-11-29 00:00:00,2100,12.0,84,3.0,998,45,10,CS,    ,,2005,,
10.0,BOB,BAAZ,2005-11-30 00:00:00,0,12.0,84,3.0,998,45,10,CS,    ,,2005,,
10.0,BOB,BAAZ,2005-11-30 00:00:00,300,12.0,84,3.0,998,45,10,CS,    ,,2005,,
10.0,BOB,BAAZ,2005-11-30 00:00:00,600,12.5,84,2.5,998,35,8,CS,    ,,2005,,
10.0,BOB,BAAZ,2005-11-30 00:00:00,900,12.5,84,2.5,998,35,6,CS,    ,,2005,,
10.0,BOB,BAAZ,2005-11-30 00:00:00,1200,12.5,84,2.5,998,35,6,CS,    ,,2005,,
10.0,BOB,BAAZ,2005-11-30 00:00:00,1500,12.5,84,2.5,998,35,6,CS,    ,,2005,,
10.0,BOB,BAAZ,2005-11-30 00:00:00,1800,12.5,84,2.5,998,35,6,CS,    ,,2005,,
10.0,BOB,BAAZ,2005-11-30 00:00:00,2100,12.5,84,2.5,998,35,6,CS,    ,,2005,,
10.0,BOB,BAAZ,2005-12-01 00:00:00,0,12.5,84,2.5,998,35,6,CS,    ,,2005,,
10.0,BOB,BAAZ,2005-12-01 00:00:00,300,12.5,84,2.5,998,35,6,CS,    ,,2005,,
10.0,BOB,BAAZ,2005-12-01 00:00:00,600,12.5,83.5,2.5,998,35,6,CS,    ,,2005,,
10.0,BOB,BAAZ,2005-12-01 00:00:00,900,12.5,83.5,2.5,998,35,6,CS,    ,,2005,,
10.0,BOB,BAAZ,2005-12-01 00:00:00,1200,12.5,83.5,2.0,998,30,5,DD,    ,,2005,,
10.0,BOB,BAAZ,2005-12-01 00:00:00,1500,12.5,83.5,2.0,998,30,5,DD,    ,,2005,,
10.0,BOB,BAAZ,2005-12-01 00:00:00,1800,13.0,83,2.0,998,30,5,DD,    ,,2005,,
10.0,BOB,BAAZ,2005-12-01 00:00:00,2100,13.0,83,2.0,998,30,5,DD,    ,,2005,,
10.0,BOB,BAAZ,2005-12-02 00:00:00,0,13.0,82.5,1.5,1002,25,4,D,    ,,2005,,
10.0,BOB,BAAZ,2005-12-02 00:00:00,300,13.0,82.5,1.5,1004,25,4,D,    ,,2005,,
11.0,BOB,FANOOS,2005-12-06 00:00:00,300,10.5,89.5,1.5,1006,25,4,D,    ,,2005,,
11.0,BOB,FANOOS,2005-12-06 00:00:00,600,10.5,89.5,1.5,1004,25,4,D,    ,,2005,,
11.0,BOB,FANOOS,2005-12-06 00:00:00,900,11.0,89,2.0,1004,30,5,DD,    ,,2005,,
11.0,BOB,FANOOS,2005-12-06 00:00:00,1200,11.0,89,2.0,1004,30,5,DD,    ,,2005,,
11.0,BOB,FANOOS,2005-12-06 00:00:00,1500,11.0,89,2.0,1004,30,5,DD,    ,,2005,,
11.0,BOB,FANOOS,2005-12-06 00:00:00,1800,11.0,88.5,2.0,1004,30,5,DD,    ,,2005,,
11.0,BOB,FANOOS,2005-12-06 00:00:00,2100,11.0,88.5,2.0,1004,30,5,DD,    ,,2005,,
11.0,BOB,FANOOS,2005-12-07 00:00:00,0,11.0,88.5,2.0,1002,30,5,DD,    ,,2005,,
11.0,BOB,FANOOS,2005-12-07 00:00:00,300,11.0,87.5,2.5,1000,35,6,CS,    ,,2005,,
11.0,BOB,FANOOS,2005-12-07 00:00:00,600,11.0,87,3.0,1000,40,8,CS,    ,,2005,,
11.0,BOB,FANOOS,2005-12-07 00:00:00,900,11.0,86.5,3.0,998,45,10,CS,    ,,2005,,
11.0,BOB,FANOOS,2005-12-07 00:00:00,1200,11.0,86.5,3.0,998,45,10,CS,    ,,2005,,
11.0,BOB,FANOOS,2005-12-07 00:00:00,1500,11.0,86.5,3.0,998,45,10,CS,    ,,2005,,
11.0,BOB,FANOOS,2005-12-07 00:00:00,1800,11.0,86,3.0,998,45,10,CS,    ,,2005,,
11.0,BOB,FANOOS,2005-12-07 00:00:00,2100,11.0,86,3.0,998,45,10,CS,    ,,2005,,
11.0,BOB,FANOOS,2005-12-08 00:00:00,0,11.0,86,3.0,998,45,10,CS,    ,,2005,,
11.0,BOB,FANOOS,2005-12-08 00:00:00,300,10.5,86,3.0,998,45,10,CS,    ,,2005,,
11.0,BOB,FANOOS,2005-12-08 00:00:00,600,10.5,85.5,3.0,998,45,10,CS,    ,,2005,,
11.0,BOB,FANOOS,2005-12-08 00:00:00,900,10.5,85,3.0,998,45,10,CS,    ,,2005,,
11.0,BOB,FANOOS,2005-12-08 00:00:00,1200,10.5,84.5,3.0,998,45,10,CS,    ,,2005,,
11.0,BOB,FANOOS,2005-12-08 00:00:00,1500,10.5,84.5,3.0,998,45,10,CS,    ,,2005,,
11.0,BOB,FANOOS,2005-12-08 00:00:00,1800,10.5,84,3.0,998,45,10,CS,    ,,2005,,
11.0,BOB,FANOOS,2005-12-08 00:00:00,2100,10.5,84,3.0,998,45,10,CS,    ,,2005,,
11.0,BOB,FANOOS,2005-12-09 00:00:00,0,10.5,83.5,3,998,45,10,CS,    ,,2005,,
11.0,BOB,FANOOS,2005-12-09 00:00:00,300,10.5,83,3.0,998,45,10,CS,    ,,2005,,
11.0,BOB,FANOOS,2005-12-09 00:00:00,600,10.5,83,3.0,998,45,10,CS,    ,,2005,,
11.0,BOB,FANOOS,2005-12-09 00:00:00,900,10.5,82.5,3.0,998,45,10,CS,    ,,2005,,
11.0,BOB,FANOOS,2005-12-09 00:00:00,1200,10.5,82,3.0,998,45,10,CS,    ,,2005,,
11.0,BOB,FANOOS,2005-12-09 00:00:00,1500,10.5,81.5,3.0,998,45,10,CS,    ,,2005,,
11.0,BOB,FANOOS,2005-12-09 00:00:00,1800,10.5,81.5,2.5,1000,35,6,CS,    ,,2005,,
11.0,BOB,FANOOS,2005-12-09 00:00:00,2100,10.5,81,2.5,1000,35,6,CS,    ,,2005,,
10.0,BOB,FANOOS,2005-12-10 00:00:00,300,10.4,79.8,-,1001,30,5,DD,CROSSING THE COAST NEAR VEDARANYAM (10 4N/79.85E),,2005,,
11.0,BOB,FANOOS,2005-12-10 00:00:00,600,10.5,79.5,-,1002,25,4,D,CLOSE TO VEDARANYAM OVER LAND,,2005,,
11.0,BOB,FANOOS,2005-12-10 00:00:00,900,10.5,79.5,-,1003,20,3,D,CLOSE TO VEDARANYAM OVER LAND,,2005,,
11.0,BOB,FANOOS,2005-12-10 00:00:00,1200,10.5,79.5,-,1003,20,3,D,CLOSE TO VEDARANYAM OVER LAND,,2005,,
12.0,BOB,,2005-12-15 00:00:00,1200,8.0,87,1.5,1006,25,4,D,    ,,2005,,
12.0,BOB,,2005-12-15 00:00:00,1500,8.0,87,1.5,1004,25,4,D,    ,,2005,,
12.0,BOB,,2005-12-15 00:00:00,1800,8.0,87,1.5,1004,25,4,D,    ,,2005,,
12.0,BOB,,2005-12-15 00:00:00,2100,8.0,87,1.5,1004,25,4,D,    ,,2005,,
12.0,BOB,,2005-12-16 00:00:00,0,8.0,87,1.5,1004,25,4,D,    ,,2005,,
12.0,BOB,,2005-12-16 00:00:00,300,8.0,85,1.5,1002,25,4,D,    ,,2005,,
12.0,BOB,,2005-12-16 00:00:00,600,8.0,85,1.5,1002,25,4,D,    ,,2005,,
12.0,BOB,,2005-12-16 00:00:00,900,8.0,84.5,1.5,1002,25,4,D,    ,,2005,,
12.0,BOB,,2005-12-16 00:00:00,1200,8.0,84.5,1.5,1002,25,4,D,    ,,2005,,
12.0,BOB,,2005-12-16 00:00:00,1500,8.0,84.5,1.5,1002,25,4,D,    ,,2005,,
12.0,BOB,,2005-12-16 00:00:00,1800,8.0,84.5,1.5,1002,25,4,D,    ,,2005,,
12.0,BOB,,2005-12-16 00:00:00,2100,8.0,84.5,1.5,1002,25,4,D,    ,,2005,,
12.0,BOB,,2005-12-17 00:00:00,0,8.0,84,1.5,1002,25,4,D,    ,,2005,,
12.0,BOB,,2005-12-17 00:00:00,300,8.0,84,2.0,1000,30,5,DD,    ,,2005,,
12.0,BOB,,2005-12-17 00:00:00,600,8.0,84,2.0,1000,30,5,DD,    ,,2005,,
12.0,BOB,,2005-12-17 00:00:00,900,8.5,83.5,2.0,1000,30,5,DD,    ,,2005,,
12.0,BOB,,2005-12-17 00:00:00,1200,8.5,83.5,2.0,1000,30,5,DD,    ,,2005,,
12.0,BOB,,2005-12-17 00:00:00,1500,8.5,83.5,2.0,1000,30,5,DD,    ,,2005,,
12.0,BOB,,2005-12-17 00:00:00,1800,9.0,83,2.0,1000,30,5,DD,    ,,2005,,
12.0,BOB,,2005-12-17 00:00:00,2100,9.0,83,2.0,1000,30,5,DD,    ,,2005,,
12.0,BOB,,2005-12-18 00:00:00,0,9.5,83,2.0,1000,30,5,DD,    ,,2005,,
12.0,BOB,,2005-12-18 00:00:00,300,10.0,83,2.0,1000,30,5,DD,    ,,2005,,
12.0,BOB,,2005-12-18 00:00:00,600,10.0,83,2.0,1000,30,5,DD,    ,,2005,,
12.0,BOB,,2005-12-18 00:00:00,900,10.5,82.5,2.0,1000,30,5,DD,    ,,2005,,
12.0,BOB,,2005-12-18 00:00:00,1200,10.5,82.5,2.0,1000,30,5,DD,    ,,2005,,
12.0,BOB,,2005-12-18 00:00:00,1500,10.5,82.5,2.0,1000,30,5,DD,    ,,2005,,
12.0,BOB,,2005-12-18 00:00:00,1800,11.0,82.5,2.0,1000,30,5,DD,    ,,2005,,
12.0,BOB,,2005-12-18 00:00:00,2100,11.0,82.5,2.0,1000,30,5,DD,    ,,2005,,
12.0,BOB,,2005-12-19 00:00:00,0,11.0,82.5,2.0,1000,30,5,DD,    ,,2005,,
12.0,BOB,,2005-12-19 00:00:00,300,11.0,82.5,2.0,1000,30,5,DD,    ,,2005,,
12.0,BOB,,2005-12-19 00:00:00,600,11.0,82.5,2.0,1000,30,5,DD,    ,,2005,,
12.0,BOB,,2005-12-19 00:00:00,900,11.0,82.5,2.0,1000,30,5,DD,    ,,2005,,
12.0,BOB,,2005-12-19 00:00:00,1200,11.0,82.5,2.0,1000,30,5,DD,    ,,2005,,
12.0,BOB,,2005-12-19 00:00:00,1500,11.5,82.5,2.0,1000,30,5,DD,    ,,2005,,
12.0,BOB,,2005-12-19 00:00:00,1800,11.5,82.5,2.0,1000,30,5,DD,    ,,2005,,
12.0,BOB,,2005-12-19 00:00:00,2100,11.5,82.5,2.0,1000,30,5,DD,    ,,2005,,
12.0,BOB,,2005-12-20 00:00:00,0,11.5,83,2.0,1000,30,5,DD,    ,,2005,,
12.0,BOB,,2005-12-20 00:00:00,300,11.5,83.5,2.0,1000,30,5,DD,    ,,2005,,
12.0,BOB,,2005-12-20 00:00:00,600,11.5,84,1.5,1002,25,4,D,    ,,2005,,
12.0,BOB,,2005-12-20 00:00:00,900,12.0,84.5,1.5,1002,25,4,D,    ,,2005,,
12.0,BOB,,2005-12-20 00:00:00,1200,12.0,84.5,1.5,1002,25,4,D,    ,,2005,,
12.0,BOB,,2005-12-20 00:00:00,1500,12.0,84.5,1.5,1002,25,4,D,    ,,2005,,
12.0,BOB,,2005-12-20 00:00:00,1800,12.0,84.5,1.5,1002,25,4,D,    ,,2005,,
12.0,BOB,,2005-12-20 00:00:00,2100,12.0,84.5,1.5,1002,25,4,D,    ,,2005,,
12.0,BOB,,2005-12-21 00:00:00,0,12.0,84.5,1.5,1002,25,4,D,    ,,2005,,
12.0,BOB,,2005-12-21 00:00:00,300,12.0,84.5,1.5,1002,25,4,D,    ,,2005,,
12.0,BOB,,2005-12-21 00:00:00,600,12.0,84.5,1.5,1002,25,4,D,    ,,2005,,
12.0,BOB,,2005-12-21 00:00:00,900,12.0,84.5,1.5,1002,25,4,D,    ,,2005,,
12.0,BOB,,2005-12-21 00:00:00,1200,12.0,84.5,1.5,1002,25,4,D,    ,,2005,,
12.0,BOB,,2005-12-21 00:00:00,1500,12.0,84.5,1.5,1002,25,4,D,    ,,2005,,
12.0,BOB,,2005-12-21 00:00:00,1800,12.0,84.5,1.5,1002,25,4,D,    ,,2005,,
12.0,BOB,,2005-12-21 00:00:00,2100,12.0,84.5,1.5,1002,25,4,D,    ,,2005,,
12.0,BOB,,2005-12-22 00:00:00,0,12.0,84.5,1.5,1002,25,4,D,    ,,2005,,
1.0,ARB,,2006-01-13 00:00:00,1200,5.0,77,1.5,1006, 25, 4,D,    ,,2006,,
1.0,ARB,,2006-01-14 00:00:00,0,5.0,76,1.5,1006, 25, 4,D,    ,,2006,,
1.0,ARB,,2006-01-14 00:00:00,300,5.0,75.5,2.0,1006, 30, 4,DD,    ,,2006,,
1.0,ARB,,2006-01-14 00:00:00,600,7.0,74,2.0,1006, 30, 4,DD,    ,,2006,,
1.0,ARB,,2006-01-14 00:00:00,900,7.0,73.5,2.0,1004, 30, 4,DD,    ,,2006,,
1.0,ARB,,2006-01-14 00:00:00,1200,7.0,73,2.0,1004, 25, 4,D,    ,,2006,,
1.0,ARB,,2006-01-14 00:00:00,1500,7.0,72.5,1.5,1004, 25, 4,D,    ,,2006,,
1.0,ARB,,2006-01-14 00:00:00,1800,7.0,72.5,1.5,1004, 25, 4,D,    ,,2006,,
1.0,ARB,,2006-01-14 00:00:00,2100,7.0,72,1.5,1006, 25, 4,D,    ,,2006,,
2.0,BOB,MALA,2006-04-25 00:00:00,300,9.5,90.5,1.5, 996, 25, 4,D,    ,,2006,,
2.0,BOB,MALA,2006-04-25 00:00:00,600,9.5,90.5,1.5, 996, 25, 4,D,    ,,2006,,
2.0,BOB,MALA,2006-04-25 00:00:00,900,9.5,90,2.0, 996, 30, 4,DD,    ,,2006,,
2.0,BOB,MALA,2006-04-25 00:00:00,1200,10.0,89.5,2.5, 996, 35, 5,CS,    ,,2006,,
2.0,BOB,MALA,2006-04-25 00:00:00,1500,10.0,89.5,2.5, 996, 35, 5,CS,    ,,2006,,
2.0,BOB,MALA,2006-04-25 00:00:00,1800,10.0,89.5,2.5, 996, 35, 5,CS,    ,,2006,,
2.0,BOB,MALA,2006-04-25 00:00:00,2100,10.0,89.5,2.5, 996, 35, 5,CS,    ,,2006,,
2.0,BOB,MALA,2006-04-26 00:00:00,0,10.5,89,3.0, 994, 45, 6,CS,    ,,2006,,
2.0,BOB,MALA,2006-04-26 00:00:00,300,10.5,89,3.0, 994, 45, 6,CS,    ,,2006,,
2.0,BOB,MALA,2006-04-26 00:00:00,600,11.0,89,3.0, 994, 45, 6,CS,    ,,2006,,
2.0,BOB,MALA,2006-04-26 00:00:00,900,11.0,89.5,3.0, 994, 45, 6,CS,    ,,2006,,
2.0,BOB,MALA,2006-04-26 00:00:00,1200,11.5,90,3.0, 994, 45, 6,CS,    ,,2006,,
2.0,BOB,MALA,2006-04-26 00:00:00,1500,12.0,90.5,3.0, 994, 45, 6,CS,    ,,2006,,
2.0,BOB,MALA,2006-04-26 00:00:00,1800,12.0,90.5,3.0, 994, 45, 6,CS,    ,,2006,,
2.0,BOB,MALA,2006-04-26 00:00:00,2100,12.0,90.5,3.0, 994, 45, 6,CS,    ,,2006,,
2.0,BOB,MALA,2006-04-27 00:00:00,0,12.0,90.5,3.0, 994, 45, 6,CS,    ,,2006,,
2.0,BOB,MALA,2006-04-27 00:00:00,300,12.5,90.5,3.5, 990, 55, 8,SCS,    ,,2006,,
2.0,BOB,MALA,2006-04-27 00:00:00,600,12.5,90.5,3.5, 990, 55,10,SCS,    ,,2006,,
2.0,BOB,MALA,2006-04-27 00:00:00,900,12.5,90.5,3.5, 990, 55,10,SCS,    ,,2006,,
2.0,BOB,MALA,2006-04-27 00:00:00,1200,13.0,90.5,4.0, 984, 65,14,VSCS,    ,,2006,,
2.0,BOB,MALA,2006-04-27 00:00:00,1500,13.0,90.5,4.0, 984, 65,20,VSCS,    ,,2006,,
2.0,BOB,MALA,2006-04-27 00:00:00,1800,13.0,90.5,4.0, 984, 65,22,VSCS,    ,,2006,,
2.0,BOB,MALA,2006-04-27 00:00:00,2100,13.5,90.5,4.0, 984, 65,22,VSCS,    ,,2006,,
2.0,BOB,MALA,2006-04-28 00:00:00,0,14.0,91,4.0, 984, 65,22,VSCS,    ,,2006,,
2.0,BOB,MALA,2006-04-28 00:00:00,300,14.5,91.5,4.5, 976, 80,30,VSCS,    ,,2006,,
2.0,BOB,MALA,2006-04-28 00:00:00,600,15.0,92,5.0, 964, 90,40,ESCS,    ,,2006,,
2.0,BOB,MALA,2006-04-28 00:00:00,900,15.3,92.3,5.5, 954,100,52,ESCS,    ,,2006,,
2.0,BOB,MALA,2006-04-28 00:00:00,1200,15.5,92.5,5.5, 954,100,52,ESCS,    ,,2006,,
2.0,BOB,MALA,2006-04-28 00:00:00,1500,16.0,93,5.5, 954,100,52,ESCS,    ,,2006,,
2.0,BOB,MALA,2006-04-28 00:00:00,1800,16.0,93,5.5, 954,100,52,ESCS,    ,,2006,,
2.0,BOB,MALA,2006-04-28 00:00:00,2100,16.5,93.5,5.5, 954,100,52,ESCS,    ,,2006,,
2.0,BOB,MALA,2006-04-29 00:00:00,0,16.5,93.5,5.5, 954,100,52,ESCS,    ,,2006,,
2.0,BOB,MALA,2006-04-29 00:00:00,300,17.0,94,5.5, 954,100,52,ESCS,    ,,2006,,
2.0,BOB,MALA,2006-04-29 00:00:00,600,17.5,94.5,5.0, 966, 90,40,ESCS,    ,,2006,,
2.0,BOB,MALA,2006-04-29 00:00:00,900,18.0,95,-,-,-,-,SCS,OVER LAND,,2006,,
2.0,BOB,MALA,2006-04-29 00:00:00,1200,18.5,95.5,-,-,-,-,SCS,OVER LAND,,2006,,
2.0,BOB,MALA,2006-04-29 00:00:00,1500,18.5,95.5,-,-,-,-,SCS,OVER LAND,,2006,,
2.0,BOB,MALA,2006-04-29 00:00:00,1800,19.0,96,-,-,-,-,CS,OVER LAND,,2006,,
3.0,BOB,,2006-07-02 00:00:00,0,20.0,89.5,1.5, 990, 25,4,D,    ,,2006,,
3.0,BOB,,2006-07-02 00:00:00,300,20.5,89,2.0, 988, 30, 5,DD,    ,,2006,,
3.0,BOB,,2006-07-02 00:00:00,600,20.5,89,2.0, 988, 30, 5,DD,    ,,2006,,
3.0,BOB,,2006-07-02 00:00:00,900,20.5,88.5,2.0, 988, 30, 5,DD,    ,,2006,,
3.0,BOB,,2006-07-02 00:00:00,1200,20.5,88,2.0, 988, 30, 5,DD,    ,,2006,,
3.0,BOB,,2006-07-02 00:00:00,1500,20.5,87,2.0, 982, 30, 5,DD,    ,,2006,,
3.0,BOB,,2006-07-02 00:00:00,1800,20.5,86,-, 982, 30, 5,DD,    ,,2006,,
3.0,BOB,,2006-07-02 00:00:00,2100,20.5,86,-, 982, 30, 5,DD,    ,,2006,,
3.0,BOB,,2006-07-03 00:00:00,0,20.5,85.5,-, 982, 30, 5,DD,    ,,2006,,
3.0,BOB,,2006-07-03 00:00:00,300,20.5,85.5,-, 982, 30, 5,DD,    ,,2006,,
3.0,BOB,,2006-07-03 00:00:00,600,20.5,85.5,-, 982, 30, 5,DD,    ,,2006,,
3.0,BOB,,2006-07-03 00:00:00,900,21.0,84.5,-, 982, 30, 5,DD,    ,,2006,,
3.0,BOB,,2006-07-03 00:00:00,1200,21.0,84,-, 982, 30, 5,DD,    ,,2006,,
3.0,BOB,,2006-07-03 00:00:00,1500,21.0,83.5,-, 982, 30, 5,DD,    ,,2006,,
3.0,BOB,,2006-07-03 00:00:00,1800,21.0,83,-, 982, 30, 5,DD,    ,,2006,,
3.0,BOB,,2006-07-03 00:00:00,2100,21.0,82.5,-, 982, 30, 5,DD,    ,,2006,,
3.0,BOB,,2006-07-04 00:00:00,0,21.0,82,-, 982, 30, 5,DD,    ,,2006,,
3.0,BOB,,2006-07-04 00:00:00,300,21.5,81.5,-, 984, 30, 5,DD,    ,,2006,,
3.0,BOB,,2006-07-04 00:00:00,600,21.5,81,-, 986, 30, 5,DD,    ,,2006,,
3.0,BOB,,2006-07-04 00:00:00,900,21.5,80,-, 988, 25,4,D,    ,,2006,,
3.0,BOB,,2006-07-04 00:00:00,1200,21.5,79.5,-, 990, 25,4,D,    ,,2006,,
3.0,BOB,,2006-07-04 00:00:00,1500,21.5,79,-, 990, 25,4,D,    ,,2006,,
3.0,BOB,,2006-07-04 00:00:00,1800,21.5,78.5,-, 990, 25,4,D,    ,,2006,,
3.0,BOB,,2006-07-04 00:00:00,2100,21.5,78,-, 990, 25,4,D,    ,,2006,,
3.0,BOB,,2006-07-05 00:00:00,0,21.5,78,-, 990, 25,4,D,    ,,2006,,
3.0,BOB,,2006-07-05 00:00:00,300,22.0,77.5,-, 990, 25,4,D,    ,,2006,,
3.0,BOB,,2006-07-05 00:00:00,600,22.0,77.5,-, 990, 25,4,D,    ,,2006,,
4.0,BOB,,2006-08-02 00:00:00,300,20.5,87.5,1.5, 990, 25,4,D,    ,,2006,,
4.0,BOB,,2006-08-02 00:00:00,600,20.5,87.5,1.5, 990, 25,4,D,    ,,2006,,
4.0,BOB,,2006-08-02 00:00:00,900,20.0,87,2.0, 988, 30, 5,DD,    ,,2006,,
4.0,BOB,,2006-08-02 00:00:00,1200,20.0,86.5,2.0, 986, 30, 5,DD,    ,,2006,,
4.0,BOB,,2006-08-02 00:00:00,1500,20.0,86.5,2.0, 986, 30, 5,DD,    ,,2006,,
4.0,BOB,,2006-08-02 00:00:00,1800,20.0,86,2.0, 986, 30, 5,DD,    ,,2006,,
4.0,BOB,,2006-08-02 00:00:00,2100,20.0,85.5,2.0, 986, 30, 5,DD,    ,,2006,,
4.0,BOB,,2006-08-03 00:00:00,300,19.5,85,-, 986, 30, 5,DD,    ,,2006,,
4.0,BOB,,2006-08-03 00:00:00,600,19.5,85,-, 986, 30, 5,DD,    ,,2006,,
4.0,BOB,,2006-08-03 00:00:00,900,19.5,84.5,-, 986, 30, 5,DD,    ,,2006,,
4.0,BOB,,2006-08-03 00:00:00,1200,19.5,84,-, 986, 30, 5,DD,    ,,2006,,
4.0,BOB,,2006-08-03 00:00:00,1500,19.5,84,-, 986, 30, 5,DD,    ,,2006,,
4.0,BOB,,2006-08-03 00:00:00,1800,19.5,83.5,-, 986, 30, 5,DD,    ,,2006,,
4.0,BOB,,2006-08-03 00:00:00,2100,19.5,83,-, 986, 30, 5,DD,    ,,2006,,
4.0,BOB,,2006-08-04 00:00:00,0,19.5,83,-, 986, 30, 5,DD,    ,,2006,,
4.0,BOB,,2006-08-04 00:00:00,300,20.0,82.5,-, 986, 30, 5,DD,    ,,2006,,
4.0,BOB,,2006-08-04 00:00:00,600,20.0,82.5,-, 986, 30, 5,DD,    ,,2006,,
4.0,BOB,,2006-08-04 00:00:00,900,20.5,82,-, 990, 25,4,D,    ,,2006,,
4.0,BOB,,2006-08-04 00:00:00,1200,21.0,81,-, 990, 25,4,D,    ,,2006,,
4.0,BOB,,2006-08-04 00:00:00,1500,21.0,81,-, 990, 25,4,D,    ,,2006,,
4.0,BOB,,2006-08-04 00:00:00,1800,21.0,81,-, 990, 25,4,D,    ,,2006,,
4.0,BOB,,2006-08-04 00:00:00,2100,21.0,81,-, 990, 25,4,D,    ,,2006,,
4.0,BOB,,2006-08-05 00:00:00,0,21.0,80.5,-, 990, 25,4,D,    ,,2006,,
4.0,BOB,,2006-08-05 00:00:00,300,21.0,80,-, 990, 25,4,D,    ,,2006,,
4.0,BOB,,2006-08-05 00:00:00,600,21.0,79.5,-, 990, 25,4,D,    ,,2006,,
4.0,BOB,,2006-08-05 00:00:00,900,21.0,79.5,-, 990, 25,4,D,    ,,2006,,
5.0,BOB,,2006-08-12 00:00:00,300,21.0,88,1.5, 992, 25,4,D,    ,,2006,,
5.0,BOB,,2006-08-12 00:00:00,600,21.0,88,1.5, 992, 25,4,D,    ,,2006,,
5.0,BOB,,2006-08-12 00:00:00,900,21.0,87.5,1.5, 992, 25,4,D,    ,,2006,,
5.0,BOB,,2006-08-12 00:00:00,1200,21.0,87.5,1.5, 992, 25,4,D,    ,,2006,,
5.0,BOB,,2006-08-12 00:00:00,1500,22.0,86.5,-, 992, 25,4,D,    ,,2006,,
5.0,BOB,,2006-08-12 00:00:00,1800,22.0,85,-, 992, 25,4,D,    ,,2006,,
5.0,BOB,,2006-08-12 00:00:00,2100,22.0,83.5,-, 992, 25,4,D,    ,,2006,,
5.0,BOB,,2006-08-13 00:00:00,0,22.0,82.5,-, 992, 25,4,D,    ,,2006,,
6.0,BOB,,2006-08-16 00:00:00,300,20.5,88,1.5, 990, 25,4,D,    ,,2006,,
6.0,BOB,,2006-08-16 00:00:00,600,20.5,87.5,1.5, 990, 25,4,D,    ,,2006,,
6.0,BOB,,2006-08-16 00:00:00,900,20.5,87.5,1.5, 990, 25,4,D,    ,,2006,,
6.0,BOB,,2006-08-16 00:00:00,1200,20.5,87,1.5, 990, 25,4,D,    ,,2006,,
6.0,BOB,,2006-08-16 00:00:00,1500,20.5,86.5,-, 988, 25,4,D,    ,,2006,,
6.0,BOB,,2006-08-16 00:00:00,1800,20.5,86,-, 988, 25,4,D,    ,,2006,,
6.0,BOB,,2006-08-16 00:00:00,2100,21.0,85,-, 988, 25,4,D,    ,,2006,,
6.0,BOB,,2006-08-17 00:00:00,0,21.5,84.5,-, 988, 25,4,D,    ,,2006,,
6.0,BOB,,2006-08-17 00:00:00,300,22.0,83.5,-, 988, 25,4,D,    ,,2006,,
6.0,BOB,,2006-08-17 00:00:00,600,22.0,83.5,-, 988, 25,4,D,    ,,2006,,
6.0,BOB,,2006-08-17 00:00:00,900,22.5,83,-, 988, 25,4,D,    ,,2006,,
6.0,BOB,,2006-08-17 00:00:00,1200,22.5,81,-, 988, 25,4,D,    ,,2006,,
6.0,BOB,,2006-08-17 00:00:00,1500,22.5,81,-, 988, 25,4,D,    ,,2006,,
6.0,BOB,,2006-08-17 00:00:00,1800,22.5,80.5,-, 988, 25,4,D,    ,,2006,,
6.0,BOB,,2006-08-17 00:00:00,2100,22.5,80,-, 988, 25,4,D,    ,,2006,,
6.0,BOB,,2006-08-18 00:00:00,0,22.5,79,-, 990, 25,4,D,    ,,2006,,
6.0,BOB,,2006-08-18 00:00:00,300,23.0,78,-, 992, 25,4,D,    ,,2006,,
6.0,BOB,,2006-08-18 00:00:00,600,23.0,77.5,-, 994, 25,4,D,    ,,2006,,
6.0,BOB,,2006-08-18 00:00:00,900,23.5,77,-, 994, 25,4,D,    ,,2006,,
7.0,BOB,,2006-08-29 00:00:00,300,20.5,87.5,1.5, 992, 25,4,D,    ,,2006,,
7.0,BOB,,2006-08-29 00:00:00,600,20.5,86.5,1.5, 992, 25,4,D,    ,,2006,,
7.0,BOB,,2006-08-29 00:00:00,900,21.0,85,1.5, 990, 25,4,D,    ,,2006,,
7.0,BOB,,2006-08-29 00:00:00,1200,21.0,84.5,-, 990, 25,4,D,    ,,2006,,
7.0,BOB,,2006-08-29 00:00:00,1500,21.0,84.5,-, 990, 25,4,D,    ,,2006,,
7.0,BOB,,2006-08-29 00:00:00,1800,21.0,84,-, 990, 25,4,D,    ,,2006,,
7.0,BOB,,2006-08-29 00:00:00,2100,21.0,83.5,-, 990, 25,4,D,    ,,2006,,
7.0,BOB,,2006-08-30 00:00:00,0,21.0,83,-, 992, 25,4,D,    ,,2006,,
7.0,BOB,,2006-08-30 00:00:00,300,22.0,83,-, 992, 25,4,D,    ,,2006,,
7.0,BOB,,2006-08-30 00:00:00,600,22.5,82.5,-, 992, 25,4,D,    ,,2006,,
7.0,BOB,,2006-08-30 00:00:00,900,22.5,81.5,-, 992, 25,4,D,    ,,2006,,
7.0,BOB,,2006-08-30 00:00:00,1200,22.5,81,-, 992, 25,4,D,    ,,2006,,
7.0,BOB,,2006-08-30 00:00:00,1500,22.5,81,-, 992, 25,4,D,    ,,2006,,
7.0,BOB,,2006-08-30 00:00:00,1800,22.5,81,-, 992, 25,4,D,    ,,2006,,
7.0,BOB,,2006-08-30 00:00:00,2100,22.5,80.5,-, 992, 25,4,D,    ,,2006,,
7.0,BOB,,2006-08-31 00:00:00,0,23.0,80,-, 994, 25,4,D,    ,,2006,,
7.0,BOB,,2006-08-31 00:00:00,300,23.5,79,-, 994, 25,4,D,    ,,2006,,
7.0,BOB,,2006-08-31 00:00:00,600,24.0,78,-, 994, 25,4,D,    ,,2006,,
7.0,BOB,,2006-08-31 00:00:00,900,24.0,78,-, 994, 25,4,D,    ,,2006,,
7.0,BOB,,2006-08-31 00:00:00,1200,24.0,78,-, 994, 25,4,D,    ,,2006,,
7.0,BOB,,2006-08-31 00:00:00,1500,24.0,78,-, 994, 25,4,D,    ,,2006,,
7.0,BOB,,2006-08-31 00:00:00,1800,24.5,77.5,-, 994, 25,4,D,    ,,2006,,
7.0,BOB,,2006-08-31 00:00:00,2100,25.0,77,-, 994, 25,4,D,    ,,2006,,
7.0,BOB,,2006-09-01 00:00:00,0,25.5,77,-, 994, 25,4,D,    ,,2006,,
7.0,BOB,,2006-09-01 00:00:00,300,26.0,76.5,-, 994, 25,4,D,    ,,2006,,
7.0,BOB,,2006-09-01 00:00:00,600,26.0,76.5,-, 994, 25,4,D,    ,,2006,,
8.0,BOB,,2006-09-03 00:00:00,300,20,90,1.5,994, 25,4,D,,,2006,,
8.0,BOB,,2006-09-03 00:00:00,600,20.5,89.5,1.5,994, 25,4,D,,,2006,,
8.0,BOB,,2006-09-03 00:00:00,900,20.6,89,1.5,994, 25,4,D,,,2006,,
8.0,BOB,,2006-09-03 00:00:00,1200,20.5,88.5,1.5, 992, 25,4,D,    ,,2006,,
8.0,BOB,,2006-09-03 00:00:00,1500,20.5,88,1.5, 992, 25,4,D,    ,,2006,,
8.0,BOB,,2006-09-03 00:00:00,1800,20.5,87.5,1.5, 992, 25,4,D,    ,,2006,,
8.0,BOB,,2006-09-03 00:00:00,2100,20.5,87.5,1.5, 992, 25,4,D,    ,,2006,,
8.0,BOB,,2006-09-04 00:00:00,0,21.0,87,1.5, 992, 25,4,D,    ,,2006,,
8.0,BOB,,2006-09-04 00:00:00,300,21.0,86.5,-, 992, 25,4,D,    ,,2006,,
8.0,BOB,,2006-09-04 00:00:00,600,21.5,85.5,-, 992, 25,4,D,    ,,2006,,
8.0,BOB,,2006-09-04 00:00:00,900,21.5,85,-, 992, 25,4,D,    ,,2006,,
8.0,BOB,,2006-09-04 00:00:00,1200,22.0,84.5,-, 992, 25,4,D,    ,,2006,,
8.0,BOB,,2006-09-04 00:00:00,1500,22.0,84.5,-, 992, 25,4,D,    ,,2006,,
8.0,BOB,,2006-09-04 00:00:00,1800,22.0,84.5,-, 992, 25,4,D,    ,,2006,,
8.0,BOB,,2006-09-04 00:00:00,2100,22.0,84.5,-, 994, 25,4,D,    ,,2006,,
9.0,LAND,,2006-09-21 00:00:00,300,23.0,86.5,-, 996, 25,4,D,    ,,2006,,
9.0,LAND,,2006-09-21 00:00:00,600,23.0,86.5,-, 996, 25,4,D,    ,,2006,,
9.0,LAND,,2006-09-21 00:00:00,900,23.0,86.5,-, 996, 25,4,D,    ,,2006,,
9.0,LAND,,2006-09-21 00:00:00,1200,23.0,86.5,-, 996, 25,4,D,    ,,2006,,
9.0,LAND,,2006-09-21 00:00:00,1500,23.0,86.5,-, 996, 25,4,D,    ,,2006,,
9.0,LAND,,2006-09-21 00:00:00,1800,23.0,86.5,-, 996, 25,4,D,    ,,2006,,
9.0,LAND,,2006-09-21 00:00:00,2100,23.0,86.5,-, 996, 25,4,D,    ,,2006,,
9.0,LAND,,2006-09-22 00:00:00,0,23.5,86,-, 996, 25,4,D,    ,,2006,,
9.0,LAND,,2006-09-22 00:00:00,300,23.5,86,-, 996, 25,4,D,    ,,2006,,
9.0,LAND,,2006-09-22 00:00:00,600,23.5,86,-, 996, 25,4,D,    ,,2006,,
9.0,LAND,,2006-09-22 00:00:00,900,23.5,86,-, 996, 25,4,D,    ,,2006,,
9.0,LAND,,2006-09-22 00:00:00,1200,23.5,86,-, 996, 25,4,D,    ,,2006,,
9.0,LAND,,2006-09-22 00:00:00,1500,23.5,86,-, 996, 25,4,D,    ,,2006,,
9.0,LAND,,2006-09-22 00:00:00,1800,23.5,86,-, 996, 25,4,D,    ,,2006,,
9.0,LAND,,2006-09-22 00:00:00,2100,23.5,86,-, 996, 25,4,D,    ,,2006,,
9.0,LAND,,2006-09-23 00:00:00,0,23.5,86,-, 996, 25,4,D,    ,,2006,,
9.0,LAND,,2006-09-23 00:00:00,300,23.5,85.5,-, 996, 25,4,D,    ,,2006,,
9.0,LAND,,2006-09-23 00:00:00,600,23.5,85.5,-, 996, 25,4,D,    ,,2006,,
9.0,LAND,,2006-09-23 00:00:00,900,23.5,85.5,-, 996, 25,4,D,    ,,2006,,
9.0,LAND,,2006-09-23 00:00:00,1200,23.5,85.5,-, 996, 25,4,D,    ,,2006,,
9.0,LAND,,2006-09-23 00:00:00,1500,23.5,85.5,-, 996, 25,4,D,    ,,2006,,
9.0,LAND,,2006-09-23 00:00:00,1800,23.5,85.5,-, 996, 25,4,D,    ,,2006,,
9.0,LAND,,2006-09-23 00:00:00,2100,23.5,85.5,-, 996, 25,4,D,    ,,2006,,
9.0,LAND,,2006-09-24 00:00:00,0,23.5,85.5,-, 996, 25,4,D,    ,,2006,,
10.0,ARB,MUKDA,2006-09-21 00:00:00,300,19.5,66,1.5,1004, 25, 4,D,    ,,2006,,
10.0,ARB,MUKDA,2006-09-21 00:00:00,600,19.5,66,2.0,1002, 30, 5,DD,    ,,2006,,
10.0,ARB,MUKDA,2006-09-21 00:00:00,900,19.5,66,2.0,1000, 30, 5,DD,    ,,2006,,
10.0,ARB,MUKDA,2006-09-21 00:00:00,1200,19.5,66,2.0,1000, 30, 5,DD,    ,,2006,,
10.0,ARB,MUKDA,2006-09-21 00:00:00,1500,19.5,66,2.0,1000, 30, 5,DD,    ,,2006,,
10.0,ARB,MUKDA,2006-09-21 00:00:00,1800,19.5,66,2.0,1000, 30, 5,DD,    ,,2006,,
10.0,ARB,MUKDA,2006-09-21 00:00:00,2100,19.5,66,2.0, 998, 30, 5,DD,    ,,2006,,
10.0,ARB,MUKDA,2006-09-22 00:00:00,0,20.0,66,2.5, 996, 40, 6,CS,    ,,2006,,
10.0,ARB,MUKDA,2006-09-22 00:00:00,300,20.0,66,3.0, 994, 45, 6,CS,    ,,2006,,
10.0,ARB,MUKDA,2006-09-22 00:00:00,600,20.0,66,3.0, 994, 45, 6,CS,    ,,2006,,
10.0,ARB,MUKDA,2006-09-22 00:00:00,900,20.0,66,3.0, 994, 45, 8,CS,    ,,2006,,
10.0,ARB,MUKDA,2006-09-22 00:00:00,1200,20.5,66.5,3.0, 994, 45,10,SCS,    ,,2006,,
10.0,ARB,MUKDA,2006-09-22 00:00:00,1500,20.5,66.5,3.0, 992, 45,10,SCS,    ,,2006,,
10.0,ARB,MUKDA,2006-09-22 00:00:00,1800,20.5,66.5,3.0, 990, 45,10,SCS,    ,,2006,,
10.0,ARB,MUKDA,2006-09-22 00:00:00,2100,20.5,66.5,3.0, 988, 45,10,SCS,    ,,2006,,
10.0,ARB,MUKDA,2006-09-23 00:00:00,0,21.0,67,3.0, 988, 45,10,SCS,    ,,2006,,
10.0,ARB,MUKDA,2006-09-23 00:00:00,300,21.0,67,3.0, 988, 45,10,SCS,    ,,2006,,
10.0,ARB,MUKDA,2006-09-23 00:00:00,600,21.0,67,3.0, 988, 45,10,SCS,    ,,2006,,
10.0,ARB,MUKDA,2006-09-23 00:00:00,900,21.0,67,3.0, 988, 45,10,SCS,    ,,2006,,
10.0,ARB,MUKDA,2006-09-23 00:00:00,1200,21.0,67,3.0, 988, 50,10,SCS,    ,,2006,,
10.0,ARB,MUKDA,2006-09-23 00:00:00,1500,21.0,67,3.5, 990, 55,15,SCS,    ,,2006,,
10.0,ARB,MUKDA,2006-09-23 00:00:00,1800,21.0,67,3.5, 992, 50,15,SCS,    ,,2006,,
10.0,ARB,MUKDA,2006-09-23 00:00:00,2100,21.0,67,3.0, 994, 45,10,CS,    ,,2006,,
10.0,ARB,MUKDA,2006-09-24 00:00:00,0,21.0,67,3.0, 994, 40,10,CS,    ,,2006,,
10.0,ARB,MUKDA,2006-09-24 00:00:00,300,21.0,67,2.0, 996, 35, 8,CS,    ,,2006,,
10.0,ARB,MUKDA,2006-09-24 00:00:00,600,21.0,67,2.0,1000, 30, 5,DD,    ,,2006,,
10.0,ARB,MUKDA,2006-09-24 00:00:00,900,21.0,67,2.0,1002, 30, 5,DD,    ,,2006,,
10.0,ARB,MUKDA,2006-09-24 00:00:00,1200,21.0,67,1.5,1004, 25, 4,D,    ,,2006,,
11.0,BOB,,2006-09-28 00:00:00,900,18.0,89,1.5,1002, 25,4,D,    ,,2006,,
11.0,BOB,,2006-09-28 00:00:00,1200,18.5,88.5,1.5,1002, 25,4,D,    ,,2006,,
11.0,BOB,,2006-09-28 00:00:00,1500,18.5,88,1.5,1002, 25,4,D,    ,,2006,,
11.0,BOB,,2006-09-28 00:00:00,1800,18.5,87.5,1.5,1002, 25,4,D,    ,,2006,,
11.0,BOB,,2006-09-28 00:00:00,2100,19.0,87,1.5,1002, 25,4,D,    ,,2006,,
11.0,BOB,,2006-09-29 00:00:00,0,19.0,86.5,1.5,1002, 25,4,D,    ,,2006,,
11.0,BOB,,2006-09-29 00:00:00,300,19.0,86,1.5,1002, 25,4,D,    ,,2006,,
11.0,BOB,,2006-09-29 00:00:00,600,19.0,85.5,1.5,1002, 25,4,D,    ,,2006,,
11.0,BOB,,2006-09-29 00:00:00,900,19.0,85,1.5,1002, 25,4,D,    ,,2006,,
11.0,BOB,,2006-09-29 00:00:00,1200,19.0,84.5,-,1002, 25,4,D,    ,,2006,,
11.0,BOB,,2006-09-29 00:00:00,1500,19.0,84.5,-,1002, 25,4,D,    ,,2006,,
11.0,BOB,,2006-09-29 00:00:00,1800,19.0,84.5,-,1002, 25,4,D,    ,,2006,,
11.0,BOB,,2006-09-29 00:00:00,2100,19.0,84,-,1002, 25,4,D,    ,,2006,,
11.0,BOB,,2006-09-30 00:00:00,0,19.5,83.5,-,1002, 25,4,D,    ,,2006,,
12.0,BOB,OGNI,2006-10-29 00:00:00,0,14.0,80.5,1.5,1002, 25,4,D,    ,,2006,,
12.0,BOB,OGNI,2006-10-29 00:00:00,300,14.5,80.5,1.5,1002, 25,4,D,    ,,2006,,
12.0,BOB,OGNI,2006-10-29 00:00:00,600,14.5,80.5,1.5,1002, 25,4,D,    ,,2006,,
12.0,BOB,OGNI,2006-10-29 00:00:00,900,15.0,80.5,2.0,1000, 30, 5,DD,    ,,2006,,
12.0,BOB,OGNI,2006-10-29 00:00:00,1200,15.0,80.5,2.5, 998, 35, 6,CS,    ,,2006,,
12.0,BOB,OGNI,2006-10-29 00:00:00,1500,15.0,80.5,2.5, 998, 35, 6,CS,    ,,2006,,
12.0,BOB,OGNI,2006-10-29 00:00:00,1800,15.5,80.5,2.5, 998, 35, 6,CS,    ,,2006,,
12.0,BOB,OGNI,2006-10-29 00:00:00,2100,15.5,80.5,2.5, 998, 35,6,CS,    ,,2006,,
12.0,BOB,OGNI,2006-10-30 00:00:00,0,15.5,80.5,2.5, 998, 35, 6,CS,    ,,2006,,
12.0,BOB,OGNI,2006-10-30 00:00:00,300,15.6,80.3,2.5,1000, 35, 6,CS,    ,,2006,,
12.0,BOB,OGNI,2006-10-30 00:00:00,600,15.7,80.3,2.0,1002, 30,5,DD,    ,,2006,,
12.0,BOB,OGNI,2006-10-30 00:00:00,900,15.8,80.3,-,1004, 25,4,D,    ,,2006,,
1.0,BOB,,2007-05-03 00:00:00,1200,13.5,93,1.5,998,25,4,D,,,2007,,
1.0,BOB,,2007-05-03 00:00:00,1500,13.5,93,1.5,998,25,4,D,,,2007,,
1.0,BOB,,2007-05-03 00:00:00,1800,13.5,93.5,1.5,998,25,4,D,,,2007,,
1.0,BOB,,2007-05-03 00:00:00,2100,14,93.5,1.5,1000,25,4,D,,,2007,,
1.0,BOB,,2007-05-04 00:00:00,0,14,93.5,1.5,1000,25,4,D,,,2007,,
1.0,BOB,,2007-05-04 00:00:00,300,14.5,93.5,1.5,998,25,4,D,,,2007,,
1.0,BOB,,2007-05-04 00:00:00,600,15,93.5,1.5,998,25,4,D,,,2007,,
1.0,BOB,,2007-05-04 00:00:00,900,15,93.5,1.5,998,25,4,D,,,2007,,
1.0,BOB,,2007-05-04 00:00:00,1200,15.5,93.5,1.5,998,25,4,D,,,2007,,
1.0,BOB,,2007-05-04 00:00:00,1500,15.5,93.5,1.5,998,25,4,D,,,2007,,
1.0,BOB,,2007-05-04 00:00:00,1800,15.5,93.5,1.5,998,25,4,D,,,2007,,
1.0,BOB,,2007-05-04 00:00:00,2100,16,94,1.5,1000,25,4,D,,,2007,,
2.0,BOB,AKASH,2007-05-13 00:00:00,300,15,90.5,1.5,998,25,4,D,,,2007,,
2.0,BOB,AKASH,2007-05-13 00:00:00,600,15,90.5,1.5,998,25,4,D,,,2007,,
2.0,BOB,AKASH,2007-05-13 00:00:00,900,15,90.5,1.5,996,25,4,D,,,2007,,
2.0,BOB,AKASH,2007-05-13 00:00:00,1200,15.5,90.5,1.5,996,25,4,D,,,2007,,
2.0,BOB,AKASH,2007-05-13 00:00:00,1500,15.5,90.5,1.5,996,25,4,D,,,2007,,
2.0,BOB,AKASH,2007-05-13 00:00:00,1800,15.5,90.5,1.5,996,25,4,D,,,2007,,
2.0,BOB,AKASH,2007-05-13 00:00:00,2100,16,90.5,2,994,30,6,DD,,,2007,,
2.0,BOB,AKASH,2007-05-14 00:00:00,0,16,90.5,2,994,30,6,DD,,,2007,,
2.0,BOB,AKASH,2007-05-14 00:00:00,300,16.5,91,2.5,990,35,8,CS,,,2007,,
2.0,BOB,AKASH,2007-05-14 00:00:00,600,17,91,3,988,45,10,CS,,,2007,,
2.0,BOB,AKASH,2007-05-14 00:00:00,900,18,91.5,3,988,45,10,CS,,,2007,,
2.0,BOB,AKASH,2007-05-14 00:00:00,1200,19,91.5,3,988,45,10,CS,,,2007,,
2.0,BOB,AKASH,2007-05-14 00:00:00,1500,19.5,91.5,3,988,45,10,CS,,,2007,,
2.0,BOB,AKASH,2007-05-14 00:00:00,1800,20,92,3,988,45,10,CS,,,2007,,
2.0,BOB,AKASH,2007-05-14 00:00:00,2100,21,92,3,988,45,10,CS,,,2007,,
3.0,ARB,GONU,2007-06-01 00:00:00,1800,15,68,1.5,1002,25,4,D,,,2007,,
3.0,ARB,GONU,2007-06-01 00:00:00,2100,15,68,1.5,1002,25,4,D,,,2007,,
3.0,ARB,GONU,2007-06-02 00:00:00,0,15,68,1.5,1002,25,4,D,,,2007,,
3.0,ARB,GONU,2007-06-02 00:00:00,300,15,67.5,2,1000,30,5,DD,,,2007,,
3.0,ARB,GONU,2007-06-02 00:00:00,900,15,67,2.5,998,35,8,CS,,,2007,,
3.0,ARB,GONU,2007-06-02 00:00:00,1200,15,67,3,992,45,10,CS,,,2007,,
3.0,ARB,GONU,2007-06-02 00:00:00,1500,15,67,3,992,45,10,CS,,,2007,,
3.0,ARB,GONU,2007-06-02 00:00:00,1800,15,67,3,992,45,10,CS,,,2007,,
3.0,ARB,GONU,2007-06-02 00:00:00,2100,15,66.5,3,992,45,10,CS,,,2007,,
3.0,ARB,GONU,2007-06-03 00:00:00,0,15.5,66.5,3.5,988,55,16,SCS,,,2007,,
3.0,ARB,GONU,2007-06-03 00:00:00,300,15.5,66.5,3.5,988,55,16,SCS,,,2007,,
3.0,ARB,GONU,2007-06-03 00:00:00,600,16,66.5,3.5,988,55,16,SCS,,,2007,,
3.0,ARB,GONU,2007-06-03 00:00:00,900,16.5,66.5,3.5,988,55,16,SCS,,,2007,,
3.0,ARB,GONU,2007-06-03 00:00:00,1200,17.5,66.5,3.5,988,55,16,SCS,,,2007,,
3.0,ARB,GONU,2007-06-03 00:00:00,1500,17.5,66.5,3.5,988,55,16,SCS,,,2007,,
3.0,ARB,GONU,2007-06-03 00:00:00,1800,18,66,4,980,65,22,VSCS,,,2007,,
3.0,ARB,GONU,2007-06-03 00:00:00,2100,18,66,4,980,65,22,VSCS,,,2007,,
3.0,ARB,GONU,2007-06-04 00:00:00,0,18.5,65,4.5,974,77,30,VSCS,,,2007,,
3.0,ARB,GONU,2007-06-04 00:00:00,300,18.5,65,5,960,90,40,ESCS,,,2007,,
3.0,ARB,GONU,2007-06-04 00:00:00,600,19,64.5,5.5,952,102,52,ESCS,,,2007,,
3.0,ARB,GONU,2007-06-04 00:00:00,900,19.5,64.52,6,934,115,66,ESCS,,,2007,,
3.0,ARB,GONU,2007-06-04 00:00:00,1200,20,64,6,934,115,66,ESCS,,,2007,,
3.0,ARB,GONU,2007-06-04 00:00:00,1500,20,64,6.5,920,127,80,SUCS,,,2007,,
3.0,ARB,GONU,2007-06-04 00:00:00,1800,20.5,63.5,6.5,920,127,80,SUCS,,,2007,,
3.0,ARB,GONU,2007-06-04 00:00:00,2100,20.5,63.5,6,935,115,66,ESCS,,,2007,,
3.0,ARB,GONU,2007-06-05 00:00:00,0,20.5,63,6,936,115,66,ESCS,,,2007,,
3.0,ARB,GONU,2007-06-05 00:00:00,300,21,62,6,936,115,66,ESCS,,,2007,,
3.0,ARB,GONU,2007-06-05 00:00:00,600,21.5,61.5,5.5,950,102,52,ESCS,,,2007,,
3.0,ARB,GONU,2007-06-05 00:00:00,900,21.5,61,5.5,950,102,52,ESCS,,,2007,,
3.0,ARB,GONU,2007-06-05 00:00:00,1200,21.5,61,5,960,90,40,ESCS,,,2007,,
3.0,ARB,GONU,2007-06-05 00:00:00,1500,22,61,4.5,970,77,30,VSCS,,,2007,,
3.0,ARB,GONU,2007-06-05 00:00:00,1800,22,60.5,4.5,970,77,30,VSCS,,,2007,,
3.0,ARB,GONU,2007-06-05 00:00:00,2100,22.5,60.5,4.5,970,77,30,VSCS,,,2007,,
3.0,ARB,GONU,2007-06-06 00:00:00,0,22.5,59.5,4.5,970,77,30,VSCS,,,2007,,
3.0,ARB,GONU,2007-06-06 00:00:00,300,23,59,4.5,970,77,30,VSCS,,,2007,,
3.0,ARB,GONU,2007-06-06 00:00:00,600,23.5,59.5,4.5,970,77,30,VSCS,,,2007,,
3.0,ARB,GONU,2007-06-06 00:00:00,900,23.5,59.5,4.5,970,77,30,VSCS,,,2007,,
3.0,ARB,GONU,2007-06-06 00:00:00,1200,24,59,4.5,970,77,30,VSCS,,,2007,,
3.0,ARB,GONU,2007-06-06 00:00:00,1500,24,59,4.5,970,77,30,VSCS,,,2007,,
3.0,ARB,GONU,2007-06-06 00:00:00,1800,24.5,59,4,978,65,22,VSCS,,,2007,,
3.0,ARB,GONU,2007-06-06 00:00:00,2100,25,59,3.5,984,55,16,SCS,,,2007,,
3.0,ARB,GONU,2007-06-07 00:00:00,0,25,59,3,988,45,10,CS,,,2007,,
3.0,ARB,GONU,2007-06-07 00:00:00,300,25.5,58.5,3,988,45,10,CS,,,2007,,
4.0,BOB,,2007-06-21 00:00:00,300,15.5,86,1.5,994,25,4,D,,,2007,,
4.0,BOB,,2007-06-21 00:00:00,600,15.5,85,1.5,992,25,4,D,,,2007,,
4.0,BOB,,2007-06-21 00:00:00,900,16,84.5,1.5,990,25,4,D,,,2007,,
4.0,BOB,,2007-06-21 00:00:00,1200,16,84,2,988,30,5,DD,,,2007,,
4.0,BOB,,2007-06-21 00:00:00,1500,16,83.5,2,988,30,5,DD,,,2007,,
4.0,BOB,,2007-06-21 00:00:00,1800,16,83,2,988,30,5,DD,,,2007,,
4.0,BOB,,2007-06-21 00:00:00,2100,16.5,82.5,2,988,30,5,DD,,,2007,,
4.0,BOB,,2007-06-22 00:00:00,0,16.5,82,2,988,30,5,DD,,,2007,,
4.0,BOB,,2007-06-22 00:00:00,300,16.5,81,-,990,30,5,DD,,,2007,,
4.0,BOB,,2007-06-22 00:00:00,600,16.5,80,-,990,30,5,DD,,,2007,,
4.0,BOB,,2007-06-22 00:00:00,900,16.5,79,-,988,30,5,DD,,,2007,,
4.0,BOB,,2007-06-22 00:00:00,1200,17,78.5,-,988,30,5,DD,,,2007,,
4.0,BOB,,2007-06-22 00:00:00,1500,17,78,-,990,30,5,DD,,,2007,,
4.0,BOB,,2007-06-22 00:00:00,1800,17,77.5,-,992,30,5,DD,,,2007,,
4.0,BOB,,2007-06-22 00:00:00,2100,17.5,77,-,992,30,5,DD,,,2007,,
4.0,BOB,,2007-06-23 00:00:00,0,17.5,77,-,992,30,5,DD,,,2007,,
4.0,BOB,,2007-06-23 00:00:00,300,18,76,-,992,25,4,D,,,2007,,
4.0,BOB,,2007-06-23 00:00:00,600,18.5,75,-,990,25,4,D,,,2007,,
4.0,BOB,,2007-06-23 00:00:00,900,19,74,-,990,25,4,D,,,2007,,
5.0,ARB,YEMYIN,2007-06-25 00:00:00,300,23.5,67.5,1.5,992,25,4,D,,,2007,,
5.0,ARB,YEMYIN,2007-06-25 00:00:00,600,23.5,67.5,1.5,992,25,4,D,,,2007,,
5.0,ARB,YEMYIN,2007-06-25 00:00:00,900,23.5,67,1.5,990,25,4,D,,,2007,,
5.0,ARB,YEMYIN,2007-06-25 00:00:00,1200,23.5,66.5,2,988,30,5,DD,,,2007,,
5.0,ARB,YEMYIN,2007-06-25 00:00:00,1500,23.5,66.5,2,988,30,5,DD,,,2007,,
5.0,ARB,YEMYIN,2007-06-25 00:00:00,1800,23.5,66,2,988,30,5,DD,,,2007,,
5.0,ARB,YEMYIN,2007-06-25 00:00:00,2100,23.5,66,2.5,986,35,6,CS,,,2007,,
5.0,ARB,YEMYIN,2007-06-26 00:00:00,0,24,65,2.5,988,35,6,CS,,,2007,,
6.0,BOB,,2007-06-28 00:00:00,0,18.5,87,1.5,988,25,4,D,,,2007,,
6.0,BOB,,2007-06-28 00:00:00,300,18.5,87,2,986,30,5,DD,,,2007,,
6.0,BOB,,2007-06-28 00:00:00,600,18.5,87,2,986,30,5,DD,,,2007,,
6.0,BOB,,2007-06-28 00:00:00,900,19,86.5,2,986,30,5,DD,,,2007,,
6.0,BOB,,2007-06-28 00:00:00,1200,19,86,2,986,30,5,DD,,,2007,,
6.0,BOB,,2007-06-28 00:00:00,1500,19,86,2,986,30,5,DD,,,2007,,
6.0,BOB,,2007-06-28 00:00:00,1800,19,86,2,986,30,5,DD,,,2007,,
6.0,BOB,,2007-06-28 00:00:00,2100,19.5,86,2,986,30,5,DD,,,2007,,
6.0,BOB,,2007-06-29 00:00:00,0,19.5,86,2,986,30,5,DD,,,2007,,
6.0,BOB,,2007-06-29 00:00:00,300,20,86,-,988,30,5,DD,Over land,,2007,,
6.0,BOB,,2007-06-29 00:00:00,600,20.5,85.5,-,988,30,5,DD,,,2007,,
6.0,BOB,,2007-06-29 00:00:00,900,20.5,85,-,988,30,5,DD,,,2007,,
6.0,BOB,,2007-06-29 00:00:00,1200,20.5,84.5,-,988,30,5,DD,,,2007,,
6.0,BOB,,2007-06-29 00:00:00,1500,20.5,84,-,988,30,5,DD,,,2007,,
6.0,BOB,,2007-06-29 00:00:00,1800,20.5,83,-,988,30,5,DD,,,2007,,
6.0,BOB,,2007-06-29 00:00:00,2100,21,82,-,990,30,5,DD,,,2007,,
6.0,BOB,,2007-06-30 00:00:00,0,21.5,81.5,-,990,30,5,DD,,,2007,,
6.0,BOB,,2007-06-30 00:00:00,300,22,81,-,992,25,4,D,,,2007,,
6.0,BOB,,2007-06-30 00:00:00,600,22,81,-,992,25,4,D,,,2007,,
6.0,BOB,,2007-06-30 00:00:00,900,22.5,81,-,992,25,4,D,,,2007,,
6.0,BOB,,2007-06-30 00:00:00,1200,22.5,80.5,-,992,25,4,D,,,2007,,
7.0,BOB,,2007-07-04 00:00:00,300,22,89.5,1.5,990,25,4,D,,,2007,,
7.0,BOB,,2007-07-04 00:00:00,600,22,89.5,1.5,990,25,4,D,,,2007,,
7.0,BOB,,2007-07-04 00:00:00,900,22,89.5,1.5,992,25,4,D,,,2007,,
7.0,BOB,,2007-07-04 00:00:00,1200,23,89.5,-,990,25,4,D,,,2007,,
7.0,BOB,,2007-07-04 00:00:00,1500,23,89.5,-,992,25,4,D,,,2007,,
7.0,BOB,,2007-07-04 00:00:00,1800,23,89.5,-,990,25,4,D,,,2007,,
7.0,BOB,,2007-07-04 00:00:00,2100,23,89.5,-,992,25,4,D,,,2007,,
7.0,BOB,,2007-05-07 00:00:00,0,23,89.5,-,992,25,4,D,,,2007,,
7.0,BOB,,2007-05-07 00:00:00,300,23,88,-,992,25,4,D,,,2007,,
7.0,BOB,,2007-05-07 00:00:00,600,23,88,-,988,25,4,D,,,2007,,
7.0,BOB,,2007-05-07 00:00:00,900,23,88,-,988,25,4,D,,,2007,,
7.0,BOB,,2007-05-07 00:00:00,1200,23,88,-,988,30,5,DD,,,2007,,
7.0,BOB,,2007-05-07 00:00:00,1500,23,88,-,988,30,5,DD,,,2007,,
7.0,BOB,,2007-05-07 00:00:00,1800,23,88,-,988,30,5,DD,,,2007,,
7.0,BOB,,2007-05-07 00:00:00,2100,23,88,-,988,30,5,DD,,,2007,,
7.0,BOB,,2007-06-07 00:00:00,0,23,88,-,988,30,5,DD,,,2007,,
7.0,BOB,,2007-06-07 00:00:00,300,23,87,-,988,30,5,DD,,,2007,,
7.0,BOB,,2007-06-07 00:00:00,600,23,87,-,988,30,5,DD,,,2007,,
7.0,BOB,,2007-06-07 00:00:00,900,23,87,-,988,30,5,DD,,,2007,,
7.0,BOB,,2007-06-07 00:00:00,1200,23,86,-,988,30,5,DD,,,2007,,
7.0,BOB,,2007-06-07 00:00:00,1500,23,86,-,988,30,5,DD,,,2007,,
7.0,BOB,,2007-06-07 00:00:00,1800,23,86,-,988,30,5,DD,,,2007,,
7.0,BOB,,2007-06-07 00:00:00,2100,23,86,-,988,30,5,DD,,,2007,,
7.0,BOB,,2007-07-07 00:00:00,0,23,86,-,988,30,5,DD,,,2007,,
7.0,BOB,,2007-07-07 00:00:00,300,23.5,83.5,-,990,25,4,D,,,2007,,
7.0,BOB,,2007-07-07 00:00:00,600,23.5,83.5,-,990,25,4,D,,,2007,,
7.0,BOB,,2007-07-07 00:00:00,900,23.5,83.5,-,990,25,4,D,,,2007,,
7.0,BOB,,2007-07-07 00:00:00,1200,23.5,82,-,990,25,4,D,,,2007,,
7.0,BOB,,2007-07-07 00:00:00,1500,23.5,82,-,990,25,4,D,,,2007,,
7.0,BOB,,2007-07-07 00:00:00,1800,23.5,82,-,990,25,4,D,,,2007,,
7.0,BOB,,2007-07-07 00:00:00,2100,23.5,82,-,990,25,4,D,,,2007,,
7.0,BOB,,2007-08-07 00:00:00,0,23.5,82,-,990,25,4,D,,,2007,,
7.0,BOB,,2007-08-07 00:00:00,300,23.5,79,-,990,25,4,D,,,2007,,
7.0,BOB,,2007-08-07 00:00:00,600,23.5,79,-,990,25,4,D,,,2007,,
7.0,BOB,,2007-08-07 00:00:00,900,23.5,79,-,990,25,4,D,,,2007,,
7.0,BOB,,2007-08-07 00:00:00,1200,24,78,-,990,25,4,D,,,2007,,
7.0,BOB,,2007-08-07 00:00:00,1500,24,78,-,990,25,4,D,,,2007,,
7.0,BOB,,2007-08-07 00:00:00,1800,24,78,-,990,25,4,D,,,2007,,
7.0,BOB,,2007-08-07 00:00:00,2100,24,78,-,990,25,4,D,,,2007,,
7.0,BOB,,2007-09-07 00:00:00,0,24,78,-,990,25,4,D,,,2007,,
7.0,BOB,,2007-09-07 00:00:00,300,25,78,-,990,25,4,D,,,2007,,
7.0,BOB,,2007-09-07 00:00:00,600,25,78,-,990,25,4,D,,,2007,,
7.0,BOB,,2007-09-07 00:00:00,900,25,78,-,990,25,4,D,,,2007,,
8.0,BOB,,2007-05-08 00:00:00,0,20,88.5,1.5,992,25,4,D,,,2007,,
8.0,BOB,,2007-05-08 00:00:00,300,20,88.5,1.5,992,25,4,D,,,2007,,
8.0,BOB,,2007-05-08 00:00:00,600,20,88.5,1.5,992,25,4,D,,,2007,,
8.0,BOB,,2007-05-08 00:00:00,900,20,88.5,1.5,990,25,4,D,,,2007,,
8.0,BOB,,2007-05-08 00:00:00,1200,20,88,1.5,990,25,4,D,,,2007,,
8.0,BOB,,2007-05-08 00:00:00,1500,20,88.5,1.5,990,25,4,D,,,2007,,
8.0,BOB,,2007-05-08 00:00:00,1800,20,87.5,2,988,30,5,DD,,,2007,,
8.0,BOB,,2007-05-08 00:00:00,2100,20.5,87.5,2,984,30,5,DD,,,2007,,
8.0,BOB,,2007-06-08 00:00:00,0,20.5,87,2,988,30,5,DD,,,2007,,
8.0,BOB,,2007-06-08 00:00:00,300,20.5,86,-,990,30,5,DD,,,2007,,
8.0,BOB,,2007-06-08 00:00:00,600,20.5,85,-,992,30,5,DD,,,2007,,
8.0,BOB,,2007-06-08 00:00:00,900,20.5,84.5,-,990,30,5,DD,,,2007,,
8.0,BOB,,2007-06-08 00:00:00,1200,20.5,84.5,-,990,30,5,DD,,,2007,,
8.0,BOB,,2007-06-08 00:00:00,1500,20.5,84.5,-,992,30,5,DD,,,2007,,
8.0,BOB,,2007-06-08 00:00:00,1800,20.5,84,-,992,30,5,DD,,,2007,,
8.0,BOB,,2007-06-08 00:00:00,2100,20.5,83,-,990,30,5,DD,,,2007,,
8.0,BOB,,2007-07-08 00:00:00,0,21,82.5,-,990,30,5,DD,,,2007,,
8.0,BOB,,2007-07-08 00:00:00,300,21,82,-,992,25,4,D,,,2007,,
8.0,BOB,,2007-07-08 00:00:00,600,22,81,-,992,25,4,D,,,2007,,
8.0,BOB,,2007-07-08 00:00:00,900,22.5,80.5,-,992,25,4,D,,,2007,,
11.0,ARB,,2007-10-27 00:00:00,1800,10.5,66.5,1.5,1006,25,4,D,,,2007,,
11.0,ARB,,2007-10-27 00:00:00,2100,10.5,66.5,1.5,1006,25,4,D,,,2007,,
11.0,ARB,,2007-10-28 00:00:00,0,10.5,66.5,1.5,1006,25,4,D,,,2007,,
11.0,ARB,,2007-10-28 00:00:00,300,10.5,66.5,2,1004,30,5,DD,,,2007,,
11.0,ARB,,2007-10-28 00:00:00,900,11.5,66,2,1004,30,5,DD,,,2007,,
11.0,ARB,,2007-10-28 00:00:00,1200,11.5,66,2,1004,30,5,DD,,,2007,,
11.0,ARB,,2007-10-28 00:00:00,1500,11.5,66,2,1004,30,5,DD,,,2007,,
11.0,ARB,,2007-10-28 00:00:00,1800,11.5,66,2,1004,30,5,DD,,,2007,,
11.0,ARB,,2007-10-28 00:00:00,2100,11.5,66,2,1004,30,5,DD,,,2007,,
11.0,ARB,,2007-10-29 00:00:00,0,11.5,65.5,2,1004,30,5,DD,,,2007,,
11.0,ARB,,2007-10-29 00:00:00,300,11.5,65.5,2,1002,30,5,DD,,,2007,,
11.0,ARB,,2007-10-29 00:00:00,600,11.5,65.5,2,1002,30,5,DD,,,2007,,
11.0,ARB,,2007-10-29 00:00:00,900,11.5,65.5,2,1002,30,5,DD,,,2007,,
11.0,ARB,,2007-10-29 00:00:00,1200,11.5,65.5,2,1002,30,5,DD,,,2007,,
11.0,ARB,,2007-10-29 00:00:00,1500,11.5,65.5,2,1002,30,5,DD,,,2007,,
11.0,ARB,,2007-10-29 00:00:00,1800,11.5,65.5,2,1002,30,5,DD,,,2007,,
11.0,ARB,,2007-10-29 00:00:00,2100,11.5,65.5,2,1002,30,5,DD,,,2007,,
11.0,ARB,,2007-10-30 00:00:00,0,11.5,65.5,2,1002,30,5,DD,,,2007,,
11.0,ARB,,2007-10-30 00:00:00,300,11.5,65.5,2,1002,30,5,DD,,,2007,,
11.0,ARB,,2007-10-30 00:00:00,600,11.5,65.5,2,1002,30,5,DD,,,2007,,
11.0,ARB,,2007-10-30 00:00:00,900,11.5,65.5,2,1002,30,5,DD,,,2007,,
11.0,ARB,,2007-10-30 00:00:00,1200,11.5,65,2,1002,30,5,DD,,,2007,,
11.0,ARB,,2007-10-30 00:00:00,1500,11.5,64.5,2,1002,30,5,DD,,,2007,,
11.0,ARB,,2007-10-30 00:00:00,1800,11.5,64.5,2,1002,30,5,DD,,,2007,,
11.0,ARB,,2007-10-30 00:00:00,2100,11.5,64.5,2,1002,30,5,DD,,,2007,,
11.0,ARB,,2007-10-31 00:00:00,0,11.5,64.5,2,1000,30,5,DD,,,2007,,
11.0,ARB,,2007-10-31 00:00:00,300,11.5,64,2,1000,30,5,DD,,,2007,,
11.0,ARB,,2007-10-31 00:00:00,600,11.5,64,2,1000,30,5,DD,,,2007,,
11.0,ARB,,2007-10-31 00:00:00,900,11.5,63.5,2,1002,30,5,DD,,,2007,,
11.0,ARB,,2007-10-31 00:00:00,1200,12,63,2,1002,30,5,DD,,,2007,,
11.0,ARB,,2007-10-31 00:00:00,1500,12,63,2,1002,30,5,DD,,,2007,,
11.0,ARB,,2007-10-31 00:00:00,1800,12.5,62.5,2,1002,30,5,DD,,,2007,,
11.0,ARB,,2007-10-31 00:00:00,2100,12,62,2,1002,30,5,DD,,,2007,,
11.0,ARB,,2007-01-11 00:00:00,0,13.5,61.5,2,1002,30,5,DD,,,2007,,
11.0,ARB,,2007-01-11 00:00:00,300,14,60.5,2,1002,30,5,DD,,,2007,,
11.0,ARB,,2007-01-11 00:00:00,600,14,60,2,1002,30,5,DD,,,2007,,
11.0,ARB,,2007-01-11 00:00:00,900,14,59.5,2,1002,30,5,DD,,,2007,,
11.0,ARB,,2007-01-11 00:00:00,1200,14.5,58.5,2,1002,30,5,DD,,,2007,,
11.0,ARB,,2007-01-11 00:00:00,1500,14.5,58,2,1002,30,5,DD,,,2007,,
11.0,ARB,,2007-01-11 00:00:00,1800,14.5,57.5,2,1002,30,5,DD,,,2007,,
11.0,ARB,,2007-01-11 00:00:00,2100,14.5,57,2,1002,30,5,DD,,,2007,,
11.0,ARB,,2007-02-11 00:00:00,0,14.5,57,2,1002,30,5,DD,,,2007,,
11.0,ARB,,2007-02-11 00:00:00,300,14.5,56.5,1.5,1004,25,4,D,,,2007,,
11.0,ARB,,2007-02-11 00:00:00,600,14.5,56.5,1.5,1004,25,4,D,,,2007,,
11.0,ARB,,2007-02-11 00:00:00,900,15,56,1.5,1004,25,4,D,,,2007,,
9.0,BOB,SIDR,2007-11-11 00:00:00,900,10,92,1.5,1004,25,4,D,,,2007,,
9.0,BOB,SIDR,2007-11-11 00:00:00,1200,10,92,1.5,1004,25,4,D,,,2007,,
9.0,BOB,SIDR,2007-11-11 00:00:00,1500,10,92,1.5,1004,25,4,D,,,2007,,
9.0,BOB,SIDR,2007-11-11 00:00:00,1800,10.5,91.5,2,1002,30,5,DD,,,2007,,
9.0,BOB,SIDR,2007-11-11 00:00:00,2100,10.5,91.5,2,1002,30,5,DD,,,2007,,
9.0,BOB,SIDR,2007-12-11 00:00:00,0,10.5,91.5,2,1002,30,5,DD,,,2007,,
9.0,BOB,SIDR,2007-12-11 00:00:00,300,10.5,91,2.5,1002,35,6,CS,,,2007,,
9.0,BOB,SIDR,2007-12-11 00:00:00,600,11,90.5,3,998,40,10,CS,,,2007,,
9.0,BOB,SIDR,2007-12-11 00:00:00,900,11,90.5,3,996,45,12,CS,,,2007,,
9.0,BOB,SIDR,2007-12-11 00:00:00,1200,11.5,90,3.5,992,55,16,SCS,,,2007,,
9.0,BOB,SIDR,2007-12-11 00:00:00,1500,11.5,90,3.5,992,55,16,SCS,,,2007,,
9.0,BOB,SIDR,2007-12-11 00:00:00,1800,11.5,90,4,986,65,20,VSCS,,,2007,,
9.0,BOB,SIDR,2007-12-11 00:00:00,2100,11.5,90,4.5,980,80,29,VSCS,,,2007,,
9.0,BOB,SIDR,2007-11-13 00:00:00,0,12,89.5,5,968,90,40,ESCS,,,2007,,
9.0,BOB,SIDR,2007-11-13 00:00:00,300,12,89.5,5,968,90,40,ESCS,,,2007,,
9.0,BOB,SIDR,2007-11-13 00:00:00,600,12,89.5,5,968,90,40,ESCS,,,2007,,
9.0,BOB,SIDR,2007-11-13 00:00:00,900,13,89.5,5,964,90,40,ESCS,,,2007,,
9.0,BOB,SIDR,2007-11-13 00:00:00,1200,13,89.5,5,964,90,40,ESCS,,,2007,,
9.0,BOB,SIDR,2007-11-13 00:00:00,1500,13,89.5,5,964,90,40,ESCS,,,2007,,
9.0,BOB,SIDR,2007-11-13 00:00:00,1800,13.5,89.5,5,964,90,40,ESCS,,,2007,,
9.0,BOB,SIDR,2007-11-13 00:00:00,2100,14,89.5,5,964,90,40,ESCS,,,2007,,
9.0,BOB,SIDR,2007-11-14 00:00:00,0,14.5,89.5,5,964,90,40,ESCS,,,2007,,
9.0,BOB,SIDR,2007-11-14 00:00:00,300,14.5,89.5,5,964,90,40,ESCS,,,2007,,
9.0,BOB,SIDR,2007-11-14 00:00:00,600,15,89.5,5,964,90,40,ESCS,,,2007,,
9.0,BOB,SIDR,2007-11-14 00:00:00,900,15.5,89.5,5,964,90,40,ESCS,,,2007,,
9.0,BOB,SIDR,2007-11-14 00:00:00,1200,16,89,5,964,90,40,ESCS,,,2007,,
9.0,BOB,SIDR,2007-11-14 00:00:00,1500,16,89,5,964,90,40,ESCS,,,2007,,
9.0,BOB,SIDR,2007-11-14 00:00:00,1800,16.5,89,5.5,956,105,55,ESCS,,,2007,,
9.0,BOB,SIDR,2007-11-14 00:00:00,2100,17,89,5.5,956,105,55,ESCS,,,2007,,
9.0,BOB,SIDR,2007-11-15 00:00:00,0,17.5,89,5.5,956,105,55,ESCS,,,2007,,
9.0,BOB,SIDR,2007-11-15 00:00:00,300,18,89,6,944,115,66,ESCS,,,2007,,
9.0,BOB,SIDR,2007-11-15 00:00:00,600,19.5,89,6,944,115,66,ESCS,,,2007,,
9.0,BOB,SIDR,2007-11-15 00:00:00,900,20,89,6,944,115,66,ESCS,,,2007,,
9.0,BOB,SIDR,2007-11-15 00:00:00,1200,21,89,6,944,115,66,ESCS,,,2007,,
9.0,BOB,SIDR,2007-11-15 00:00:00,1500,21.5,89.5,6,944,115,66,ESCS,,,2007,,
9.0,BOB,SIDR,2007-11-15 00:00:00,1800,22.5,90.5,4.5,980,80,30,VSCS,,,2007,,
9.0,BOB,SIDR,2007-11-15 00:00:00,2100,23.5,91,3,996,45,12,CS,,,2007,,
9.0,BOB,SIDR,2007-11-16 00:00:00,0,23.5,91,2.5,1000,35,7,CS,,,2007,,
9.0,BOB,SIDR,2007-11-16 00:00:00,300,24.5,91.5,1.5,1002,25,4,D,,,2007,,
1.0,BOB,NARGIS,2008-04-27 00:00:00,300,12,87,1.5,1000,25,3,D,,,2008,,
1.0,BOB,NARGIS,2008-04-27 00:00:00,600,12,87,1.5,998,25,3,D,,,2008,,
1.0,BOB,NARGIS,2008-04-27 00:00:00,900,12,86.5,1.5,998,25,3,D,,,2008,,
1.0,BOB,NARGIS,2008-04-27 00:00:00,1200,12,86.5,2.0,998,30,4,DD,,,2008,,
1.0,BOB,NARGIS,2008-04-27 00:00:00,1500,12,86.5,2.0,994,30,4,DD,,,2008,,
1.0,BOB,NARGIS,2008-04-27 00:00:00,1800,12.5,86,2.0,994,30,4,DD,,,2008,,
1.0,BOB,NARGIS,2008-04-27 00:00:00,2100,13,85.5,2.0,994,30,4,DD,,,2008,,
1.0,BOB,NARGIS,2008-04-28 00:00:00,0,13,85.5,2.5,994,35,6,CS,,,2008,,
1.0,BOB,NARGIS,2008-04-28 00:00:00,300,13,85.5,2.5,994,40,8,CS,,,2008,,
1.0,BOB,NARGIS,2008-04-28 00:00:00,600,13,85.5,3,990,45,10,CS,,,2008,,
1.0,BOB,NARGIS,2008-04-28 00:00:00,900,13,85.5,3.5,986,55,14,SCS,,,2008,,
1.0,BOB,NARGIS,2008-04-28 00:00:00,1200,13,85.5,3.5,986,55,14,SCS,,,2008,,
1.0,BOB,NARGIS,2008-04-28 00:00:00,1500,13,85.5,3.5,986,55,14,SCS,,,2008,,
1.0,BOB,NARGIS,2008-04-28 00:00:00,1800,13,85.5,3.5,986,55,14,SCS,,,2008,,
1.0,BOB,NARGIS,2008-04-28 00:00:00,2100,13,85.5,3.5,986,55,14,SCS,,,2008,,
1.0,BOB,NARGIS,2008-04-29 00:00:00,0,13,85.5,3.5,986,55,14,SCS,,,2008,,
1.0,BOB,NARGIS,2008-04-29 00:00:00,300,13.5,85.5,4.0,980,65,20,VSCS,,,2008,,
1.0,BOB,NARGIS,2008-04-29 00:00:00,600,13.5,85.5,4.0,980,65,20,VSCS,,,2008,,
1.0,BOB,NARGIS,2008-04-29 00:00:00,900,13.5,85.5,4.0,980,65,20,VSCS,,,2008,,
1.0,BOB,NARGIS,2008-04-29 00:00:00,1200,14,85.5,4.0,980,65,20,VSCS,,,2008,,
1.0,BOB,NARGIS,2008-04-29 00:00:00,1500,14,85.5,4.0,980,65,20,VSCS,,,2008,,
1.0,BOB,NARGIS,2008-04-29 00:00:00,1800,14,85.5,4.0,980,65,20,VSCS,,,2008,,
1.0,BOB,NARGIS,2008-04-29 00:00:00,2100,14,86,4.0,980,65,20,VSCS,,,2008,,
1.0,BOB,NARGIS,2008-04-30 00:00:00,0,14,86,4.0,980,65,20,VSCS,,,2008,,
1.0,BOB,NARGIS,2008-04-30 00:00:00,300,14.5,86.5,4.0,980,65,20,VSCS,,,2008,,
1.0,BOB,NARGIS,2008-04-30 00:00:00,600,14.5,86.5,4.0,980,65,20,VSCS,,,2008,,
1.0,BOB,NARGIS,2008-04-30 00:00:00,900,14.5,87,4.0,980,65,20,VSCS,,,2008,,
1.0,BOB,NARGIS,2008-04-30 00:00:00,1200,14.5,87,4.0,980,65,20,VSCS,,,2008,,
1.0,BOB,NARGIS,2008-04-30 00:00:00,1500,15,87.5,4.0,980,65,20,VSCS,,,2008,,
1.0,BOB,NARGIS,2008-04-30 00:00:00,1800,15,87.5,4.0,980,65,20,VSCS,,,2008,,
1.0,BOB,NARGIS,2008-04-30 00:00:00,2100,15,87.5,4.0,980,65,20,VSCS,,,2008,,
1.0,BOB,NARGIS,2008-01-05 00:00:00,0,15.5,88,4.0,980,65,20,VSCS,,,2008,,
1.0,BOB,NARGIS,2008-01-05 00:00:00,300,15.5,89,4.0,980,65,20,VSCS,,,2008,,
1.0,BOB,NARGIS,2008-01-05 00:00:00,600,16,89.5,4.0,980,65,20,VSCS,,,2008,,
1.0,BOB,NARGIS,2008-01-05 00:00:00,900,16,90,4.0,980,65,20,VSCS,,,2008,,
1.0,BOB,NARGIS,2008-01-05 00:00:00,1200,16,90.5,4.0,980,65,20,VSCS,,,2008,,
1.0,BOB,NARGIS,2008-01-05 00:00:00,1500,16,91,4.0,980,65,20,VSCS,,,2008,,
1.0,BOB,NARGIS,2008-01-05 00:00:00,1800,16,91.5,4.0,980,65,20,VSCS,,,2008,,
1.0,BOB,NARGIS,2008-01-05 00:00:00,2100,16,92,4.0,980,65,20,VSCS,,,2008,,
1.0,BOB,NARGIS,2008-02-05 00:00:00,0,16,92.5,4.5,972,77,28,VSCS,,,2008,,
1.0,BOB,NARGIS,2008-02-05 00:00:00,300,16,93,4.5,972,77,28,VSCS,,,2008,,
1.0,BOB,NARGIS,2008-02-05 00:00:00,600,16,93.5,5.0,962,90,40,ESCS,,,2008,,
1.0,BOB,NARGIS,2008-02-05 00:00:00,900,16,94,5.0,962,90,40,ESCS,,,2008,,
1.0,BOB,NARGIS,2008-02-05 00:00:00,1200,16,94.3,5.0,962,90,40,ESCS,,,2008,,
1.0,BOB,NARGIS,2008-02-05 00:00:00,1500,16,95,-,964,90,40,ESCS,,,2008,,
1.0,BOB,NARGIS,2008-02-05 00:00:00,1800,16.5,95.5,-,974,80,30,VSCS,,,2008,,
1.0,BOB,NARGIS,2008-02-05 00:00:00,2100,16.5,95.5,-,986,60,18,SCS,,,2008,,
1.0,BOB,NARGIS,2008-03-05 00:00:00,0,16.5,95.5,-,990,50,14,SCS,,,2008,,
1.0,BOB,NARGIS,2008-03-05 00:00:00,300,17,96,-,992,50,12,SCS,,,2008,,
1.0,BOB,NARGIS,2008-03-05 00:00:00,600,17.5,96.5,-,994,45,10,CS,,,2008,,
1.0,BOB,NARGIS,2008-03-05 00:00:00,900,18,97,-,998,35,6,CS,,,2008,,
2.0,ARB,,2008-05-06 00:00:00,0,15.5,66,1.5,1000,25,4,D,,,2008,,
2.0,ARB,,2008-05-06 00:00:00,300,16,66,1.5,1000,25,4,D,,,2008,,
2.0,ARB,,2008-05-06 00:00:00,600,16.5,65.5,1.5,1000,25,4,D,,,2008,,
2.0,ARB,,2008-05-06 00:00:00,900,17,65,1.5,1000,25,4,D,,,2008,,
2.0,ARB,,2008-05-06 00:00:00,1200,18,64.5,1.5,996,25,4,D,,,2008,,
2.0,ARB,,2008-05-06 00:00:00,1500,18.5,64.5,1.5,996,25,4,D,,,2008,,
2.0,ARB,,2008-05-06 00:00:00,1800,19,64,1.5,996,25,4,D,,,2008,,
2.0,ARB,,2008-05-06 00:00:00,2100,19.5,63.5,1.5,996,25,4,D,,,2008,,
2.0,ARB,,2008-06-06 00:00:00,0,19.5,63,1.5,996,25,4,D,,,2008,,
2.0,ARB,,2008-06-06 00:00:00,300,19.5,62,1.5,995,25,4,D,,,2008,,
2.0,ARB,,2008-06-06 00:00:00,600,20,62,1.5,995,25,4,D,,,2008,,
2.0,ARB,,2008-06-06 00:00:00,900,20,61.5,1.5,995,25,4,D,,,2008,,
2.0,ARB,,2008-06-06 00:00:00,1200,20,61.5,1.5,994,25,4,D,,,2008,,
2.0,ARB,,2008-06-06 00:00:00,1500,20,61.5,1.5,996,25,4,D,,,2008,,
2.0,ARB,,2008-06-06 00:00:00,1800,20,61,1.5,996,25,4,D,,,2008,,
2.0,ARB,,2008-06-06 00:00:00,2100,20,61,2.0,996,25,4,D,,,2008,,
3.0,BOB,,16-06-2008,300,21.5,90,1.5,992,25,4,D,,,2008,,
3.0,BOB,,16-06-2008,900,21.5,89.5,1.5,988,25,4,D,,,2008,,
3.0,BOB,,16-06-2008,1200,22,89.5,1.5,988,25,4,D,,,2008,,
3.0,BOB,,17-06-2008,300,23,88.5,1.5,990,25,4,D,,,2008,,
3.0,BOB,,17-06-2008,900,23,88,1.5,990,25,4,D,,,2008,,
3.0,BOB,,17-06-2008,1200,23,88,1.5,990,25,4,D,,,2008,,
3.0,BOB,,18-06-2008,300,24,87,1.5,992,20,3,D,,,2008,,
4.0,land,,2008-09-08 00:00:00,1200,20,86,-,988,25,4,D,,,2008,,
4.0,land,,2008-10-08 00:00:00,300,21.5,85.5,-,990,25,4,D,,,2008,,
4.0,land,,2008-10-08 00:00:00,900,22.5,85.2,-,990,25,4,D,,,2008,,
5.0,BOB,,15-09-2008,1200,19.5,88.5,1.5,996,25,4,D,,,2008,,
5.0,BOB,,15-09-2008,1500,19.5,88.5,1.5,996,25,4,D,,,2008,,
5.0,BOB,,15-09-2008,1800,19.5,88,1.5,986,25,4,D,,,2008,,
5.0,BOB,,16-09-2008,300,19.5,88,1.5,994,25,4,D,,,2008,,
5.0,BOB,,16-09-2008,600,20,87.5,2.0,994,30,5,DD,,,2008,,
5.0,BOB,,16-09-2008,900,20.5,87,2.0,990,30,5,DD,,,2008,,
5.0,BOB,,16-09-2008,1200,20.5,87,2.0,986,30,5,DD,,,2008,,
5.0,BOB,,16-09-2008,1500,21,87,2.0,986,30,5,DD,,,2008,,
5.0,BOB,,16-09-2008,1800,21,86.5,-,988,30,5,DD,,,2008,,
5.0,BOB,,17-09-2008,0,21,86,-,992,30,5,DD,,,2008,,
5.0,BOB,,17-09-2008,300,21.5,85.5,-,992,30,5,DD,,,2008,,
5.0,BOB,,17-09-2008,900,22,84.5,-,992,30,5,DD,,,2008,,
5.0,BOB,,17-09-2008,1200,22,84.5,-,992,30,5,DD,,,2008,,
5.0,BOB,,18-09-2008,300,22.5,82.5,-,996,30,5,DD,,,2008,,
5.0,BOB,,18-09-2008,900,23,82,-,996,25,4,D,,,2008,,
5.0,BOB,,18-09-2008,1200,23,82,-,996,25,4,D,,,2008,,
5.0,BOB,,19-09-2008,300,24.5,80.5,-,996,25,4,D,,,2008,,
5.0,BOB,,19-09-2008,900,26,80,-,996,25,4,D,,,2008,,
6.0,ARB,,19-10-2008,900,9,60,1.5,1004,25,4,D,,,2008,,
6.0,ARB,,19-10-2008,1200,9,59.5,1.5,1004,25,4,D,,,2008,,
6.0,ARB,,20-10-2008,300,10,57.5,1.5,1004,25,4,D,,,2008,,
6.0,ARB,,20-10-2008,1200,10,56.5,1.5,1002,25,4,D,,,2008,,
6.0,ARB,,21-10-2008,300,10.5,54.5,2.0,1000,30,5,DD,,,2008,,
6.0,ARB,,21-10-2008,1200,11,54,2.0,1000,30,5,DD,,,2008,,
6.0,ARB,,22-10-2008,300,13,53,1.5,1002,25,4,D,,,2008,,
6.0,ARB,,22-10-2008,1200,13.5,52.5,1.5,1002,25,4,D,,,2008,,
7.0,BOB,RASHMI,25.10.2008,300,16.5,86.5,1.5,1004,25,3,D,,,2008,,
7.0,BOB,RASHMI,25.10.2008,900,17,87,1.5,1002,25,3,D,,,2008,,
7.0,BOB,RASHMI,25.10.2008,1200,17.5,87,1.5,1002,25,3,D,,,2008,,
7.0,BOB,RASHMI,25.10.2008,1800,18,87,1.5,1002,25,3,D,,,2008,,
7.0,BOB,RASHMI,26.10.2008,0,18,87,2.0,1000,30,5,DD,,,2008,,
7.0,BOB,RASHMI,26.10.2008,300,18.5,87.5,2.0,1000,30,5,DD,,,2008,,
7.0,BOB,RASHMI,26.10.2008,900,18.5,87.5,2.0,1000,30,5,DD,,,2008,,
7.0,BOB,RASHMI,26.10.2008,1200,19.5,88,2.5,996,35,6,CS,,,2008,,
7.0,BOB,RASHMI,26.10.2008,1500,20.5,88.5,2.5,996,40,8,CS,,,2008,,
7.0,BOB,RASHMI,26.10.2008,1800,21,89,2.5,994,40,10,CS,,,2008,,
7.0,BOB,RASHMI,26.10.2008,2100,21.5,89.5,3.0,984,45,14,CS,,,2008,,
7.0,BOB,RASHMI,27.10.2008,0,22.5,Over land,,992,35,6,CS,,,2008,,
7.0,BOB,RASHMI,27.10.2008,300,23,Over land,,1002,30,5,DD,,,2008,,
8.0,BOB,KHAIMUK,13-11-2008,1200,11.5,85.5,1.5,1002,25,3,D,,,2008,,
8.0,BOB,KHAIMUK,13-11-2008,1800,12,85,1.5,1002,25,3,D,,,2008,,
8.0,BOB,KHAIMUK,14-11-2008,0,12,85,1.5,1002,25,3,D,,,2008,,
8.0,BOB,KHAIMUK,14-11-2008,300,12.5,85,2.0,1000,30,5,DD,,,2008,,
8.0,BOB,KHAIMUK,14-11-2008,600,13,85,2.0,1000,30,5,DD,,,2008,,
8.0,BOB,KHAIMUK,14-11-2008,900,13.5,84.5,2.0,1000,30,5,DD,,,2008,,
8.0,BOB,KHAIMUK,14-11-2008,1200,14,84,2.5,998,35,6,CS,,,2008,,
8.0,BOB,KHAIMUK,14-11-2008,1500,14.5,83.5,2.5,996,35,6,CS,,,2008,,
8.0,BOB,KHAIMUK,14-11-2008,1800,14.5,83.5,2.5,996,35,6,CS,,,2008,,
8.0,BOB,KHAIMUK,14-11-2008,2100,14.5,83,2.5,994,40,8,CS,,,2008,,
8.0,BOB,KHAIMUK,15-11-2008,0,14.5,83,2.5,994,40,8,CS,,,2008,,
8.0,BOB,KHAIMUK,15-11-2008,300,14.5,82.5,2.5,996,35,6,CS,,,2008,,
8.0,BOB,KHAIMUK,15-11-2008,600,14.5,82.5,2.0,996,30,5,DD,,,2008,,
8.0,BOB,KHAIMUK,15-11-2008,900,14.5,82,2.0,996,30,5,DD,,,2008,,
8.0,BOB,KHAIMUK,15-11-2008,1200,14.5,81.5,2.0,996,30,5,DD,,,2008,,
8.0,BOB,KHAIMUK,15-11-2008,1500,14.5,81,2.0,996,30,5,DD,,,2008,,
8.0,BOB,KHAIMUK,15-11-2008,1800,15,80.5,2.0,996,30,5,DD,,,2008,,
8.0,BOB,KHAIMUK,15-11-2008,2100,15.2,80.2,2.0,996,30,5,DD,,,2008,,
8.0,BOB,KHAIMUK,16-11-2008,0,15.5,79.5,-,998,30,5,DD,,,2008,,
8.0,BOB,KHAIMUK,16-11-2008,300,15.5,78.5,-,1004,25,3,D,,,2008,,
9.0,BOB,NISHA,25-11-2008,900,8.5,81,1.5,1001,25,4,D,,,2008,,
9.0,BOB,NISHA,25-11-2008,1200,8.5,81,2,1001,30,5,DD,,,2008,,
9.0,BOB,NISHA,25-11-2008,1500,9,81,2,1001,30,5,DD,,,2008,,
9.0,BOB,NISHA,25-11-2008,1800,9.5,80.5,2,1002,30,5,DD,,,2008,,
9.0,BOB,NISHA,25-11-2008,2100,10,80,2,1002,30,5,DD,,,2008,,
9.0,BOB,NISHA,26-11-2008,0,10,80,2,1000,30,6,DD,,,2008,,
9.0,BOB,NISHA,26-11-2008,300,10.5,80,2.5,1000,40,8,CS,,,2008,,
9.0,BOB,NISHA,26-11-2008,600,10.5,80,2.5,1000,40,8,CS,,,2008,,
9.0,BOB,NISHA,26-11-2008,900,10.5,80,3,996,45,10,CS,,,2008,,
9.0,BOB,NISHA,26-11-2008,1200,10.8,80,3,996,45,10,CS,,,2008,,
9.0,BOB,NISHA,26-11-2008,1500,11,80,3,998,45,10,CS,,,2008,,
9.0,BOB,NISHA,26-11-2008,1800,11,80,3,998,45,10,CS,,,2008,,
9.0,BOB,NISHA,26-11-2008,2100,11,80,3,996,45,10,CS,,,2008,,
9.0,BOB,NISHA,27-11-2008,0,11.3,79.9,3,996,45,10,CS,,,2008,,
9.0,BOB,NISHA,27-11-2008,300,11.5,79.5,-,1000,40,8,CS,,,2008,,
9.0,BOB,NISHA,27-11-2008,900,12,79,-,1000,30,5,DD,,,2008,,
9.0,BOB,NISHA,27-11-2008,1200,12,78.5,-,1000,20,3,D,,,2008,,
10.0,BOB,,2008-04-12 00:00:00,300,6.5,90,1.5,1006,25,4,D,,,2008,,
10.0,BOB,,2008-04-12 00:00:00,900,7,89.5,1.5,1006,25,4,D,,,2008,,
10.0,BOB,,2008-04-12 00:00:00,1200,7,89.5,1.5,1006,25,4,D,,,2008,,
10.0,BOB,,2008-04-12 00:00:00,1800,7,89,1.5,1006,25,4,D,,,2008,,
10.0,BOB,,2008-05-12 00:00:00,0,7.5,88.5,2,1004,30,5,DD,,,2008,,
10.0,BOB,,2008-05-12 00:00:00,300,7.5,88.5,2,1004,30,5,DD,,,2008,,
10.0,BOB,,2008-05-12 00:00:00,900,8,88,2,1004,30,5,DD,,,2008,,
10.0,BOB,,2008-05-12 00:00:00,1200,8.5,87.5,2,1004,30,5,DD,,,2008,,
10.0,BOB,,2008-05-12 00:00:00,1800,8.5,87,2,1004,30,5,DD,,,2008,,
10.0,BOB,,2008-06-12 00:00:00,300,8.5,85,2,1006,30,5,DD,,,2008,,
10.0,BOB,,2008-06-12 00:00:00,900,8.5,84.5,2,1006,30,5,DD,,,2008,,
10.0,BOB,,2008-06-12 00:00:00,1200,8.5,84,2,1004,30,5,DD,,,2008,,
10.0,BOB,,2008-06-12 00:00:00,1800,8.5,83.5,2,1004,30,5,DD,,,2008,,
10.0,BOB,,2008-07-12 00:00:00,0,8.5,83,1.5,1006,25,4,D,,,2008,,
10.0,BOB,,2008-07-12 00:00:00,300,8.5,82.5,1.5,1006,25,4,D,,,2008,,
10.0,BOB,,2008-07-12 00:00:00,900,8.5,82,1.5,1006,25,4,D,,,2008,,
10.0,BOB,,2008-07-12 00:00:00,1200,8.5,81.5,1.5,1006,25,4,D,,,2008,,
1.0,BOB,BIJLI,2009-04-14 00:00:00,900,12.5,88,1.5,1004,25,3,D,,,2009,,
1.0,BOB,BIJLI,2009-04-14 00:00:00,1200,12.5,88,1.5,1002,25,3,D,,,2009,,
1.0,BOB,BIJLI,2009-04-14 00:00:00,1800,12.5,88,1.5,1002,25,4,D,,,2009,,
1.0,BOB,BIJLI,2009-04-15 00:00:00,0,13,88,1.5,1000,25,4,D,,,2009,,
1.0,BOB,BIJLI,2009-04-15 00:00:00,300,13.5,87.5,1.5,1000,25,4,D,,,2009,,
1.0,BOB,BIJLI,2009-04-15 00:00:00,600,14,87.5,2,1000,30,6,DD,,,2009,,
1.0,BOB,BIJLI,2009-04-15 00:00:00,1200,15,86.5,2.5,996,40,8,CS,,,2009,,
1.0,BOB,BIJLI,2009-04-15 00:00:00,1500,15.5,86.5,2.5,996,40,8,CS,,,2009,,
1.0,BOB,BIJLI,2009-04-15 00:00:00,1800,16,86.5,2.5,996,40,8,CS,,,2009,,
1.0,BOB,BIJLI,2009-04-15 00:00:00,2100,16,86.5,2.5,996,40,8,CS,,,2009,,
1.0,BOB,BIJLI,2009-04-16 00:00:00,0,16.5,86,2.5,996,40,8,CS,,,2009,,
1.0,BOB,BIJLI,2009-04-16 00:00:00,300,17,86,2.5,996,40,8,CS,,,2009,,
1.0,BOB,BIJLI,2009-04-16 00:00:00,600,17.5,86,2.5,996,40,8,CS,,,2009,,
1.0,BOB,BIJLI,2009-04-16 00:00:00,900,18,86,2.5,996,40,8,CS,,,2009,,
1.0,BOB,BIJLI,2009-04-16 00:00:00,1200,18.5,86.5,2.5,996,40,8,CS,,,2009,,
1.0,BOB,BIJLI,2009-04-16 00:00:00,1500,18.5,86.5,2.5,996,40,8,CS,,,2009,,
1.0,BOB,BIJLI,2009-04-16 00:00:00,1800,19.5,87,2.5,996,40,8,CS,,,2009,,
1.0,BOB,BIJLI,2009-04-16 00:00:00,2100,20,87.5,2.5,996,40,8,CS,,,2009,,
1.0,BOB,BIJLI,2009-04-17 00:00:00,0,20.5,88,2.5,996,40,8,CS,,,2009,,
1.0,BOB,BIJLI,2009-04-17 00:00:00,300,20.5,88.5,2.5,996,35,6,CS,,,2009,,
1.0,BOB,BIJLI,2009-04-17 00:00:00,600,21,89,2.5,996,35,6,CS,,,2009,,
1.0,BOB,BIJLI,2009-04-17 00:00:00,900,21.5,89.5,2,996,30,5,DD,,,2009,,
1.0,BOB,BIJLI,2009-04-17 00:00:00,1200,21.5,90,1.5,996,25,4,D,,,2009,,
1.0,BOB,BIJLI,2009-04-17 00:00:00,1500,22,91.5,1.5,996,25,4,D,,,2009,,
2.0,BOB,AILA,2009-05-23 00:00:00,600,16.5,88,1.5,998,25,3,D,,,2009,,
2.0,BOB,AILA,2009-05-23 00:00:00,1200,16.5,88,1.5,994,25,3,D,,,2009,,
2.0,BOB,AILA,2009-05-23 00:00:00,1800,17,88.5,1.5,996,25,4,D,,,2009,,
2.0,BOB,AILA,2009-05-24 00:00:00,0,17,88.5,1.5,996,25,4,D,,,2009,,
2.0,BOB,AILA,2009-05-24 00:00:00,300,18,88.5,2,992,30,5,DD,,,2009,,
2.0,BOB,AILA,2009-05-24 00:00:00,600,18,88.5,2,988,30,5,DD,,,2009,,
2.0,BOB,AILA,2009-05-24 00:00:00,900,18,88.5,2,986,30,5,DD,,,2009,,
2.0,BOB,AILA,2009-05-24 00:00:00,1200,18.5,88.5,2.5,986,35,6,Cs,,,2009,,
2.0,BOB,AILA,2009-05-24 00:00:00,1500,19,88.5,2.5,986,35,8,CS,,,2009,,
2.0,BOB,AILA,2009-05-24 00:00:00,1800,19,88.5,2.5,986,35,8,CS,,,2009,,
2.0,BOB,AILA,2009-05-24 00:00:00,2100,20,88,2.5,984,40,8,CS,,,2009,,
2.0,BOB,AILA,2009-05-25 00:00:00,0,20,88,2.5,980,40,10,CS,,,2009,,
2.0,BOB,AILA,2009-05-25 00:00:00,300,20.5,88,3,978,50,12,CS,,,2009,,
2.0,BOB,AILA,2009-05-25 00:00:00,600,21.5,88,3.5,974,55,15,SCS,,,2009,,
2.0,BOB,AILA,2009-05-25 00:00:00,900,22,88,-,968,60,20,SCS,,,2009,,
2.0,BOB,AILA,2009-05-25 00:00:00,1200,22.5,88,-,970,50,16,SCS,,,2009,,
2.0,BOB,AILA,2009-05-25 00:00:00,1500,23,88,-,978,45,14,CS,,,2009,,
2.0,BOB,AILA,2009-05-25 00:00:00,1800,23.5,88,-,980,40,12,CS,,,2009,,
2.0,BOB,AILA,2009-05-25 00:00:00,2100,24,88,-,981,35,10,CS,,,2009,,
2.0,BOB,AILA,2009-05-26 00:00:00,0,25,88,-,982,30,8,CS,,,2009,,
2.0,BOB,AILA,2009-05-26 00:00:00,300,25.5,88,-,988,25,6,DD,,,2009,,
2.0,BOB,AILA,2009-05-26 00:00:00,600,27,88.5,-,992,20,4,D,,,2009,,
3.0,ARB,,2009-06-23 00:00:00,0,18,71.5,1.5,998,25,4,D,,,2009,,
3.0,ARB,,2009-06-23 00:00:00,300,19,71.5,1.5,1000,25,4,D,,,2009,,
3.0,ARB,,2009-06-23 00:00:00,600,19,71.5,1.5,1000,25,4,D,,,2009,,
3.0,ARB,,2009-06-23 00:00:00,900,20,71.5,1.5,1000,25,4,D,,,2009,,
3.0,ARB,,2009-06-23 00:00:00,1200,20.5,71,1.5,998,25,4,D,,,2009,,
3.0,ARB,,2009-06-23 00:00:00,1500,21,71,-,998,25,4,D,,,2009,,
3.0,ARB,,2009-06-24 00:00:00,0,21.5,70.5,-,998,25,4,D,,,2009,,
4.0,ARB,,2009-06-25 00:00:00,900,22.5,68.5,1.5,996,25,4,D,,,2009,,
4.0,ARB,,2009-06-25 00:00:00,1200,22.5,68.5,1.5,996,25,4,D,,,2009,,
4.0,ARB,,2009-06-25 00:00:00,1800,23,68.5,1.5,996,25,4,D,,,2009,,
5.0,BOB,,2009-07-20 00:00:00,300,21,88.5,1.5,992,25,3,D,,,2009,,
5.0,BOB,,2009-07-20 00:00:00,600,21,88.5,1.5,992,25,3,D,,,2009,,
5.0,BOB,,2009-07-20 00:00:00,1200,21,88,2,988,30,4,DD,,,2009,,
5.0,BOB,,2009-07-20 00:00:00,1800,21.5,87,-,992,30,4,DD,,,2009,,
5.0,BOB,,2009-07-21 00:00:00,0,22,85,-,992,30,4,DD,,,2009,,
5.0,BOB,,2009-07-21 00:00:00,300,22,84.5,-,992,30,4,DD,,,2009,,
5.0,BOB,,2009-07-21 00:00:00,600,22,84,-,994,25,3,D,,,2009,,
6.0,BOB,,2009-05-09 00:00:00,0,20.5,88,1.5,990,25,3,D,,,2009,,
6.0,BOB,,2009-05-09 00:00:00,300,21,87.5,2,988,30,4,DD,,,2009,,
6.0,BOB,,2009-05-09 00:00:00,600,21.5,88,2,988,30,4,DD,,,2009,,
6.0,BOB,,2009-05-09 00:00:00,900,22,87.5,-,988,30,4,DD,,,2009,,
6.0,BOB,,2009-05-09 00:00:00,1200,22.5,87.5,-,988,30,4,DD,,,2009,,
6.0,BOB,,2009-05-09 00:00:00,1800,23,87,-,988,30,4,DD,,,2009,,
6.0,BOB,,2009-06-09 00:00:00,0,23,86.5,-,988,30,4,DD,,,2009,,
6.0,BOB,,2009-06-09 00:00:00,300,23.5,86,-,988,30,4,DD,,,2009,,
6.0,BOB,,2009-06-09 00:00:00,900,23.5,85.5,-,988,30,4,DD,,,2009,,
6.0,BOB,,2009-06-09 00:00:00,1200,24,85,-,988,30,4,DD,,,2009,,
6.0,BOB,,2009-06-09 00:00:00,1800,24.3,84.5,-,988,30,4,DD,,,2009,,
6.0,BOB,,2009-07-09 00:00:00,0,24.5,84,-,988,30,4,DD,,,2009,,
6.0,BOB,,2009-07-09 00:00:00,300,24.5,84,-,990,30,4,DD,,,2009,,
6.0,BOB,,2009-07-09 00:00:00,900,24.5,84,-,994,25,3,D,,,2009,,
7.0,ARB,PHYAN,2009-09-11 00:00:00,900,11,72,1.5,1000,25,4,D,,,2009,,
7.0,ARB,PHYAN,2009-09-11 00:00:00,1200,11.5,71.5,1.5,1000,25,4,D,,,2009,,
7.0,ARB,PHYAN,2009-09-11 00:00:00,1800,12,71,1.5,1000,25,4,D,,,2009,,
7.0,ARB,PHYAN,2009-10-11 00:00:00,0,12.5,70.5,1.5,998,25,4,D,,,2009,,
7.0,ARB,PHYAN,2009-10-11 00:00:00,300,13,70.5,2,998,30,5,DD,,,2009,,
7.0,ARB,PHYAN,2009-10-11 00:00:00,600,13.5,70.5,2,998,30,5,DD,,,2009,,
7.0,ARB,PHYAN,2009-10-11 00:00:00,1200,14.5,71,2,996,30,5,DD,,,2009,,
7.0,ARB,PHYAN,2009-10-11 00:00:00,1800,15,71,2.5,996,35,6,CS,,,2009,,
7.0,ARB,PHYAN,2009-10-11 00:00:00,2100,15.5,71.5,2.5,994,35,6,CS,,,2009,,
7.0,ARB,PHYAN,2009-11-11 00:00:00,0,16,71.5,2.5,992,40,8,CS,,,2009,,
7.0,ARB,PHYAN,2009-11-11 00:00:00,300,17,72,3,990,45,10,CS,,,2009,,
7.0,ARB,PHYAN,2009-11-11 00:00:00,600,17.5,72.5,3,988,45,12,CS,,,2009,,
7.0,ARB,PHYAN,2009-11-11 00:00:00,900,18.5,72.5,2.5,992,40,8,CS,,,2009,,
7.0,ARB,PHYAN,2009-11-11 00:00:00,1200,19.5,73.5,-,996,30,5,DD,,,2009,,
7.0,ARB,PHYAN,2009-11-11 00:00:00,1500,20,74,-,998,30,5,DD,,,2009,,
7.0,ARB,PHYAN,2009-11-11 00:00:00,1800,20,74,-,1000,20,4,D,,,2009,,
8.0,BOB,WARD,2009-10-12 00:00:00,900,6.5,85,1.5,1004,25,3,D,,,2009,,
8.0,BOB,WARD,2009-10-12 00:00:00,1200,6.5,85,1.5,1004,25,3,D,,,2009,,
8.0,BOB,WARD,2009-10-12 00:00:00,1800,6.5,85,1.5,1003,25,4,D,,,2009,,
8.0,BOB,WARD,2009-11-12 00:00:00,0,7,84.5,2,1000,30,5,DD,,,2009,,
8.0,BOB,WARD,2009-11-12 00:00:00,300,7,84.5,2,1000,30,5,DD,,,2009,,
8.0,BOB,WARD,2009-11-12 00:00:00,600,8,84.5,2,1000,30,5,DD,,,2009,,
8.0,BOB,WARD,2009-11-12 00:00:00,900,8.5,84.5,2.5,998,35,6,CS,,,2009,,
8.0,BOB,WARD,2009-11-12 00:00:00,1200,8.5,84.5,2.5,998,35,6,CS,,,2009,,
8.0,BOB,WARD,2009-11-12 00:00:00,1500,9,84.5,2.5,998,35,6,CS,,,2009,,
8.0,BOB,WARD,2009-11-12 00:00:00,1800,9,84.5,2.5,998,40,8,CS,,,2009,,
8.0,BOB,WARD,2009-11-12 00:00:00,2100,9.5,84.5,3,996,45,10,CS,,,2009,,
8.0,BOB,WARD,2009-12-12 00:00:00,0,10,84.5,3,996,45,10,CS,,,2009,,
8.0,BOB,WARD,2009-12-12 00:00:00,300,10,84.5,3,996,45,10,CS,,,2009,,
8.0,BOB,WARD,2009-12-12 00:00:00,600,10,84.5,3,996,45,10,CS,,,2009,,
8.0,BOB,WARD,2009-12-12 00:00:00,900,10,84,2.5,998,40,8,CS,,,2009,,
8.0,BOB,WARD,2009-12-12 00:00:00,1200,10,83.5,2.5,998,35,6,CS,,,2009,,
8.0,BOB,WARD,2009-12-12 00:00:00,1500,10,83.5,2.5,998,35,6,CS,,,2009,,
8.0,BOB,WARD,2009-12-12 00:00:00,1800,9.5,83.5,2,1000,30,5,DD,,,2009,,
8.0,BOB,WARD,2009-12-13 00:00:00,0,9.5,83,2,1000,30,5,DD,,,2009,,
8.0,BOB,WARD,2009-12-13 00:00:00,300,9.5,83,2,1000,30,5,DD,,,2009,,
8.0,BOB,WARD,2009-12-13 00:00:00,600,9,83,2,1002,30,5,DD,,,2009,,
8.0,BOB,WARD,2009-12-13 00:00:00,1200,9,83,2,1002,30,5,DD,,,2009,,
8.0,BOB,WARD,2009-12-13 00:00:00,1800,9,82.5,2,1002,30,5,DD,,,2009,,
8.0,BOB,WARD,2009-12-14 00:00:00,0,9,82,2,1002,30,5,DD,,,2009,,
8.0,BOB,WARD,2009-12-14 00:00:00,300,8.5,81.5,2,1004,30,5,DD,,,2009,,
8.0,BOB,WARD,2009-12-14 00:00:00,600,8.5,81.5,2,1004,30,5,DD,,,2009,,
8.0,BOB,WARD,2009-12-14 00:00:00,900,8.5,81,-,1004,25,4,D,,,2009,,
8.0,BOB,WARD,2009-12-14 00:00:00,1200,8.5,81,-,1004,25,3,D,,,2009,,
8.0,BOB,WARD,2009-12-14 00:00:00,1800,8.5,81,-,1005,25,3,D,,,2009,,
8.0,BOB,WARD,2009-12-15 00:00:00,0,8.5,80.5,-,1007,25,3,D,,,2009,,
1.0,BOB,LAILA,2010-05-17 00:00:00,600,10.5,88.5,1.5,1004,25,3,D,,,2010,,
1.0,BOB,LAILA,2010-05-17 00:00:00,1200,11.0,88.0,2.0,1000,30,5,DD,,,2010,,
1.0,BOB,LAILA,2010-05-17 00:00:00,1800,11.5,87.5,2.0,998,30,5,DD,,,2010,,
1.0,BOB,LAILA,2010-05-18 00:00:00,0,11.5,86.5,2.5,998,35,6,CS,,,2010,,
1.0,BOB,LAILA,2010-05-18 00:00:00,300,12.0,85.5,2.5,996,40,6,CS,,,2010,,
1.0,BOB,LAILA,2010-05-18 00:00:00,600,12.5,84.5,3.0,992,45,8,CS,,,2010,,
1.0,BOB,LAILA,2010-05-18 00:00:00,900,13.0,84.0,3.0,992,45,8,CS,,,2010,,
1.0,BOB,LAILA,2010-05-18 00:00:00,1200,13.0,83.5,3.0,990,45,10,CS,,,2010,,
1.0,BOB,LAILA,2010-05-18 00:00:00,1500,13.0,83.0,3.0,990,45,10,CS,,,2010,,
1.0,BOB,LAILA,2010-05-18 00:00:00,1800,13.0,82.5,3.0,990,45,10,CS,,,2010,,
1.0,BOB,LAILA,2010-05-18 00:00:00,2100,13.0,82.0,3.0,990,45,10,CS,,,2010,,
1.0,BOB,LAILA,2010-05-19 00:00:00,0,13.5,82.0,3.0,990,45,10,CS,,,2010,,
1.0,BOB,LAILA,2010-05-19 00:00:00,300,13.5,82.0,3.0,990,45,10,CS,,,2010,,
1.0,BOB,LAILA,2010-05-19 00:00:00,600,13.5,81.5,3.5,986,55,15,SCS,,,2010,,
1.0,BOB,LAILA,2010-05-19 00:00:00,900,14.0,81.5,3.5,986,55,15,SCS,,,2010,,
1.0,BOB,LAILA,2010-05-19 00:00:00,1200,14.0,81.5,3.5,986,55,15,SCS,,,2010,,
1.0,BOB,LAILA,2010-05-19 00:00:00,1500,14.0,81.5,3.5,986,55,15,SCS,,,2010,,
1.0,BOB,LAILA,2010-05-19 00:00:00,1800,14.5,81.0,3.5,986,55,15,SCS,,,2010,,
1.0,BOB,LAILA,2010-05-19 00:00:00,2100,14.5,81.0,3.5,986,55,15,SCS,,,2010,,
1.0,BOB,LAILA,2010-05-20 00:00:00,0,15.0,81.0,3.5,986,55,15,SCS,,,2010,,
1.0,BOB,LAILA,2010-05-20 00:00:00,300,15.5,80.5,3.5,986,55,15,SCS,,,2010,,
1.0,BOB,LAILA,2010-05-20 00:00:00,600,15.7,80.5,3.5,986,55,15,SCS,,,2010,,
1.0,BOB,LAILA,2010-05-20 00:00:00,900,15.8,80.5,3.5,986,55,15,SCS,,,2010,,
1.0,BOB,LAILA,2010-05-20 00:00:00,1200,16.0,80.5,-,990,45,12,CS,,,2010,,
1.0,BOB,LAILA,2010-05-20 00:00:00,1500,16.0,80.5,-,990,45,12,CS,,,2010,,
1.0,BOB,LAILA,2010-05-20 00:00:00,1800,16.0,80.5,-,990,45,10,CS,,,2010,,
1.0,BOB,LAILA,2010-05-20 00:00:00,2100,16.0,80.7,-,990,40,10,CS,,,2010,,
1.0,BOB,LAILA,2010-05-21 00:00:00,0,16.2,80.8,-,990,35,10,CS,,,2010,,
1.0,BOB,LAILA,2010-05-21 00:00:00,300,16.5,81.0,-,995,30,5,DD,,,2010,,
1.0,BOB,LAILA,2010-05-21 00:00:00,600,17.0,81.5,-,999,20,3,D,,,2010,,
2.0,ARB,BANDU,2010-05-19 00:00:00,900,10.5,54.0,1.5,1002,25,3,D,,,2010,,
2.0,ARB,BANDU,2010-05-19 00:00:00,1200,11.0,54.0,1.5,1002,25,3,D,,,2010,,
2.0,ARB,BANDU,2010-05-19 00:00:00,1500,11.5,53.5,1.5,1002,25,4,D,,,2010,,
2.0,ARB,BANDU,2010-05-19 00:00:00,1800,11.5,53.5,2.0,1000,30,5,DD,,,2010,,
2.0,ARB,BANDU,2010-05-19 00:00:00,2100,11.5,53.0,2.0,1000,30,5,DD,,,2010,,
2.0,ARB,BANDU,2010-05-20 00:00:00,0,11.5,53.0,2.0,1000,30,5,DD,,,2010,,
2.0,ARB,BANDU,2010-05-20 00:00:00,300,11.5,53.0,2.0,999,30,5,DD,,,2010,,
2.0,ARB,BANDU,2010-05-20 00:00:00,600,11.5,53.0,2.0,999,30,5,DD,,,2010,,
2.0,ARB,BANDU,2010-05-20 00:00:00,900,12.0,53.0,2.0,999,30,5,DD,,,2010,,
2.0,ARB,BANDU,2010-05-20 00:00:00,1200,12.5,52.5,2.0,999,30,5,DD,,,2010,,
2.0,ARB,BANDU,2010-05-20 00:00:00,1800,12.5,51.5,2.0,999,30,5,DD,,,2010,,
2.0,ARB,BANDU,2010-05-21 00:00:00,0,12.5,51.5,2.0,998,30,5,DD,,,2010,,
2.0,ARB,BANDU,2010-05-21 00:00:00,300,12.5,51.5,2.0,998,30,5,DD,,,2010,,
2.0,ARB,BANDU,2010-05-21 00:00:00,600,12.5,51.5,2.0,998,30,5,DD,,,2010,,
2.0,ARB,BANDU,2010-05-21 00:00:00,900,12.5,51.5,2.0,996,30,6,DD,,,2010,,
2.0,ARB,BANDU,2010-05-21 00:00:00,1200,12.5,51.5,2.5,994,40,8,CS,,,2010,,
2.0,ARB,BANDU,2010-05-21 00:00:00,1500,12.5,51.5,2.5,994,40,8,CS,,,2010,,
2.0,ARB,BANDU,2010-05-21 00:00:00,1800,12.5,51.5,2.5,994,40,8,CS,,,2010,,
2.0,ARB,BANDU,2010-05-21 00:00:00,2100,12.5,51.0,2.5,994,40,8,CS,,,2010,,
2.0,ARB,BANDU,2010-05-22 00:00:00,0,12.5,50.5,2.5,994,40,8,CS,,,2010,,
2.0,ARB,BANDU,2010-05-22 00:00:00,300,12.5,50.5,2.5,994,40,8,CS,,,2010,,
2.0,ARB,BANDU,2010-05-22 00:00:00,600,12.5,50.5,2.5,994,40,8,CS,,,2010,,
2.0,ARB,BANDU,2010-05-22 00:00:00,900,12.5,50.0,2.5,996,35,7,CS,,,2010,,
2.0,ARB,BANDU,2010-05-22 00:00:00,1200,12.5,50.0,2.0,998,30,5,DD,,,2010,,
2.0,ARB,BANDU,2010-05-22 00:00:00,1800,12.5,50.0,1.5,1000,25,3,D,,,2010,,
3.0,ARB,PHET,31-05-2010,600,15.0,64.0,1.5,1001,25,3,D,,,2010,,
3.0,ARB,PHET,31-05-2010,1200,15.5,63.5,1.5,1001,25,3,D,,,2010,,
3.0,ARB,PHET,31-05-2010,1800,15.5,63.5,1.5,999,25,4,D,,,2010,,
3.0,ARB,PHET,01-06-2010,0,15.5,63.5,2.0,998,30,5,DD,,,2010,,
3.0,ARB,PHET,01-06-2010,300,15.5,63.5,2.0,998,30,5,DD,,,2010,,
3.0,ARB,PHET,01-06-2010,600,16.0,63.0,2.0,996,30,5,DD,,,2010,,
3.0,ARB,PHET,01-06-2010,900,16.0,63.0,2.5,995,35,7,CS,,,2010,,
3.0,ARB,PHET,01-06-2010,1200,16.5,62.5,2.5,994,35,7,CS,,,2010,,
3.0,ARB,PHET,01-06-2010,1500,16.5,62.5,2.5,992,40,8,CS,,,2010,,
3.0,ARB,PHET,01-06-2010,1800,17.0,62.0,3,990,45,10,CS,,,2010,,
3.0,ARB,PHET,01-06-2010,2100,17.0,62.0,3,990,45,10,CS,,,2010,,
3.0,ARB,PHET,02-06-2010,0,17.5,61.5,3.5,986,55,15,SCS,,,2010,,
3.0,ARB,PHET,02-06-2010,300,17.5,61.0,3.5,984,60,18,SCS,,,2010,,
3.0,ARB,PHET,02-06-2010,600,17.5,61.0,4,978,70,24,VSCS,,,2010,,
3.0,ARB,PHET,02-06-2010,900,18.0,60.5,4.5,968,80,32,VSCS,,,2010,,
3.0,ARB,PHET,02-06-2010,1200,18.0,60.5,4.5,964,85,36,VSCS,,,2010,,
3.0,ARB,PHET,02-06-2010,1500,18.5,60.0,4.5,964,85,36,VSCS,,,2010,,
3.0,ARB,PHET,02-06-2010,1800,18.5,60.0,4.5,966,85,36,VSCS,,,2010,,
3.0,ARB,PHET,02-06-2010,2100,18.5,60.0,4.5,970,80,32,VSCS,,,2010,,
3.0,ARB,PHET,03-06-2010,0,18.5,59.5,4,974,75,28,VSCS,,,2010,,
3.0,ARB,PHET,03-06-2010,300,18.5,59.5,4,974,75,28,VSCS,,,2010,,
3.0,ARB,PHET,03-06-2010,600,19.0,59.5,4,978,70,24,VSCS,,,2010,,
3.0,ARB,PHET,03-06-2010,900,19.5,59.5,4,978,70,24,VSCS,,,2010,,
3.0,ARB,PHET,03-06-2010,1200,20.0,59.5,4,978,70,24,VSCS,,,2010,,
3.0,ARB,PHET,03-06-2010,1500,20.0,59.5,4,978,70,24,VSCS,,,2010,,
3.0,ARB,PHET,03-06-2010,1800,20.5,59.5,4,980,65,22,VSCS,,,2010,,
3.0,ARB,PHET,03-06-2010,2100,21.0,59.5,4,980,65,22,VSCS,,,2010,,
3.0,ARB,PHET,04-06-2010,0,21.5,59.5,4,980,65,22,VSCS,,,2010,,
3.0,ARB,PHET,04-06-2010,300,22.0,59.5,-,982,60,18,SCS,,,2010,,
3.0,ARB,PHET,04-06-2010,600,22.0,59.5,-,984,60,18,SCS,,,2010,,
3.0,ARB,PHET,04-06-2010,900,22.5,59.5,-,984,60,18,SCS,,,2010,,
3.0,ARB,PHET,04-06-2010,1200,23.0,59.5,3.5,984,60,18,SCS,,,2010,,
3.0,ARB,PHET,04-06-2010,1500,23.0,59.5,3.5,986,55,16,SCS,,,2010,,
3.0,ARB,PHET,04-06-2010,1800,23.0,59.5,3.5,988,55,14,SCS,,,2010,,
3.0,ARB,PHET,04-06-2010,2100,23.5,60.0,3.5,990,50,12,SCS,,,2010,,
3.0,ARB,PHET,05-06-2010,0,24.0,60.5,3,990,45,10,CS,,,2010,,
3.0,ARB,PHET,05-06-2010,300,24.5,61.0,2.5,992,40,8,CS,,,2010,,
3.0,ARB,PHET,05-06-2010,600,24.5,61.0,2.5,992,40,8,CS,,,2010,,
3.0,ARB,PHET,05-06-2010,900,24.5,61.0,2.5,992,40,8,CS,,,2010,,
3.0,ARB,PHET,05-06-2010,1200,24.5,61.5,2.5,992,40,8,CS,,,2010,,
3.0,ARB,PHET,05-06-2010,1500,24.5,62.0,2.5,994,35,7,CS,,,2010,,
3.0,ARB,PHET,05-06-2010,1800,24.5,62.5,2.0,994,30,5,DD,,,2010,,
3.0,ARB,PHET,05-06-2010,2100,24.5,63.0,2.0,994,30,5,DD,,,2010,,
3.0,ARB,PHET,06-06-2010,0,24.5,64.0,2.0,994,30,5,DD,,,2010,,
3.0,ARB,PHET,06-06-2010,300,24.5,65.0,1.5,994,25,4,D,,,2010,,
3.0,ARB,PHET,06-06-2010,600,24.5,66.0,1.5,994,25,4,D,,,2010,,
3.0,ARB,PHET,06-06-2010,900,24.5,66.5,1.5,994,25,4,D,,,2010,,
3.0,ARB,PHET,06-06-2010,1200,24.5,67.0,1.5,993,25,4,D,,,2010,,
3.0,ARB,PHET,06-06-2010,1500,25.0,68.0,-,993,25,4,D,,,2010,,
3.0,ARB,PHET,06-06-2010,1800,25.0,69.0,-,991,25,5,D,,,2010,,
3.0,ARB,PHET,07-06-2010,0,26.5,71.0,-,993,25,5,D,,,2010,,
3.0,ARB,PHET,07-06-2010,300,26.5,71.5,-,993,25,5,D,,,2010,,
3.0,ARB,PHET,07-06-2010,600,26.5,72.5,-,995,20,3,D,,,2010,,
4.0,BOB,--,07-10-2010,300,16.5,84.5,1.5,998,25,4,D,,,2010,,
4.0,BOB,--,07-10-2010,600,17.5,84.5,1.5,998,25,4,D,,,2010,,
4.0,BOB,--,07-10-2010,1200,18.5,85.0,1.5,996,25,4,D,,,2010,,
4.0,BOB,--,07-10-2010,1800,19.0,85.5,1.5,996,25,4,D,,,2010,,
4.0,BOB,--,08-10-2010,0,20.0,86.5,1.5,998,25,4,D,,,2010,,
4.0,BOB,--,08-10-2010,300,21.0,87.5,1.5,998,25,4,D,,,2010,,
4.0,BOB,--,08-10-2010,600,22.0,89.0,1.5,998,25,4,D,,,2010,,
4.0,BOB,--,08-10-2010,1200,23.5,90.5,--,1000,25,3,D,,,2010,,
4.0,BOB,--,08-10-2010,1800,24.5,91.0,--,1002,25,3,D,,,2010,,
5.0,BOB,--,2010-10-13 00:00:00,600,17.5,90.0,1.5,1002,25,4,D,,,2010,,
5.0,BOB,--,2010-10-13 00:00:00,1200,17.5,89.0,1.5,998,25,4,D,,,2010,,
5.0,BOB,--,2010-10-13 00:00:00,1800,18.0,88.5,1.5,998,25,4,D,,,2010,,
5.0,BOB,--,2010-10-14 00:00:00,0,18.0,88.5,1.5,998,25,4,D,,,2010,,
5.0,BOB,--,2010-10-14 00:00:00,300,18.0,88.5,1.5,998,25,4,D,,,2010,,
5.0,BOB,--,2010-10-14 00:00:00,600,18.0,88.5,1.5,998,25,4,D,,,2010,,
5.0,BOB,--,2010-10-14 00:00:00,1200,18.0,88.0,1.5,996,25,4,D,,,2010,,
5.0,BOB,--,2010-10-14 00:00:00,1800,18.0,88.0,1.5,996,25,4,D,,,2010,,
5.0,BOB,--,15-10-2010,0,18.5,87.5,1.5,996,25,4,D,,,2010,,
5.0,BOB,--,15-10-2010,300,19.0,87.0,2.0,996,30,5,DD,,,2010,,
5.0,BOB,--,2010-10-15 00:00:00,600,19.5,86.0,2.0,996,30,5,DD,,,2010,,
5.0,BOB,--,2010-10-15 00:00:00,1200,19.5,85.5,2.0,995,30,5,DD,,,2010,,
5.0,BOB,--,2010-10-15 00:00:00,1800,19.0,84.5,--,996,30,5,DD,,,2010,,
5.0,BOB,--,2010-10-16 00:00:00,0,19.0,84.0,--,998,25,4,D,,,2010,,
6.0,BOB,GIRI,20-10-2010,1200,17.5,91.5,1.5,1002,25,4,D,,,2010,,
6.0,BOB,GIRI,2010-10-20 00:00:00,1800,17.5,91.5,1.5,1002,25,4,D,,,2010,,
6.0,BOB,GIRI,2010-10-21 00:00:00,0,17.5,91.5,1.5,1002,25,4,D,,,2010,,
6.0,BOB,GIRI,2010-10-21 00:00:00,300,17.5,91.5,2,1000,30,5,DD,,,2010,,
6.0,BOB,GIRI,2010-10-21 00:00:00,600,17.5,91.5,2.5,998,35,6,CS,,,2010,,
6.0,BOB,GIRI,2010-10-21 00:00:00,900,17.5,91.5,2.5,996,40,8,CS,,,2010,,
6.0,BOB,GIRI,2010-10-21 00:00:00,1200,18.0,92,3,990,45,10,CS,,,2010,,
6.0,BOB,GIRI,2010-10-21 00:00:00,1500,18.0,92,3,990,45,10,CS,,,2010,,
6.0,BOB,GIRI,2010-10-21 00:00:00,1800,18.0,92,3,988,50,12,CS,,,2010,,
6.0,BOB,GIRI,2010-10-21 00:00:00,2100,18.5,92.5,3,984,55,16,CS,,,2010,,
6.0,BOB,GIRI,2010-10-22 00:00:00,0,18.5,92.5,3.5,980,60,20,SCS,,,2010,,
6.0,BOB,GIRI,2010-10-22 00:00:00,300,19.0,93,4.5,974,80,30,VSCS,,,2010,,
6.0,BOB,GIRI,2010-10-22 00:00:00,600,19.0,93,5,964,90,40,ESCS,,,2010,,
6.0,BOB,GIRI,2010-10-22 00:00:00,900,19.5,93.5,5.5,950,105,52,ESCS,,,2010,,
6.0,BOB,GIRI,2010-10-22 00:00:00,1200,19.8,93.5,5.5,950,105,52,ESCS,,,2010,,
6.0,BOB,GIRI,2010-10-22 00:00:00,1500,20.0,93.5,--,966,80,36,VSCS,,,2010,,
6.0,BOB,GIRI,2010-10-22 00:00:00,1800,20.5,94,--,976,70,26,VSCS,,,2010,,
6.0,BOB,GIRI,2010-10-22 00:00:00,2100,20.5,94,--,986,55,16,SCS,,,2010,,
6.0,BOB,GIRI,2010-10-23 00:00:00,0,21.0,94.5,--,992,45,10,CS,,,2010,,
6.0,BOB,GIRI,2010-10-23 00:00:00,300,21.5,95,--,996,35,8,CS,,,2010,,
6.0,BOB,GIRI,2010-10-23 00:00:00,600,22.0,95.5,--,998,25,4,D,,,2010,,
7.0,BOB,JAL,04-11-2010,0,8.0,92.0,1.5,1002,25,3,D,,,2010,,
7.0,BOB,JAL,04-11-2010,300,8.5,91.0,1.5,1002,25,3,D,,,2010,,
7.0,BOB,JAL,04-11-2010,600,8.5,90.5,1.5,1002,25,3,D,,,2010,,
7.0,BOB,JAL,04-11-2010,1200,8.5,90.0,1.5,1002,25,3,D,,,2010,,
7.0,BOB,JAL,04-11-2010,1800,8.5,89.5,1.5,1002,25,4,D,,,2010,,
7.0,BOB,JAL,05-11-2010,0,9.0,88.5,2.0,1000,30,5,DD,,,2010,,
7.0,BOB,JAL,05-11-2010,300,9.0,88.0,2.0,1000,30,5,DD,,,2010,,
7.0,BOB,JAL,05-11-2010,600,9.0,87.5,2.5,998,35,6,CS,,,2010,,
7.0,BOB,JAL,05-11-2010,900,9.0,87.5,2.5,996,40,8,CS,,,2010,,
7.0,BOB,JAL,05-11-2010,1200,9.5,87.0,2.5,994,45,10,CS,,,2010,,
7.0,BOB,JAL,05-11-2010,1500,9.5,87.0,3.0,994,45,10,CS,,,2010,,
7.0,BOB,JAL,05-11-2010,1800,10.0,86.5,3.0,992,50,12,CS,,,2010,,
7.0,BOB,JAL,05-11-2010,2100,10.0,86.0,3.5,990,55,16,SCS,,,2010,,
7.0,BOB,JAL,06-11-2010,0,10.0,85.5,3.5,990,55,16,SCS,,,2010,,
7.0,BOB,JAL,06-11-2010,300,10.0,85.5,3.5,990,55,16,SCS,,,2010,,
7.0,BOB,JAL,06-11-2010,600,10.0,85.0,3.5,990,55,16,SCS,,,2010,,
7.0,BOB,JAL,06-11-2010,900,10.0,85.0,3.5,990,55,16,SCS,,,2010,,
7.0,BOB,JAL,06-11-2010,1200,11.0,84.5,3.5,988,60,18,SCS,,,2010,,
7.0,BOB,JAL,06-11-2010,1500,11.0,84.5,3.5,988,60,18,SCS,,,2010,,
7.0,BOB,JAL,06-11-2010,1800,11.0,84.0,3.5,988,60,18,SCS,,,2010,,
7.0,BOB,JAL,06-11-2010,2100,11.0,84.0,3.5,988,60,18,SCS,,,2010,,
7.0,BOB,JAL,07-11-2010,0,11.0,83.5,3.5,988,60,18,SCS,,,2010,,
7.0,BOB,JAL,07-11-2010,300,12.0,83.0,3.5,990,55,16,SCS,,,2010,,
7.0,BOB,JAL,07-11-2010,600,12.0,82.5,3.0,992,45,12,CS,,,2010,,
7.0,BOB,JAL,07-11-2010,900,12.0,81.5,2.5,994,40,8,CS,,,2010,,
7.0,BOB,JAL,07-11-2010,1200,13.0,81.0,2.0,996,30,6,DD,,,2010,,
7.0,BOB,JAL,07-11-2010,1500,13.0,80.5,2.0,998,30,5,DD,,,2010,,
7.0,BOB,JAL,07-11-2010,1800,13.0,80.0,--,1000,30,5,DD,,,2010,,
7.0,BOB,JAL,08-11-2010,0,14.0,79.0,--,1002,25,4,D,,,2010,,
7.0,BOB,JAL,08-11-2010,300,15.0,78.0,--,1004,25,3,D,,,2010,,
8.0,BOB,,07-12-2010,300,14.0,82.0,1.5,1000,25,4,D,,,2010,,
8.0,BOB,,07-12-2010,600,14.5,82.0,1.5,1000,25,4,D,,,2010,,
8.0,BOB,,07-12-2010,1200,15.0,81.5,1.5,1000,25,4,D,,,2010,,
8.0,BOB,,07-12-2010,1800,15.5,81.0,1.5,1000,25,4,D,,,2010,,
8.0,BOB,,08-12-2010,0,16.0,80.0,1.5,1000,20,4,D,,,2010,,
1.0,BOB,--,2011-02-02 00:00:00,900,6.5,82.5,1.5,1002,25,3,D,,,2011,,
1.0,BOB,--,2011-02-02 00:00:00,1200,6.5,82.5,1.5,1002,25,3,D,,,2011,,
1.0,BOB,--,2011-02-02 00:00:00,1800,6.5,82.5,1.5,1002,25,3,D,,,2011,,
2.0,AS,--,2011-06-11 00:00:00,1200,20.0,71.5,1.5,996,25,4,D,,,2011,,
2.0,AS,--,2011-06-11 00:00:00,1800,20.0,71.5,1.5,996,25,4,D,,,2011,,
2.0,AS,--,2011-06-12 00:00:00,0,21.0,70.5,--,996,25,4,D,,,2011,,
2.0,AS,--,2011-06-12 00:00:00,300,21.0,70.5,--,996,20,3,D,,,2011,,
2.0,AS,--,2011-06-12 00:00:00,600,21.0,70.5,--,996,20,3,D,,,2011,,
3.0,BOB,--,2011-06-16 00:00:00,300,21.5,89,1.5,986,25,6,D,,,2011,,
3.0,BOB,--,2011-06-16 00:00:00,600,21.5,89,1.5,986,25,6,DD,,,2011,,
3.0,BOB,--,2011-06-16 00:00:00,1200,22.0,89,--,984,30,6,DD,,,2011,,
,,,2011-06-16 00:00:00,1800,22.5,89,,984,30,6,DD,,,2011,,
3.0,BOB,--,2011-06-17 00:00:00,0,22.5,89,--,984,30,6,DD,,,2011,,
3.0,BOB,--,2011-06-17 00:00:00,300,22.5,89,--,984,30,8,DD,,,2011,,
3.0,BOB,--,2011-06-17 00:00:00,600,22.8,88.5,--,978,35,12,DD,,,2011,,
3.0,BOB,--,2011-06-17 00:00:00,1200,23.0,88,--,982,25,10,DD,,,2011,,
3.0,BOB,--,2011-06-17 00:00:00,1800,23.0,88,--,984,25,8,DD,,,2011,,
3.0,BOB,--,2011-06-18 00:00:00,0,23.0,87.5,--,984,25,8,DD,,,2011,,
3.0,BOB,--,2011-06-18 00:00:00,300,23.0,87,--,984,25,8,DD,,,2011,,
3.0,BOB,--,2011-06-18 00:00:00,600,23.0,87,--,984,25,8,DD,,,2011,,
3.0,BOB,--,2011-06-18 00:00:00,1200,23.0,87,--,984,25,8,DD,,,2011,,
3.0,BOB,--,2011-06-18 00:00:00,1800,23.0,86.5,--,986,25,8,DD,,,2011,,
3.0,BOB,--,2011-06-19 00:00:00,0,23.0,86,--,986,25,8,DD,,,2011,,
3.0,BOB,--,2011-06-19 00:00:00,300,23.5,85.5,--,987,25,8,DD,,,2011,,
3.0,BOB,--,2011-06-19 00:00:00,600,23.5,85.5,--,987,25,8,DD,,,2011,,
3.0,BOB,--,2011-06-19 00:00:00,1200,23.5,85,--,987,25,7,DD,,,2011,,
3.0,BOB,--,2011-06-19 00:00:00,1800,23.5,84.5,--,987,25,7,DD,,,2011,,
3.0,BOB,--,2011-06-20 00:00:00,0,23.5,84,--,987,25,7,DD,,,2011,,
3.0,BOB,--,2011-06-20 00:00:00,300,23.7,83.5,--,987,25,7,DD,,,2011,,
3.0,BOB,--,2011-06-20 00:00:00,600,23.7,83.5,--,990,20,4,D,,,2011,,
3.0,BOB,--,2011-06-20 00:00:00,1200,24.0,83,--,990,20,4,D,,,2011,,
3.0,BOB,--,2011-06-20 00:00:00,1800,24.0,83,--,990,20,4,D,,,2011,,
3.0,BOB,--,2011-06-21 00:00:00,0,24.5,82.5,--,990,20,4,D,,,2011,,
3.0,BOB,--,2011-06-21 00:00:00,300,24.5,82,--,990,20,4,D,,,2011,,
3.0,BOB,--,2011-06-21 00:00:00,600,24.5,81.5,--,990,20,4,D,,,2011,,
3.0,BOB,--,2011-06-21 00:00:00,1200,24.5,81,--,990,20,4,D,,,2011,,
3.0,BOB,--,2011-06-21 00:00:00,1800,24.5,81,--,990,20,4,D,,,2011,,
3.0,BOB,--,2011-06-22 00:00:00,0,24.5,80.5,--,991,20,4,D,,,2011,,
3.0,BOB,--,2011-06-22 00:00:00,300,24.5,80,--,992,20,3,D,,,2011,,
3.0,BOB,--,2011-06-22 00:00:00,600,24.5,80,--,992,20,3,D,,,2011,,
3.0,BOB,--,2011-06-22 00:00:00,1200,24.5,79.1,--,994,20,3,D,,,2011,,
3.0,BOB,--,2011-06-22 00:00:00,1800,24.5,78.5,--,992,20,3,D,,,2011,,
4.0,LAND,--,2011-07-22 00:00:00,0,23.5,84.5,--,990,20,3,D,,,2011,,
4.0,LAND,--,2011-07-22 00:00:00,300,24.0,84,--,990,20,3,D,,,2011,,
4.0,LAND,--,2011-07-22 00:00:00,600,24.0,84,--,990,20,3,D,,,2011,,
4.0,LAND,--,2011-07-22 00:00:00,1200,24.0,83,--,990,20,3,D,,,2011,,
4.0,LAND,--,2011-07-22 00:00:00,1800,24.0,81.5,--,992,20,3,D,,,2011,,
4.0,LAND,--,2011-07-23 00:00:00,0,24.5,80.5,--,992,20,3,D,,,2011,,
5.0,BOB,--,2011-09-22 00:00:00,300,21.5,87.5,1.5,998,25,4,D,,,2011,,
5.0,BOB,--,2011-09-22 00:00:00,600,21.6,87.3,1.5,998,25,4,D,,,2011,,
5.0,BOB,--,2011-09-22 00:00:00,1200,21.7,87.2,1.5,995,25,4,D,,,2011,,
5.0,BOB,--,2011-09-22 00:00:00,1800,21.8,87,--,998,25,4,D,,,2011,,
5.0,BOB,--,2011-09-23 00:00:00,0,22.5,86.5,--,1000,25,4,D,,,2011,,
5.0,BOB,--,2011-09-23 00:00:00,300,22.5,86.5,--,1002,25,4,D,,,2011,,
5.0,BOB,--,2011-09-23 00:00:00,600,22.5,86.5,--,1004,25,4,D,,,2011,,
6.0,BOB,--,2011-10-19 00:00:00,0,20.0,90.5,1.5,1002,25,3,D,,,2011,,
6.0,BOB,--,2011-10-19 00:00:00,300,20.2,91,1.5,1002,25,3,D,,,2011,,
6.0,BOB,--,2011-10-19 00:00:00,600,20.5,91.5,2,1002,30,5,DD,,,2011,,
6.0,BOB,--,2011-10-19 00:00:00,1200,21.0,92,2,1002,30,5,DD,,,2011,,
6.0,BOB,--,2011-10-19 00:00:00,1800,21.5,92.5,--,1002,30,5,DD,,,2011,,
6.0,BOB,--,2011-10-20 00:00:00,0,21.5,93.5,--,1004,25,3,D,,,2011,,
7.0,AS,KEILA,2011-10-29 00:00:00,600,13.0,62,1.5,1004,25,3,D,,,2011,,
7.0,AS,KEILA,2011-10-29 00:00:00,1200,13.0,61,1.5,1004,25,3,D,,,2011,,
7.0,AS,KEILA,2011-10-29 00:00:00,1800,13.0,61,1.5,1004,25,3,D,,,2011,,
7.0,AS,KEILA,2011-10-29 00:00:00,0,13.0,60.5,1.5,1004,25,3,D,,,2011,,
7.0,AS,KEILA,2011-10-30 00:00:00,300,13.0,60,1.5,1004,25,3,D,,,2011,,
7.0,AS,KEILA,2011-10-30 00:00:00,600,13.0,60,1.5,1002,25,3,D,,,2011,,
7.0,AS,KEILA,2011-10-30 00:00:00,1200,13.5,59.5,1.5,1002,25,3,D,,,2011,,
7.0,AS,KEILA,2011-10-30 00:00:00,1800,14.0,59,1.5,1002,25,3,D,,,2011,,
7.0,AS,KEILA,2011-10-31 00:00:00,0,14.5,59,1.5,1002,25,3,D,,,2011,,
7.0,AS,KEILA,2011-10-31 00:00:00,300,15.0,58.5,1.5,1000,25,3,D,,,2011,,
7.0,AS,KEILA,2011-10-31 00:00:00,600,16.0,57,1.5,1000,25,3,D,,,2011,,
7.0,AS,KEILA,2011-10-31 00:00:00,1200,16.0,57.5,1.5,1000,25,3,D,,,2011,,
7.0,AS,KEILA,2011-10-31 00:00:00,1800,16.0,57,1.5,1000,25,3,D,,,2011,,
7.0,AS,KEILA,2011-11-01 00:00:00,0,16.0,56.5,1.5,1000,25,3,D,,,2011,,
7.0,AS,KEILA,2011-11-01 00:00:00,300,16.0,56,2.0,1000,30,4,DD,,,2011,,
7.0,AS,KEILA,2011-11-01 00:00:00,600,16.0,56,2.0,1000,30,4,DD,,,2011,,
7.0,AS,KEILA,2011-11-01 00:00:00,1200,16.0,55.5,2.0,1000,30,4,DD,,,2011,,
7.0,AS,KEILA,2011-11-01 00:00:00,1800,16.0,55.5,2.0,1000,30,5,DD,,,2011,,
7.0,AS,KEILA,2011-11-02 00:00:00,0,16.0,55.3,2.0,1000,30,5,DD,,,2011,,
7.0,AS,KEILA,2011-11-02 00:00:00,300,16.0,55,2.5,998,35,7,CS,,,2011,,
7.0,AS,KEILA,2011-11-02 00:00:00,600,16.0,54.5,2.5,996,35,7,CS,,,2011,,
7.0,AS,KEILA,2011-11-02 00:00:00,900,16.0,54.5,2.5,996,35,7,CS,,,2011,,
7.0,AS,KEILA,2011-11-02 00:00:00,1200,16.5,54.5,2.5,996,35,7,CS,,,2011,,
7.0,AS,KEILA,2011-11-02 00:00:00,1500,16.8,54.3,2.5,996,35,6,CS,,,2011,,
7.0,AS,KEILA,2011-11-02 00:00:00,1800,17.1,54.2,2.0,1000,30,5,DD,,,2011,,
7.0,AS,KEILA,2011-11-03 00:00:00,0,17.1,54.2,2.0,1000,30,5,DD,,,2011,,
7.0,AS,KEILA,2011-11-03 00:00:00,300,17.1,54.2,2.0,1000,30,4,DD,,,2011,,
7.0,AS,KEILA,2011-11-03 00:00:00,600,17.1,54.2,2.0,1000,30,4,DD,,,2011,,
7.0,AS,KEILA,2011-11-03 00:00:00,1200,17.0,54.5,2.0,1000,30,4,DD,,,2011,,
7.0,AS,KEILA,2011-11-03 00:00:00,1800,17.0,54.8,2.0,1001,30,4,DD,,,2011,,
7.0,AS,KEILA,2011-11-04 00:00:00,0,17.0,55,2.0,1001,30,4,DD,,,2011,,
7.0,AS,KEILA,2011-11-04 00:00:00,300,16.5,55,1.5,1002,25,3,D,,,2011,,
8.0,AS,--,2011-11-06 00:00:00,600,10.5,65.5,1.5,1004,25,3,D,,,2011,,
8.0,AS,--,2011-11-06 00:00:00,1200,10.5,65.5,1.5,1004,25,3,D,,,2011,,
8.0,AS,--,2011-11-06 00:00:00,1800,11.0,64.5,1.5,1004,25,3,D,,,2011,,
8.0,AS,--,2011-11-06 00:00:00,0,11.5,64,1.5,1002,25,3,D,,,2011,,
8.0,AS,--,2011-11-06 00:00:00,300,11.5,63.5,1.5,1002,25,3,D,,,2011,,
8.0,AS,--,2011-11-06 00:00:00,600,12.5,62,1.5,1002,25,3,D,,,2011,,
8.0,AS,--,2011-11-06 00:00:00,1200,13.5,60.5,1.5,1002,25,3,D,,,2011,,
8.0,AS,--,2011-11-06 00:00:00,1800,13.5,60.5,1.5,1002,25,3,D,,,2011,,
8.0,AS,--,2011-11-08 00:00:00,0,13.5,60,1.5,1002,25,3,D,,,2011,,
8.0,AS,--,2011-11-08 00:00:00,300,13.5,60,2,1000,30,4,DD,,,2011,,
8.0,AS,--,2011-11-08 00:00:00,600,13.7,59.5,2,1000,30,4,DD,,,2011,,
8.0,AS,--,2011-11-08 00:00:00,1200,14.0,59,2,1000,30,4,DD,,,2011,,
8.0,AS,--,2011-11-08 00:00:00,1800,14.5,58.5,2,1000,30,4,DD,,,2011,,
8.0,AS,--,2011-11-09 00:00:00,0,15.0,58.5,2,1000,30,4,DD,,,2011,,
8.0,AS,--,2011-11-09 00:00:00,300,15.0,58.5,2,1000,30,4,DD,,,2011,,
8.0,AS,--,2011-11-09 00:00:00,600,15.0,58.5,2,1000,30,4,DD,,,2011,,
8.0,AS,--,2011-11-09 00:00:00,1200,15.5,58.5,1.5,1002,25,3,D,,,2011,,
8.0,AS,--,2011-11-09 00:00:00,1800,15.5,58.5,1.5,1002,25,3,D,,,2011,,
8.0,AS,--,2011-11-10 00:00:00,0,16.0,58.5,1.5,1002,25,3,D,,,2011,,
8.0,AS,--,2011-11-10 00:00:00,300,16.0,58.5,1.5,1002,25,3,D,,,2011,,
9.0,AS,--,2011-11-26 00:00:00,300,7.5,76.5,1.5,1002,25,3,D,,,2011,,
9.0,AS,--,2011-11-26 00:00:00,600,8.0,75.5,1.5,1002,25,3,D,,,2011,,
9.0,AS,--,2011-11-26 00:00:00,1200,8.5,75,1.5,1000,25,3,D,,,2011,,
9.0,AS,--,2011-11-26 00:00:00,1800,8.5,75,1.5,1000,25,3,D,,,2011,,
9.0,AS,--,2011-11-27 00:00:00,0,9.5,74,1.5,1000,25,3,D,,,2011,,
9.0,AS,--,2011-11-27 00:00:00,300,10.5,73,1.5,1000,25,3,D,,,2011,,
9.0,AS,--,2011-11-27 00:00:00,600,11.0,72.5,1.5,1000,25,4,D,,,2011,,
9.0,AS,--,2011-11-27 00:00:00,1200,12.0,71.5,1.5,1000,25,4,D,,,2011,,
9.0,AS,--,2011-11-27 00:00:00,1800,12.5,71,1.5,1000,25,4,D,,,2011,,
9.0,AS,--,2011-11-28 00:00:00,0,13.5,70,2.0,998,30,5,DD,,,2011,,
9.0,AS,--,2011-11-28 00:00:00,300,14.0,69.5,2.0,998,30,5,DD,,,2011,,
9.0,AS,--,2011-11-28 00:00:00,600,14.5,69,2.0,998,30,5,DD,,,2011,,
9.0,AS,--,2011-11-28 00:00:00,1200,15.0,68,2.0,998,30,5,DD,,,2011,,
9.0,AS,--,2011-11-28 00:00:00,1800,15.5,67.5,2.0,998,30,6,DD,,,2011,,
9.0,AS,--,2011-11-29 00:00:00,0,15.5,67,2.0,998,30,6,DD,,,2011,,
9.0,AS,--,2011-11-29 00:00:00,300,15.7,66.8,2.0,998,30,5,DD,,,2011,,
9.0,AS,--,2011-11-29 00:00:00,600,16.0,66.5,2.0,998,30,5,DD,,,2011,,
9.0,AS,--,2011-11-29 00:00:00,1200,16.0,66.5,1.5,1000,25,4,D,,,2011,,
9.0,AS,--,2011-11-29 00:00:00,1800,16.4,65.5,1.5,1000,25,4,D,,,2011,,
9.0,AS,--,2011-11-30 00:00:00,0,17.0,64.4,1.5,1000,25,4,D,,,2011,,
9.0,AS,--,2011-11-30 00:00:00,300,17.0,64.5,1.5,1000,25,4,D,,,2011,,
9.0,AS,--,2011-11-30 00:00:00,600,17.5,63.5,1.5,1000,25,4,D,,,2011,,
9.0,AS,--,2011-11-30 00:00:00,1200,18.0,63.5,1.5,1000,25,3,D,,,2011,,
9.0,AS,--,2011-11-30 00:00:00,1800,19.0,62.5,1.5,1000,25,3,D,,,2011,,
9.0,AS,--,2011-12-01 00:00:00,0,19.5,62.5,1.5,1002,25,3,D,,,2011,,
9.0,AS,--,2011-12-01 00:00:00,300,19.5,62.5,1.5,1002,25,3,D,,,2011,,
10.0,BOB,THANE,2011-12-25 00:00:00,1200,08.5,88.5,1.5,1000,25,3,D,,,2011,,
10.0,BOB,THANE,2011-12-25 00:00:00,1800,09.0,88,1.5,1000,25,3,D,,,2011,,
10.0,BOB,THANE,2011-12-26 00:00:00,0,09.5,87.5,2.0,998,30,4,DD,,,2011,,
10.0,BOB,THANE,2011-12-26 00:00:00,300,09.5,87.5,2.0,998,30,4,DD,,,2011,,
10.0,BOB,THANE,2011-12-26 00:00:00,600,10.0,87.5,2.0,998,30,4,DD,,,2011,,
10.0,BOB,THANE,2011-12-26 00:00:00,1200,10.5,87.5,2.0,998,30,5,DD,,,2011,,
10.0,BOB,THANE,2011-12-26 00:00:00,1800,11.0,87.5,2.5,996,35,7,CS,,,2011,,
10.0,BOB,THANE,2011-12-26 00:00:00,2100,11.0,87.5,2.5,996,35,7,CS,,,2011,,
10.0,BOB,THANE,2011-12-27 00:00:00,0,11.5,87.5,2.5,994,40,8,CS,,,2011,,
10.0,BOB,THANE,2011-12-27 00:00:00,300,12.0,87,2.5,994,40,8,CS,,,2011,,
10.0,BOB,THANE,2011-12-27 00:00:00,600,12.0,87,2.5,994,40,8,CS,,,2011,,
10.0,BOB,THANE,2011-12-27 00:00:00,900,12.2,86.7,2.5,992,40,10,CS,,,2011,,
10.0,BOB,THANE,2011-12-27 00:00:00,1200,12.5,86.5,2.5,992,40,10,CS,,,2011,,
10.0,BOB,THANE,2011-12-27 00:00:00,1500,12.5,86.5,3.0,992,45,10,CS,,,2011,,
10.0,BOB,THANE,2011-12-27 00:00:00,1800,12.5,86,3.0,992,45,12,CS,,,2011,,
10.0,BOB,THANE,2011-12-27 00:00:00,2100,12.5,86,3.0,992,45,12,CS,,,2011,,
10.0,BOB,THANE,2011-12-28 00:00:00,0,12.5,85.5,3.0,992,45,12,CS,,,2011,,
10.0,BOB,THANE,2011-12-28 00:00:00,300,12.5,85.5,3.0,987,45,14,CS,,,2011,,
10.0,BOB,THANE,2011-12-28 00:00:00,600,12.5,85,3.0,988,45,14,CS,,,2011,,
10.0,BOB,THANE,2011-12-28 00:00:00,900,12.5,85,3.5,986,55,16,SCS,,,2011,,
10.0,BOB,THANE,2011-12-28 00:00:00,1200,12.5,84.5,4.0,982,65,20,VSCS,,,2011,,
10.0,BOB,THANE,2011-12-28 00:00:00,1500,12.5,84,4.0,980,65,22,VSCS,,,2011,,
10.0,BOB,THANE,2011-12-28 00:00:00,1800,12.5,84,4.0,978,65,24,VSCS,,,2011,,
10.0,BOB,THANE,2011-12-28 00:00:00,2100,12.5,83.5,4.0,976,65,26,VSCS,,,2011,,
10.0,BOB,THANE,2011-12-29 00:00:00,0,12.3,83,4.0,974,70,28,VSCS,,,2011,,
10.0,BOB,THANE,2011-12-29 00:00:00,300,12.0,82.5,4.5,976,75,30,VSCS,,,2011,,
10.0,BOB,THANE,2011-12-29 00:00:00,600,12.0,82,4.5,972,75,30,VSCS,,,2011,,
10.0,BOB,THANE,2011-12-29 00:00:00,900,12.0,81.7,4.5,972,75,30,VSCS,,,2011,,
10.0,BOB,THANE,2011-12-29 00:00:00,1200,12.0,81.3,4.5,972,75,30,VSCS,,,2011,,
10.0,BOB,THANE,2011-12-29 00:00:00,1500,12.0,81,4.5,970,75,30,VSCS,,,2011,,
10.0,BOB,THANE,2011-12-29 00:00:00,1800,11.8,80.6,4.5,970,75,30,VSCS,,,2011,,
10.0,BOB,THANE,2011-12-29 00:00:00,2100,11.8,80.3,4.5,969,75,30,VSCS,,,2011,,
10.0,BOB,THANE,2011-12-30 00:00:00,0,11.6,79.9,4.5,969,75,30,VSCS,,,2011,,
10.0,BOB,THANE,2011-12-30 00:00:00,300,11.6,79.5,--,986,55,16,SCS,,,2011,,
10.0,BOB,THANE,2011-12-30 00:00:00,600,11.6,79,--,998,30,5,DD,,,2011,,
10.0,BOB,THANE,2011-12-30 00:00:00,1200,11.6,78.2,--,1000,25,3,D,,,2011,,
1.0,BOB,--,10-10-2012,1200,21.0,91,1.5,1003,25,3,D,,,2012,,
1.0,BOB,--,10-10-2012,1500,21.5,91,1.5,1003,25,4,D,,,2012,,
1.0,BOB,--,10-10-2012,1800,22.0,91,2,1002,30,5,DD,,,2012,,
1.0,BOB,--,2012-10-11 00:00:00,0,22.5,91.3,2,1002,30,5,DD,,,2012,,
1.0,BOB,--,2012-10-11 00:00:00,300,23,91.5,-,1006,20,3,D,,,2012,,
2.0,ARB,MURJAN,2012-10-22 00:00:00,2100,11,66.5,1.5,1004,25,3,D,,,2012,,
2.0,ARB,MURJAN,2012-10-23 00:00:00,300,11,66,1.5,1004,25,3,D,,,2012,,
2.0,ARB,MURJAN,2012-10-23 00:00:00,1200,11.5,64,1.5,1003,25,3,D,,,2012,,
2.0,ARB,MURJAN,2012-10-23 00:00:00,1500,11.5,63.5,2,1002,30,4,DD,,,2012,,
2.0,ARB,MURJAN,2012-10-24 00:00:00,300,11,59,2,1002,30,4,DD,,,2012,,
2.0,ARB,MURJAN,2012-10-24 00:00:00,1200,10.5,56.5,2.5,1000,35,6,CS,,,2012,,
2.0,ARB,MURJAN,2012-10-24 00:00:00,1800,10.5,55.5,2.5,998,40,8,CS,,,2012,,
2.0,ARB,MURJAN,2012-10-25 00:00:00,0,10.5,54,2.5,1000,35,6,CS,,,2012,,
2.0,ARB,MURJAN,2012-10-25 00:00:00,300,10.5,53.5,2.5,1000,35,6,CS,,,2012,,
2.0,ARB,MURJAN,2012-10-25 00:00:00,600,10,53,2.5,1000,35,6,CS,,,2012,,
2.0,ARB,MURJAN,2012-10-25 00:00:00,1200,9.5,51.5,2.5,1000,35,6,CS,,,2012,,
2.0,ARB,MURJAN,2012-10-25 00:00:00,1800,9.5,50.5,--,1001,30,4,DD,,,2012,,
2.0,ARB,MURJAN,2012-10-26 00:00:00,0,9.5,49.5,--,1002,25,3,D,,,2012,,
2.0,ARB,MURJAN,2012-10-26 00:00:00,300,9.5,48.5,--,1002,25,3,D,,,2012,,
3.0,BOB,NILAM,2012-10-28 00:00:00,600,9.5,86,1.5,1004,25,2,D,,,2012,,
3.0,BOB,NILAM,2012-10-28 00:00:00,1200,9.5,85,1.5,1003,25,3,D,,,2012,,
3.0,BOB,NILAM,2012-10-28 00:00:00,1800,9.5,84.5,1.5,1002,25,4,D,,,2012,,
3.0,BOB,NILAM,2012-10-29 00:00:00,0,9.5,84,2,1000,30,4,DD,,,2012,,
3.0,BOB,NILAM,2012-10-29 00:00:00,300,9.5,83.5,2,1000,30,4,DD,,,2012,,
3.0,BOB,NILAM,2012-10-29 00:00:00,600,9,83,2,1000,30,4,DD,,,2012,,
3.0,BOB,NILAM,2012-10-29 00:00:00,1200,9,82.5,2,1000,30,4,DD,,,2012,,
3.0,BOB,NILAM,2012-10-29 00:00:00,1800,9,82,2,1000,30,4,DD,,,2012,,
3.0,BOB,NILAM,2012-10-30 00:00:00,0,9,82,2,999,30,4,DD,,,2012,,
3.0,BOB,NILAM,2012-10-30 00:00:00,300,9,82,2.5,998,35,6,CS,,,2012,,
3.0,BOB,NILAM,2012-10-30 00:00:00,600,9,82,2.5,996,35,6,CS,,,2012,,
3.0,BOB,NILAM,2012-10-30 00:00:00,900,9.5,82,2.5,996,35,6,CS,,,2012,,
3.0,BOB,NILAM,2012-10-30 00:00:00,1200,9.5,82,2.5,994,40,8,CS,,,2012,,
3.0,BOB,NILAM,2012-10-30 00:00:00,1500,9.5,82,2.5,994,40,8,CS,,,2012,,
3.0,BOB,NILAM,2012-10-30 00:00:00,1800,10,82,2.5,992,40,8,CS,,,2012,,
3.0,BOB,NILAM,2012-10-30 00:00:00,2100,10,82,2.5,990,40,10,CS,,,2012,,
3.0,BOB,NILAM,2012-10-31 00:00:00,0,10.5,81.5,3,988,45,12,CS,,,2012,,
3.0,BOB,NILAM,2012-10-31 00:00:00,300,11,81,3,987,45,13,CS,,,2012,,
3.0,BOB,NILAM,2012-10-31 00:00:00,600,11.5,81,3,987,45,13,CS,,,2012,,
3.0,BOB,NILAM,2012-10-31 00:00:00,900,12.3,80.5,3,987,45,13,CS,,,2012,,
3.0,BOB,NILAM,2012-10-31 00:00:00,1200,12.7,79.8,--,991,35,8,CS,,,2012,,
3.0,BOB,NILAM,2012-10-31 00:00:00,1500,13,79.5,--,996,35,7,CS,,,2012,,
3.0,BOB,NILAM,2012-10-31 00:00:00,1800,13,78.5,--,998,30,5,DD,,,2012,,
3.0,BOB,NILAM,2012-11-01 00:00:00,0,13,77.5,--,999,20,4,D,,,2012,,
3.0,BOB,NILAM,2012-11-01 00:00:00,300,13.5,77,--,1002,20,3,D,,,2012,,
3.0,BOB,NILAM,2012-11-01 00:00:00,600,13.5,77,--,1002,20,3,D,,,2012,,
3.0,BOB,NILAM,2012-11-01 00:00:00,1200,14,77,--,1002,20,3,D,,,2012,,
3.0,BOB,NILAM,2012-11-01 00:00:00,1800,14.5,77,--,1004,20,3,D,,,2012,,
4.0,BOB,--,2012-11-17 00:00:00,600,15.5,90,1.5,1004,25,3,D,,,2012,,
4.0,BOB,--,2012-11-17 00:00:00,900,15.5,89.5,2,1003,30,4,DD,,,2012,,
4.0,BOB,--,2012-11-17 00:00:00,1200,16,89,2,1002,30,5,DD,,,2012,,
4.0,BOB,--,2012-11-17 00:00:00,1800,16,89,2,1002,30,5,DD,,,2012,,
4.0,BOB,--,2012-11-18 00:00:00,0,16,88.5,2,1002,30,5,DD,,,2012,,
4.0,BOB,--,2012-11-18 00:00:00,300,16,88.5,2,1002,30,5,DD,,,2012,,
4.0,BOB,--,2012-11-18 00:00:00,600,16,88,2,1002,30,5,DD,,,2012,,
4.0,BOB,--,2012-11-18 00:00:00,1200,16,87.5,2,1002,30,5,DD,,,2012,,
4.0,BOB,--,2012-11-18 00:00:00,1800,16,87.5,2,1002,30,5,DD,,,2012,,
4.0,BOB,--,2012-11-19 00:00:00,0,15.5,87,1.5,1004,25,3,D,,,2012,,
4.0,BOB,--,2012-11-19 00:00:00,300,15,86.5,1.5,1004,25,3,D,,,2012,,
4.0,BOB,--,2012-11-19 00:00:00,600,15,86.5,1.5,1004,25,3,D,,,2012,,
4.0,BOB,--,2012-11-19 00:00:00,1200,15,86,1.5,1005,20,3,D,,,2012,,
5.0,ARB,--,2012-12-22 00:00:00,600,9,64,1.5,1004,25,3,D,,,2012,,
5.0,ARB,--,2012-12-22 00:00:00,900,9,63,1.5,1004,25,3,D,,,2012,,
5.0,ARB,--,2012-12-22 00:00:00,1200,9,62.5,1.5,1003,25,4,D,,,2012,,
5.0,ARB,--,2012-12-23 00:00:00,0,9,60.5,2,1002,30,5,DD,,,2012,,
5.0,ARB,--,2012-12-23 00:00:00,300,9,60,2,1002,30,5,DD,,,2012,,
5.0,ARB,--,2012-12-23 00:00:00,1200,8.5,57,2,1002,30,5,DD,,,2012,,
5.0,ARB,--,2012-12-24 00:00:00,300,8,54,2,1002,30,5,DD,,,2012,,
5.0,ARB,--,2012-12-24 00:00:00,1200,7,52,1.5,1004,25,3,D,,,2012,,
1.0,BOB,VIYARU,2013-05-10 00:00:00,900,5,92,1.5,1004,25,3,D,,,2013,,
1.0,BOB,VIYARU,2013-05-10 00:00:00,1200,5.5,92,2,1002,30,5,DD,,,2013,,
1.0,BOB,VIYARU,2013-05-10 00:00:00,1800,6,91.5,2,1000,30,5,DD,,,2013,,
1.0,BOB,VIYARU,2013-05-11 00:00:00,0,6.5,91,2,998,30,6,DD,,,2013,,
1.0,BOB,VIYARU,2013-05-11 00:00:00,300,7,90.5,2.5,996,35,8,CS,,,2013,,
1.0,BOB,VIYARU,2013-05-11 00:00:00,600,7.5,90.5,2.5,996,35,8,CS,,,2013,,
1.0,BOB,VIYARU,2013-05-11 00:00:00,900,7.5,90,2.5,996,35,8,CS,,,2013,,
1.0,BOB,VIYARU,2013-05-11 00:00:00,1200,8,89.5,2.5,994,40,8,CS,,,2013,,
1.0,BOB,VIYARU,2013-05-11 00:00:00,1500,8.5,89,2.5,994,40,8,CS,,,2013,,
1.0,BOB,VIYARU,2013-05-11 00:00:00,1800,9,89,2.5,994,40,8,CS,,,2013,,
1.0,BOB,VIYARU,2013-05-11 00:00:00,2100,9.5,88.5,2.5,994,40,8,CS,,,2013,,
1.0,BOB,VIYARU,2013-05-12 00:00:00,0,10,88,2.5,994,40,8,CS,,,2013,,
1.0,BOB,VIYARU,2013-05-12 00:00:00,300,10,87.5,2.5,994,40,8,CS,,,2013,,
1.0,BOB,VIYARU,2013-05-12 00:00:00,600,10,87.5,2.5,994,40,8,CS,,,2013,,
1.0,BOB,VIYARU,2013-05-12 00:00:00,900,10.5,87,2.5,994,40,8,CS,,,2013,,
1.0,BOB,VIYARU,2013-05-12 00:00:00,1200,10.5,87,2.5,994,40,8,CS,,,2013,,
1.0,BOB,VIYARU,2013-05-12 00:00:00,1500,10.5,86.5,2.5,994,40,8,CS,,,2013,,
1.0,BOB,VIYARU,2013-05-12 00:00:00,1800,11,86.5,2.5,994,40,8,CS,,,2013,,
1.0,BOB,VIYARU,2013-05-12 00:00:00,2100,11,86.5,2.5,994,40,8,CS,,,2013,,
1.0,BOB,VIYARU,2013-05-13 00:00:00,0,11.5,86.5,2.5,994,40,8,CS,,,2013,,
1.0,BOB,VIYARU,2013-05-13 00:00:00,300,12,86.5,2.5,994,40,8,CS,,,2013,,
1.0,BOB,VIYARU,2013-05-13 00:00:00,600,12,86.5,2.5,994,40,8,CS,,,2013,,
1.0,BOB,VIYARU,2013-05-13 00:00:00,900,12,86,2.5,994,40,8,CS,,,2013,,
1.0,BOB,VIYARU,2013-05-13 00:00:00,1200,12,86,2.5,994,40,8,CS,,,2013,,
1.0,BOB,VIYARU,2013-05-13 00:00:00,1500,12.5,86,2.5,994,40,8,CS,,,2013,,
1.0,BOB,VIYARU,2013-05-13 00:00:00,1800,12.5,85.5,2.5,994,40,8,CS,,,2013,,
1.0,BOB,VIYARU,2013-05-13 00:00:00,2100,13,85.5,2.5,994,40,8,CS,,,2013,,
1.0,BOB,VIYARU,2013-05-14 00:00:00,0,13.5,85.5,2.5,994,40,8,CS,,,2013,,
1.0,BOB,VIYARU,2013-05-14 00:00:00,300,13.5,85.5,2.5,994,40,8,CS,,,2013,,
1.0,BOB,VIYARU,2013-05-14 00:00:00,600,14,85.5,2.5,994,40,8,CS,,,2013,,
1.0,BOB,VIYARU,2013-05-14 00:00:00,900,14,85.5,2.5,994,40,8,CS,,,2013,,
1.0,BOB,VIYARU,2013-05-14 00:00:00,1200,14.5,86,2.5,994,40,8,CS,,,2013,,
1.0,BOB,VIYARU,2013-05-14 00:00:00,1500,14.5,86,2.5,994,40,8,CS,,,2013,,
1.0,BOB,VIYARU,2013-05-14 00:00:00,1800,15,86.5,2.5,994,40,8,CS,,,2013,,
1.0,BOB,VIYARU,2013-05-14 00:00:00,2100,15.5,86.5,2.5,994,40,8,CS,,,2013,,
1.0,BOB,VIYARU,2013-05-15 00:00:00,0,16,87,2.5,994,40,8,CS,,,2013,,
1.0,BOB,VIYARU,2013-05-15 00:00:00,300,16.5,87,2.5,992,40,8,CS,,,2013,,
1.0,BOB,VIYARU,2013-05-15 00:00:00,600,17,87.5,3,990,45,10,CS,,,2013,,
1.0,BOB,VIYARU,2013-05-15 00:00:00,900,17.5,87.5,3,990,45,10,CS,,,2013,,
1.0,BOB,VIYARU,2013-05-15 00:00:00,1200,18,88,3,990,45,10,CS,,,2013,,
1.0,BOB,VIYARU,2013-05-15 00:00:00,1500,18.5,88.5,3,990,45,10,CS,,,2013,,
1.0,BOB,VIYARU,2013-05-15 00:00:00,1800,19,88.5,3,990,45,10,CS,,,2013,,
1.0,BOB,VIYARU,2013-05-15 00:00:00,2100,19.5,89,3,990,45,10,CS,,,2013,,
1.0,BOB,VIYARU,2013-05-16 00:00:00,0,20,89.5,3,990,45,10,CS,,,2013,,
1.0,BOB,VIYARU,2013-05-16 00:00:00,300,21,90,3,990,45,10,CS,,,2013,,
1.0,BOB,VIYARU,2013-05-16 00:00:00,600,22.5,91,3,990,45,10,CS,,,2013,,
1.0,BOB,VIYARU,2013-05-16 00:00:00,900,23.5,92,-,994,40,8,CS,,,2013,,
1.0,BOB,VIYARU,2013-05-16 00:00:00,1200,24,92.5,-,996,30,6,DD,,,2013,,
1.0,BOB,VIYARU,2013-05-16 00:00:00,1800,25,93.5,-,998,25,4,D,,,2013,,
2.0,BOB,--,2013-05-29 00:00:00,300,21,89.5,1.5,996,25,4,D,,,2013,,
2.0,BOB,--,2013-05-29 00:00:00,600,21.3,89.3,1.5,996,25,4,D,,,2013,,
2.0,BOB,--,2013-05-29 00:00:00,900,21.5,89,1.5,996,25,4,D,,,2013,,
2.0,BOB,--,2013-05-29 00:00:00,1200,21.7,88.8,1.5,994,25,4,D,,,2013,,
2.0,BOB,--,2013-05-29 00:00:00,1500,22,88.7,-,994,20,4,D,,,2013,,
2.0,BOB,--,2013-05-29 00:00:00,1800,22.1,88.4,-,994,20,4,D,,,2013,,
2.0,BOB,--,2013-05-30 00:00:00,0,22.2,87.8,-,994,20,4,D,,,2013,,
2.0,BOB,--,2013-05-30 00:00:00,300,22.3,87.5,-,990,20,4,D,,,2013,,
2.0,BOB,--,2013-05-30 00:00:00,600,22.3,87.5,-,990,20,4,D,,,2013,,
2.0,BOB,--,2013-05-30 00:00:00,1200,22.7,87.3,-,990,20,4,D,,,2013,,
2.0,BOB,--,2013-05-30 00:00:00,1800,22.8,87.2,-,990,20,4,D,,,2013,,
2.0,BOB,--,2013-05-31 00:00:00,0,23.5,87.1,-,990,20,4,D,,,2013,,
2.0,BOB,--,2013-05-31 00:00:00,300,24,87,-,990,20,4,D,,,2013,,
2.0,BOB,--,2013-05-31 00:00:00,600,24.5,87,-,994,20,3,D,,,2013,,
2.0,BOB,--,2013-05-31 00:00:00,900,25,87,-,996,20,3,D,,,2013,,
3.0,BOB,--,2013-07-30 00:00:00,300,21,88,1.5,990,25,3,D,,,2013,,
3.0,BOB,--,2013-07-30 00:00:00,600,21.5,87.5,1.5,990,25,3,D,,,2013,,
3.0,BOB,--,2013-07-30 00:00:00,1200,21.7,87,-,990,25,3,D,,,2013,,
3.0,BOB,--,2013-07-30 00:00:00,1800,21.7,85.5,-,992,20,3,D,,,2013,,
3.0,BOB,--,2013-07-31 00:00:00,0,21.8,84,-,992,20,3,D,,,2013,,
3.0,BOB,--,2013-07-31 00:00:00,300,21.8,83,-,992,20,3,D,,,2013,,
3.0,BOB,--,2013-07-31 00:00:00,600,21.8,82.5,-,992,20,3,D,,,2013,,
3.0,BOB,--,2013-07-31 00:00:00,1200,22,80.5,-,992,20,3,D,,,2013,,
3.0,BOB,--,2013-08-01 00:00:00,0,22.5,80,-,992,20,3,D,,,2013,,
4.0,BOB,--,2013-08-20 00:00:00,0,22,87.5,-,990,25,3,D,,,2013,,
4.0,BOB,--,2013-08-20 00:00:00,300,22,87.5,-,990,25,3,D,,,2013,,
4.0,BOB,--,2013-08-20 00:00:00,600,22,87.5,-,990,25,3,D,,,2013,,
4.0,BOB,--,2013-08-20 00:00:00,1200,22.3,87.5,-,990,25,3,D,,,2013,,
4.0,BOB,--,2013-08-20 00:00:00,1800,22.5,87.5,-,990,25,3,D,,,2013,,
4.0,BOB,--,2013-08-21 00:00:00,0,23.3,87,-,990,20,3,D,,,2013,,
4.0,BOB,--,2013-08-21 00:00:00,300,23.3,86,-,992,20,3,D,,,2013,,
4.0,BOB,--,2013-08-21 00:00:00,600,23.2,85.7,-,992,20,3,D,,,2013,,
4.0,BOB,--,2013-08-21 00:00:00,1200,23.2,84,-,991,20,3,D,,,2013,,
4.0,BOB,--,2013-08-21 00:00:00,1800,23.2,82.2,-,994,20,3,D,,,2013,,
4.0,BOB,--,2013-08-22 00:00:00,0,23.2,82,-,994,20,3,D,,,2013,,
4.0,BOB,--,2013-08-22 00:00:00,300,23.2,80.7,-,994,20,3,D,,,2013,,
4.0,BOB,--,2013-08-22 00:00:00,600,23.2,80.3,-,996,20,3,D,,,2013,,
4.0,BOB,--,2013-08-22 00:00:00,1200,23,80.1,-,998,20,3,D,,,2013,,
4.0,BOB,--,2013-08-23 00:00:00,0,22.8,79.8,-,998,20,3,D,,,2013,,
5.0,BOB,PHAILIN,2013-10-08 00:00:00,300,12,96,1.5,1004,25,3,D,,,2013,,
5.0,BOB,PHAILIN,2013-10-08 00:00:00,600,12,95.5,1.5,1004,25,3,D,,,2013,,
5.0,BOB,PHAILIN,2013-10-08 00:00:00,1200,12,94.5,1.5,1003,25,4,D,,,2013,,
5.0,BOB,PHAILIN,2013-10-08 00:00:00,1800,12.5,94,1.5,1003,25,4,D,,,2013,,
5.0,BOB,PHAILIN,2013-10-09 00:00:00,0,13,93.5,2,1002,30,5,DD,,,2013,,
5.0,BOB,PHAILIN,2013-10-09 00:00:00,300,13,93.5,2,1001,30,5,DD,,,2013,,
5.0,BOB,PHAILIN,2013-10-09 00:00:00,600,13,93,2,1000,30,6,DD,,,2013,,
5.0,BOB,PHAILIN,2013-10-09 00:00:00,900,13.5,92.5,2,1000,30,6,DD,,,2013,,
5.0,BOB,PHAILIN,2013-10-09 00:00:00,1200,13.5,92.5,2.5,999,35,7,CS,,,2013,,
5.0,BOB,PHAILIN,2013-10-09 00:00:00,1500,13.6,92.5,2.5,999,35,7,CS,,,2013,,
5.0,BOB,PHAILIN,2013-10-09 00:00:00,1800,14,92,2.5,998,40,8,CS,,,2013,,
5.0,BOB,PHAILIN,2013-10-09 00:00:00,2100,14,92,3,996,45,10,CS,,,2013,,
5.0,BOB,PHAILIN,2013-10-10 00:00:00,0,14.5,91.5,3,996,45,10,CS,,,2013,,
5.0,BOB,PHAILIN,2013-10-10 00:00:00,300,14.5,91,3.5,990,55,15,SCS,,,2013,,
5.0,BOB,PHAILIN,2013-10-10 00:00:00,600,15,90.5,4,984,65,22,VSCS,,,2013,,
5.0,BOB,PHAILIN,2013-10-10 00:00:00,900,15,90.5,4,982,70,24,VSCS,,,2013,,
5.0,BOB,PHAILIN,2013-10-10 00:00:00,1200,15.5,90,4.5,976,75,30,VSCS,,,2013,,
5.0,BOB,PHAILIN,2013-10-10 00:00:00,1500,15.5,90,5,966,90,40,ESCS,,,2013,,
5.0,BOB,PHAILIN,2013-10-10 00:00:00,1800,15.5,89.5,5,960,95,46,ESCS,,,2013,,
5.0,BOB,PHAILIN,2013-10-10 00:00:00,2100,15.5,89,5.5,954,100,52,ESCS,,,2013,,
5.0,BOB,PHAILIN,2013-10-11 00:00:00,0,16,88.5,5.5,946,110,60,ESCS,,,2013,,
5.0,BOB,PHAILIN,2013-10-11 00:00:00,300,16,88.5,6,940,115,66,ESCS,,,2013,,
5.0,BOB,PHAILIN,2013-10-11 00:00:00,600,16.2,88.3,6,940,115,66,ESCS,,,2013,,
5.0,BOB,PHAILIN,2013-10-11 00:00:00,900,16.5,88,6,940,115,66,ESCS,,,2013,,
5.0,BOB,PHAILIN,2013-10-11 00:00:00,1200,16.8,87.7,6,940,115,66,ESCS,,,2013,,
5.0,BOB,PHAILIN,2013-10-11 00:00:00,1500,16.9,87.2,6,940,115,66,ESCS,,,2013,,
5.0,BOB,PHAILIN,2013-10-11 00:00:00,1800,17,87,6,940,115,66,ESCS,,,2013,,
5.0,BOB,PHAILIN,2013-10-11 00:00:00,2100,17.1,86.8,6,940,115,66,ESCS,,,2013,,
5.0,BOB,PHAILIN,2013-10-12 00:00:00,0,17.5,86.5,6,940,115,66,ESCS,,,2013,,
5.0,BOB,PHAILIN,2013-10-12 00:00:00,300,17.8,86,6,940,115,66,ESCS,,,2013,,
5.0,BOB,PHAILIN,2013-10-12 00:00:00,600,18.1,85.7,6,940,115,66,ESCS,,,2013,,
5.0,BOB,PHAILIN,2013-10-12 00:00:00,900,18.6,85.4,6,940,115,66,ESCS,,,2013,,
5.0,BOB,PHAILIN,2013-10-12 00:00:00,1200,18.7,85.2,6,940,115,66,ESCS,,,2013,,
5.0,BOB,PHAILIN,2013-10-12 00:00:00,1500,19.1,85.2,6,940,115,66,ESCS,,,2013,,
5.0,BOB,PHAILIN,2013-10-12 00:00:00,1800,19.5,84.8,-,956,100,50,ESCS,,,2013,,
5.0,BOB,PHAILIN,2013-10-12 00:00:00,2100,20,84.5,-,966,90,40,ESCS,,,2013,,
5.0,BOB,PHAILIN,2013-10-13 00:00:00,0,20.5,84.5,-,976,75,30,VSCS,,,2013,,
5.0,BOB,PHAILIN,2013-10-13 00:00:00,300,21,84,-,990,55,15,SCS,,,2013,,
5.0,BOB,PHAILIN,2013-10-13 00:00:00,600,21.5,84,-,992,40,13,CS,,,2013,,
5.0,BOB,PHAILIN,2013-10-13 00:00:00,900,21.8,83.8,-,993,35,12,CS,,,2013,,
5.0,BOB,PHAILIN,2013-10-13 00:00:00,1200,22.5,83.8,-,994,35,10,CS,,,2013,,
5.0,BOB,PHAILIN,2013-10-13 00:00:00,1800,23,83.5,-,996,30,6,DD,,,2013,,
5.0,BOB,PHAILIN,2013-10-14 00:00:00,0,23.5,84,-,1000,30,5,DD,,,2013,,
5.0,BOB,PHAILIN,2013-10-14 00:00:00,300,24,84.1,-,1002,25,4,D,,,2013,,
5.0,BOB,PHAILIN,2013-10-14 00:00:00,600,24.5,84.2,,1004,25,3,D,,,2013,,
6.0,AS,--,2013-11-08 00:00:00,600,8,56.5,1.5,1006,25,3,D,,,2013,,
6.0,AS,--,2013-11-08 00:00:00,1200,8,55,1.5,1004,25,3,D,,,2013,,
6.0,AS,--,2013-11-08 00:00:00,1800,8,54,1.5,1004,25,3,D,,,2013,,
6.0,AS,--,2013-11-09 00:00:00,0,8,53,2,1002,30,5,DD,,,2013,,
6.0,AS,--,2013-11-09 00:00:00,300,8,52.5,2,1002,30,5,DD,,,2013,,
6.0,AS,--,2013-11-09 00:00:00,600,8,52.5,2,1002,30,5,DD,,,2013,,
6.0,AS,--,2013-11-09 00:00:00,1200,8,51.5,2,1002,30,5,DD,,,2013,,
6.0,AS,--,2013-11-09 00:00:00,1800,8,51.5,2,1002,30,5,DD,,,2013,,
6.0,AS,--,2013-11-10 00:00:00,0,8,51.5,2,1002,30,5,DD,,,2013,,
6.0,AS,--,2013-11-10 00:00:00,300,8,51.5,2,1002,30,5,DD,,,2013,,
6.0,AS,--,2013-11-10 00:00:00,600,8,51,2,1002,30,5,DD,,,2013,,
6.0,AS,--,2013-11-10 00:00:00,1200,8,51,2,1002,30,5,DD,,,2013,,
6.0,AS,--,2013-11-10 00:00:00,1800,8.1,50.5,2,1002,30,5,DD,,,2013,,
6.0,AS,--,2013-11-11 00:00:00,0,8.2,50,-,1002,30,5,DD,,,2013,,
6.0,AS,--,2013-11-11 00:00:00,300,8.4,49.6,-,1002,30,5,DD,,,2013,,
6.0,AS,--,2013-11-11 00:00:00,600,8.7,49.3,-,1004,25,3,D,,,2013,,
7.0,BOB,--,2013-11-13 00:00:00,0,11.5,86.5,1.5,1004,25,3,D,,,2013,,
7.0,BOB,--,2013-11-13 00:00:00,300,11.5,86,1.5,1004,25,3,D,,,2013,,
7.0,BOB,--,2013-11-13 00:00:00,600,11.5,86,1.5,1004,25,3,D,,,2013,,
7.0,BOB,--,2013-11-13 00:00:00,1200,11.5,86,1.5,1003,25,4,D,,,2013,,
7.0,BOB,--,2013-11-13 00:00:00,1800,11.5,85.5,1.5,1003,25,4,D,,,2013,,
7.0,BOB,--,2013-11-14 00:00:00,0,11.5,85,1.5,1003,25,4,D,,,2013,,
7.0,BOB,--,2013-11-14 00:00:00,300,11.5,85,1.5,1003,25,4,D,,,2013,,
7.0,BOB,--,2013-11-14 00:00:00,600,11.5,85,1.5,1003,25,4,D,,,2013,,
7.0,BOB,--,2013-11-14 00:00:00,1200,10.5,84.5,1.5,1003,25,4,D,,,2013,,
7.0,BOB,--,2013-11-14 00:00:00,1800,10.5,84.5,1.5,1003,25,4,D,,,2013,,
7.0,BOB,--,2013-11-15 00:00:00,0,10,84,1.5,1003,25,4,D,,,2013,,
7.0,BOB,--,2013-11-15 00:00:00,300,9.5,83.5,1.5,1003,25,4,D,,,2013,,
7.0,BOB,--,2013-11-15 00:00:00,600,9.5,83.5,1.5,1003,25,4,D,,,2013,,
7.0,BOB,--,2013-11-15 00:00:00,1200,9.5,83,1.5,1003,25,4,D,,,2013,,
7.0,BOB,--,2013-11-15 00:00:00,1800,10,82,1.5,1003,25,4,D,,,2013,,
7.0,BOB,--,2013-11-16 00:00:00,0,10.5,81.5,1.5,1003,25,4,D,,,2013,,
7.0,BOB,--,2013-11-16 00:00:00,300,11,80.5,1.5,1003,25,4,D,,,2013,,
7.0,BOB,--,2013-11-16 00:00:00,600,11,80,1.5,1003,25,4,D,,,2013,,
7.0,BOB,--,2013-11-16 00:00:00,900,11,79.5,-,1004,25,4,D,,,2013,,
7.0,BOB,--,2013-11-16 00:00:00,1200,11,79,-,-,25,3,D,,,2013,,
7.0,BOB,--,2013-11-16 00:00:00,1800,11,78,-,-,25,,D,,,2013,,
8.0,BOB,HELEN,2013-11-19 00:00:00,0,14.5,86.5,1.5,1004,25,3,D,,,2013,,
8.0,BOB,HELEN,2013-11-19 00:00:00,300,14.5,86,1.5,1004,25,3,D,,,2013,,
8.0,BOB,HELEN,2013-11-19 00:00:00,600,14.5,85.5,1.5,1004,25,3,D,,,2013,,
8.0,BOB,HELEN,2013-11-19 00:00:00,1200,15,85,1.5,1004,25,3,D,,,2013,,
8.0,BOB,HELEN,2013-11-19 00:00:00,1500,15,85,2,1002,30,5,DD,,,2013,,
8.0,BOB,HELEN,2013-11-19 00:00:00,1800,15,84.5,2,1002,30,5,DD,,,2013,,
8.0,BOB,HELEN,2013-11-20 00:00:00,0,15,84,2,1002,30,5,DD,,,2013,,
8.0,BOB,HELEN,2013-11-20 00:00:00,300,15,84,2.5,1000,35,8,CS,,,2013,,
8.0,BOB,HELEN,2013-11-20 00:00:00,600,15.2,84,2.5,1000,40,8,CS,,,2013,,
8.0,BOB,HELEN,2013-11-20 00:00:00,900,15.2,84,2.5,1000,40,8,CS,,,2013,,
8.0,BOB,HELEN,2013-11-20 00:00:00,1200,15.3,83.9,3,998,45,10,CS,,,2013,,
8.0,BOB,HELEN,2013-11-20 00:00:00,1500,15.3,83.9,3,998,45,10,CS,,,2013,,
8.0,BOB,HELEN,2013-11-20 00:00:00,1800,15.4,83.7,3,996,45,10,CS,,,2013,,
8.0,BOB,HELEN,2013-11-20 00:00:00,2100,15.5,83.6,3,996,45,10,CS,,,2013,,
8.0,BOB,HELEN,2013-11-21 00:00:00,0,15.6,83.5,3,994,50,15,SCS,,,2013,,
8.0,BOB,HELEN,2013-11-21 00:00:00,300,15.8,83.4,3,992,50,17,SCS,,,2013,,
8.0,BOB,HELEN,2013-11-21 00:00:00,600,15.9,83.3,3.5,990,55,17,SCS,,,2013,,
8.0,BOB,HELEN,2013-11-21 00:00:00,900,16,83.1,3.5,990,55,17,SCS,,,2013,,
8.0,BOB,HELEN,2013-11-21 00:00:00,1200,16.1,82.9,3.5,990,55,17,SCS,,,2013,,
8.0,BOB,HELEN,2013-11-21 00:00:00,1500,16.1,82.7,3.5,990,55,17,SCS,,,2013,,
8.0,BOB,HELEN,2013-11-21 00:00:00,1800,16.2,82.7,3.5,990,55,17,SCS,,,2013,,
8.0,BOB,HELEN,2013-11-21 00:00:00,2100,16.2,82.3,3.5,990,55,17,SCS,,,2013,,
8.0,BOB,HELEN,2013-11-22 00:00:00,0,16.2,81.9,3.5,990,55,17,SCS,,,2013,,
8.0,BOB,HELEN,2013-11-22 00:00:00,300,16.2,81.7,3.5,990,55,17,SCS,,,2013,,
8.0,BOB,HELEN,2013-11-22 00:00:00,600,16.2,81.3,3.5,990,55,17,SCS,,,2013,,
8.0,BOB,HELEN,2013-11-22 00:00:00,900,16.1,81.2,-,1000,40,8,CS,,,2013,,
8.0,BOB,HELEN,2013-11-22 00:00:00,1200,15.9,80.7,-,1002,30,5,DD,,,2013,,
8.0,BOB,HELEN,2013-11-22 00:00:00,1800,15.9,80.4,-,1004,25,3,D,,,2013,,
9.0,BOB,LEHAR,2013-11-23 00:00:00,1200,8.5,96.5,1.5,1004,25,3,D,,,2013,,
9.0,BOB,LEHAR,2013-11-23 00:00:00,1800,9,96,2,1002,30,5,DD,,,2013,,
9.0,BOB,LEHAR,2013-11-24 00:00:00,0,10,95,2.5,999,35,7,CS,,,2013,,
9.0,BOB,LEHAR,2013-11-24 00:00:00,300,10,95,2.5,998,40,8,CS,,,2013,,
9.0,BOB,LEHAR,2013-11-24 00:00:00,600,10.5,94.5,2.5,998,40,8,CS,,,2013,,
9.0,BOB,LEHAR,2013-11-24 00:00:00,900,10.7,94,3,996,45,10,CS,,,2013,,
9.0,BOB,LEHAR,2013-11-24 00:00:00,1200,11,93.5,3,996,45,10,CS,,,2013,,
9.0,BOB,LEHAR,2013-11-24 00:00:00,1500,11,93.5,3,996,45,10,CS,,,2013,,
9.0,BOB,LEHAR,2013-11-24 00:00:00,1800,11.5,93,3,996,45,10,CS,,,2013,,
9.0,BOB,LEHAR,2013-11-24 00:00:00,2100,11.5,92.5,3,996,45,12,CS,,,2013,,
9.0,BOB,LEHAR,2013-11-25 00:00:00,0,12,92.5,3.5,992,55,15,SCS,,,2013,,
9.0,BOB,LEHAR,2013-11-25 00:00:00,600,12,91.5,3.5,988,55,17,SCS,,,2013,,
9.0,BOB,LEHAR,2013-11-25 00:00:00,900,12,91.5,3.5,988,60,17,SCS,,,2013,,
9.0,BOB,LEHAR,2013-11-25 00:00:00,1200,12.5,91.5,3.5,988,60,17,SCS,,,2013,,
9.0,BOB,LEHAR,2013-11-25 00:00:00,1500,12.5,91,3.5,988,60,17,SCS,,,2013,,
9.0,BOB,LEHAR,2013-11-25 00:00:00,1800,12.5,91,3.5,988,55,17,SCS,,,2013,,
9.0,BOB,LEHAR,2013-11-25 00:00:00,2100,12.5,91,4,984,65,22,VSCS,,,2013,,
9.0,BOB,LEHAR,2013-11-26 00:00:00,0,12.5,90.5,4,982,70,24,VSCS,,,2013,,
9.0,BOB,LEHAR,2013-11-26 00:00:00,300,12.5,90,4,982,70,24,VSCS,,,2013,,
9.0,BOB,LEHAR,2013-11-26 00:00:00,600,12.5,89.5,4,982,70,24,VSCS,,,2013,,
9.0,BOB,LEHAR,2013-11-26 00:00:00,900,13,89,4,982,70,24,VSCS,,,2013,,
9.0,BOB,LEHAR,2013-11-26 00:00:00,1200,13,88.5,4,982,70,24,VSCS,,,2013,,
9.0,BOB,LEHAR,2013-11-26 00:00:00,1500,13,88.5,4,982,70,24,VSCS,,,2013,,
9.0,BOB,LEHAR,2013-11-26 00:00:00,1800,13.1,88,4,980,75,26,VSCS,,,2013,,
9.0,BOB,LEHAR,2013-11-26 00:00:00,2100,13.2,87.5,4,980,75,26,VSCS,,,2013,,
9.0,BOB,LEHAR,2013-11-27 00:00:00,0,13.5,87,4,980,75,26,VSCS,,,2013,,
9.0,BOB,LEHAR,2013-11-27 00:00:00,300,13.5,86.5,4,980,75,26,VSCS,,,2013,,
9.0,BOB,LEHAR,2013-11-27 00:00:00,600,14,86,4,982,70,24,VSCS,,,2013,,
9.0,BOB,LEHAR,2013-11-27 00:00:00,900,14,85.5,4,984,65,22,VSCS,,,2013,,
9.0,BOB,LEHAR,2013-11-27 00:00:00,1200,14.5,85,3.5,988,55,17,SCS,,,2013,,
9.0,BOB,LEHAR,2013-11-27 00:00:00,1500,14.5,84.5,3.5,988,55,17,SCS,,,2013,,
9.0,BOB,LEHAR,2013-11-27 00:00:00,1800,15,84,3,996,45,10,CS,,,2013,,
9.0,BOB,LEHAR,2013-11-27 00:00:00,2100,15,83.5,2.5,998,40,8,CS,,,2013,,
9.0,BOB,LEHAR,2013-11-28 00:00:00,0,15.5,82,2,1000,30,5,DD,,,2013,,
9.0,BOB,LEHAR,2013-11-28 00:00:00,300,15.7,81.7,2,1000,30,5,DD,,,2013,,
9.0,BOB,LEHAR,2013-11-28 00:00:00,600,15.7,81.3,2,1000,30,5,DD,,,2013,,
9.0,BOB,LEHAR,2013-11-28 00:00:00,900,15.9,81,-,1002,25,4,D,,,2013,,
9.0,BOB,LEHAR,2013-11-28 00:00:00,1200,16,80.8,-,1004,20,3,D,,,2013,,
10.0,BOB,MADI,2013-12-06 00:00:00,300,10,84,1.5,1004,25,3,D,,,2013,,
10.0,BOB,MADI,2013-12-06 00:00:00,600,10,84,1.5,1004,25,3,D,,,2013,,
10.0,BOB,MADI,2013-12-06 00:00:00,1200,10.2,84,1.5,1004,25,3,D,,,2013,,
10.0,BOB,MADI,2013-12-06 00:00:00,1800,10.4,84,2,1002,30,5,DD,,,2013,,
10.0,BOB,MADI,2013-12-07 00:00:00,0,10.5,84.1,2.5,998,35,7,CS,,,2013,,
10.0,BOB,MADI,2013-12-07 00:00:00,300,10.5,84.1,2.5,998,35,7,CS,,,2013,,
10.0,BOB,MADI,2013-12-07 00:00:00,600,10.7,84.2,3,996,45,10,CS,,,2013,,
10.0,BOB,MADI,2013-12-07 00:00:00,900,10.8,84.3,3.5,992,55,14,SCS,,,2013,,
10.0,BOB,MADI,2013-12-07 00:00:00,1200,11,84.4,3.5,992,55,14,SCS,,,2013,,
10.0,BOB,MADI,2013-12-07 00:00:00,1500,11,84.5,3.5,992,55,14,SCS,,,2013,,
10.0,BOB,MADI,2013-12-07 00:00:00,1800,11.2,84.5,3.5,990,55,16,SCS,,,2013,,
10.0,BOB,MADI,2013-12-07 00:00:00,2100,11.5,84.6,3.5,990,55,16,SCS,,,2013,,
10.0,BOB,MADI,2013-12-08 00:00:00,0,11.8,84.6,3.5,988,60,18,SCS,,,2013,,
10.0,BOB,MADI,2013-12-08 00:00:00,300,12,84.6,3.5,988,60,18,SCS,,,2013,,
10.0,BOB,MADI,2013-12-08 00:00:00,600,12.3,84.7,4,986,65,20,VSCS,,,2013,,
10.0,BOB,MADI,2013-12-08 00:00:00,900,12.6,84.7,4,986,65,20,VSCS,,,2013,,
10.0,BOB,MADI,2013-12-08 00:00:00,1200,13,84.7,4,986,65,20,VSCS,,,2013,,
10.0,BOB,MADI,2013-12-08 00:00:00,1500,13.2,84.7,4,986,65,20,VSCS,,,2013,,
10.0,BOB,MADI,2013-12-08 00:00:00,1800,13.4,84.7,4,986,65,20,VSCS,,,2013,,
10.0,BOB,MADI,2013-12-08 00:00:00,2100,13.6,84.7,4,986,65,20,VSCS,,,2013,,
10.0,BOB,MADI,2013-12-09 00:00:00,0,13.8,84.7,4,986,65,20,VSCS,,,2013,,
10.0,BOB,MADI,2013-12-09 00:00:00,300,14,84.7,4,986,65,20,VSCS,,,2013,,
10.0,BOB,MADI,2013-12-09 00:00:00,600,14.3,84.7,4,986,65,20,VSCS,,,2013,,
10.0,BOB,MADI,2013-12-09 00:00:00,900,14.4,84.7,4,986,65,20,VSCS,,,2013,,
10.0,BOB,MADI,2013-12-09 00:00:00,1200,14.6,84.7,3.5,988,60,18,SCS,,,2013,,
10.0,BOB,MADI,2013-12-09 00:00:00,1500,14.7,84.7,3.5,988,60,18,SCS,,,2013,,
10.0,BOB,MADI,2013-12-09 00:00:00,1800,14.8,84.8,3.5,988,60,18,SCS,,,2013,,
10.0,BOB,MADI,2013-12-09 00:00:00,2100,14.8,84.8,3.5,988,60,16,SCS,,,2013,,
10.0,BOB,MADI,2013-12-10 00:00:00,0,15,85,3.5,988,60,16,SCS,,,2013,,
10.0,BOB,MADI,2013-12-10 00:00:00,300,15.3,85.3,4,988,65,16,VSCS,,,2013,,
10.0,BOB,MADI,2013-12-10 00:00:00,600,15.4,85.3,4,988,65,16,VSCS,,,2013,,
10.0,BOB,MADI,2013-12-10 00:00:00,900,15.7,85.3,4,988,65,16,VSCS,,,2013,,
10.0,BOB,MADI,2013-12-10 00:00:00,1200,15.4,85,3.5,990,55,14,SCS,,,2013,,
10.0,BOB,MADI,2013-12-10 00:00:00,1500,15.1,84.8,3.5,990,55,14,SCS,,,2013,,
10.0,BOB,MADI,2013-12-10 00:00:00,1800,14.9,84.7,3.5,992,50,12,SCS,,,2013,,
10.0,BOB,MADI,2013-12-10 00:00:00,2100,14.6,84.6,3,994,45,10,CS,,,2013,,
10.0,BOB,MADI,2013-12-11 00:00:00,0,14.3,84.2,3,996,40,8,CS,,,2013,,
10.0,BOB,MADI,2013-12-11 00:00:00,300,14,83.8,2,998,30,6,DD,,,2013,,
10.0,BOB,MADI,2013-12-11 00:00:00,600,13.7,83.5,2,998,30,6,DD,,,2013,,
10.0,BOB,MADI,2013-12-11 00:00:00,900,13.5,83.4,2,1000,30,5,DD,,,2013,,
10.0,BOB,MADI,2013-12-11 00:00:00,1200,13.3,83.3,2,1000,30,5,DD,,,2013,,
10.0,BOB,MADI,2013-12-11 00:00:00,1800,12.9,82.7,1.5,1000,25,4,D,,,2013,,
10.0,BOB,MADI,2013-12-12 00:00:00,0,12.5,82,1.5,1000,25,3,D,,,2013,,
10.0,BOB,MADI,2013-12-12 00:00:00,300,12,81.5,1.5,1000,25,3,D,,,2013,,
10.0,BOB,MADI,2013-12-12 00:00:00,600,11.5,81.2,1.5,1000,25,3,D,,,2013,,
10.0,BOB,MADI,2013-12-12 00:00:00,900,11,80.7,1.5,1000,25,3,D,,,2013,,
10.0,BOB,MADI,2013-12-12 00:00:00,1200,10.5,80,1.5,1000,25,3,D,,,2013,,
10.0,BOB,MADI,2013-12-12 00:00:00,1800,10,78.8,-,1004,20,3,D,,,2013,,
1.0,BOB,--,2014-01-04 00:00:00,300,8.5,83.5,1.5,1006,25,3,D,,,2014,,
1.0,BOB,--,2014-01-04 00:00:00,600,9,83,1.5,1006,25,3,D,,,2014,,
1.0,BOB,--,2014-01-04 00:00:00,1200,9,83,1.5,1006,25,3,D,,,2014,,
1.0,BOB,--,2014-01-04 00:00:00,1800,9.2,82.5,1.5,1006,25,3,D,,,2014,,
1.0,BOB,--,2014-01-05 00:00:00,0,9.3,82,1.5,1006,25,3,D,,,2014,,
1.0,BOB,--,2014-01-05 00:00:00,300,9.3,82,1.5,1006,25,3,D,,,2014,,
1.0,BOB,--,2014-01-05 00:00:00,600,9.3,81.8,1.5,1006,25,3,D,,,2014,,
1.0,BOB,--,2014-01-05 00:00:00,1200,9.3,81.5,1.5,1004,25,4,D,,,2014,,
1.0,BOB,--,2014-01-05 00:00:00,1800,9.3,81.3,1.5,1004,25,4,D,,,2014,,
1.0,BOB,--,2014-01-06 00:00:00,0,9.3,81.3,1.5,1004,25,4,D,,,2014,,
1.0,BOB,--,2014-01-06 00:00:00,300,9.4,81,1.5,1006,25,4,D,,,2014,,
1.0,BOB,--,2014-01-06 00:00:00,600,9,80.7,Crossed Sri-Lanka coast near Lat. 9.2° N Long. 80.8° E between 0500 and 0600 UTC of 6th January 2014,,0,,,,,2014,,
1.0,BOB,--,2014-01-06 00:00:00,1200,8.8,80.6,-,1006,25,3,D,,,2014,,
1.0,BOB,--,2014-01-07 00:00:00,0,8,80,-,1006,25,3,D,,,2014,,
2.0,BOB,--,2014-05-21 00:00:00,300,15.5,90.5,1.5,1004,25,3,D,,,2014,,
2.0,BOB,--,2014-05-21 00:00:00,600,16,90.5,1.5,1004,25,3,D,,,2014,,
2.0,BOB,--,2014-05-21 00:00:00,1200,16.5,91,1.5,1002,25,4,D,,,2014,,
2.0,BOB,--,2014-05-21 00:00:00,1800,16.5,91,1.5,1002,25,3,D,,,2014,,
2.0,BOB,--,2014-05-22 00:00:00,0,16.5,92,1.5,1000,25,3,D,,,2014,,
2.0,BOB,--,2014-05-22 00:00:00,300,16.5,92,1.5,1000,25,3,D,,,2014,,
2.0,BOB,--,2014-05-22 00:00:00,600,17,92.5,1.5,1000,25,3,D,,,2014,,
2.0,BOB,--,2014-05-22 00:00:00,1200,17.5,92,1.5,1000,25,4,D,,,2014,,
2.0,BOB,--,2014-05-22 00:00:00,1800,17.5,92,1.5,1000,25,4,D,,,2014,,
2.0,BOB,--,2014-05-23 00:00:00,0,17,91,1.5,1000,25,4,D,,,2014,,
3.0,AS,NANAUK,2014-06-10 00:00:00,900,15.5,68.5,1.5,998,25,3,D,,,2014,,
3.0,AS,NANAUK,2014-06-10 00:00:00,1200,16,68,1.5,996,25,3,D,,,2014,,
3.0,AS,NANAUK,2014-06-10 00:00:00,1800,16.5,67.5,2,994,30,5,DD,,,2014,,
3.0,AS,NANAUK,2014-06-11 00:00:00,0,16.5,67.2,2.5,992,35,8,CS,,,2014,,
3.0,AS,NANAUK,2014-06-11 00:00:00,300,16.7,67,2.5,992,35,8,CS,,,2014,,
3.0,AS,NANAUK,2014-06-11 00:00:00,600,16.9,66.7,3,990,45,10,CS,,,2014,,
3.0,AS,NANAUK,2014-06-11 00:00:00,900,17,66.5,3,990,45,10,CS,,,2014,,
3.0,AS,NANAUK,2014-06-11 00:00:00,1200,17.3,66.2,3,988,45,10,CS,,,2014,,
3.0,AS,NANAUK,2014-06-11 00:00:00,1500,17.5,66,3,988,45,10,CS,,,2014,,
3.0,AS,NANAUK,2014-06-11 00:00:00,1800,17.5,65.8,3,988,45,10,CS,,,2014,,
3.0,AS,NANAUK,2014-06-11 00:00:00,2100,17.5,65.7,3,988,45,10,CS,,,2014,,
3.0,AS,NANAUK,2014-06-12 00:00:00,0,17.8,65.3,3,986,45,10,CS,,,2014,,
3.0,AS,NANAUK,2014-06-12 00:00:00,300,18,65,3,986,45,10,CS,,,2014,,
3.0,AS,NANAUK,2014-06-12 00:00:00,600,18.1,64.7,3,986,45,10,CS,,,2014,,
3.0,AS,NANAUK,2014-06-12 00:00:00,900,18.3,64.3,3,988,45,10,CS,,,2014,,
3.0,AS,NANAUK,2014-06-12 00:00:00,1200,18.3,63.9,3,988,45,10,CS,,,2014,,
3.0,AS,NANAUK,2014-06-12 00:00:00,1500,18.3,63.6,3,988,45,10,CS,,,2014,,
3.0,AS,NANAUK,2014-06-12 00:00:00,1800,18.3,63.4,3,988,45,10,CS,,,2014,,
3.0,AS,NANAUK,2014-06-12 00:00:00,2100,18.4,63.3,3,988,45,10,CS,,,2014,,
3.0,AS,NANAUK,2014-06-13 00:00:00,0,18.4,62.9,3,988,45,10,CS,,,2014,,
3.0,AS,NANAUK,2014-06-13 00:00:00,300,18.7,62.7,3,990,45,10,CS,,,2014,,
3.0,AS,NANAUK,2014-06-13 00:00:00,600,19,62.6,2.5,992,40,8,CS,,,2014,,
3.0,AS,NANAUK,2014-06-13 00:00:00,900,19.5,62.5,2,994,30,5,DD,,,2014,,
3.0,AS,NANAUK,2014-06-13 00:00:00,1200,19.8,62.4,1.5,996,25,3,D,,,2014,,
3.0,AS,NANAUK,2014-06-13 00:00:00,1800,20,62,1.5,996,25,3,D,,,2014,,
3.0,AS,NANAUK,2014-06-14 00:00:00,0,20.5,62,1.5,996,25,3,D,,,2014,,
4.0,LAND,--,2014-07-21 00:00:00,300,22,87,-,988,25,4,D,,,2014,,
4.0,LAND,--,2014-07-21 00:00:00,600,22.2,86.4,-,988,20,4,D,,,2014,,
4.0,LAND,--,2014-07-21 00:00:00,1200,22.5,85,-,988,20,4,D,,,2014,,
4.0,LAND,--,2014-07-21 00:00:00,1800,22.5,84,-,990,20,4,D,,,2014,,
4.0,LAND,--,2014-07-22 00:00:00,0,22.5,83,-,990,20,4,D,,,2014,,
4.0,LAND,--,2014-07-22 00:00:00,300,22.5,82.5,-,990,20,4,D,,,2014,,
4.0,LAND,--,2014-07-22 00:00:00,600,22.5,82,-,990,20,4,D,,,2014,,
4.0,LAND,--,2014-07-22 00:00:00,1200,22.5,81,-,990,20,4,D,,,2014,,
4.0,LAND,--,2014-07-22 00:00:00,1800,22.5,79.6,-,992,20,3,D,,,2014,,
4.0,LAND,--,2014-07-23 00:00:00,0,22.5,78.2,-,992,20,3,D,,,2014,,
4.0,LAND,--,2014-07-23 00:00:00,300,22.5,77.5,-,992,20,3,D,,,2014,,
4.0,LAND,--,2014-07-23 00:00:00,600,22.5,77,-,992,20,3,D,,,2014,,
5.0,BOB,--,2014-08-03 00:00:00,1200,21.5,88.5,1.5,990,25,4,D,,,2014,,
5.0,BOB,--,2014-08-03 00:00:00,1800,21.9,88.3,2,990,30,6,DD,,,2014,,
5.0,BOB,--,2014-08-04 00:00:00,300,22.5,87.2,--,990,30,6,DD,,,2014,,
5.0,BOB,--,2014-08-04 00:00:00,600,22.5,86.5,--,990,30,6,DD,,,2014,,
5.0,BOB,--,2014-08-04 00:00:00,1200,22.2,86.1,--,988,30,6,DD,,,2014,,
5.0,BOB,--,2014-08-04 00:00:00,1800,22.2,86.1,--,990,30,6,DD,,,2014,,
5.0,BOB,--,2014-08-05 00:00:00,0,22,83.5,--,990,30,6,DD,,,2014,,
5.0,BOB,--,2014-08-05 00:00:00,300,22.2,83.5,--,994,30,6,DD,,,2014,,
5.0,BOB,--,2014-08-05 00:00:00,600,22.9,83,--,992,30,5,DD,,,2014,,
5.0,BOB,--,2014-08-05 00:00:00,900,23.5,82.5,--,992,25,4,D,,,2014,,
5.0,BOB,--,2014-08-05 00:00:00,1200,24,82,--,992,25,4,D,,,2014,,
5.0,BOB,--,2014-08-05 00:00:00,1800,24.2,81.3,--,992,25,4,D,,,2014,,
5.0,BOB,--,2014-08-05 00:00:00,0,24.4,80.6,--,992,25,4,D,,,2014,,
5.0,BOB,--,2014-08-06 00:00:00,300,24.5,80.2,--,996,25,4,D,,,2014,,
5.0,BOB,--,2014-08-06 00:00:00,600,24.6,80,--,994,25,4,D,,,2014,,
5.0,BOB,--,2014-08-06 00:00:00,1200,25,79.5,--,994,25,4,D,,,2014,,
5.0,BOB,--,2014-08-06 00:00:00,1800,25.3,79,--,994,25,4,D,,,2014,,
5.0,BOB,--,2014-08-06 00:00:00,0,25.5,78.5,--,994,25,3,D,,,2014,,
6.0,BOB,HUDHUD,2014-10-07 00:00:00,300,11.5,95,1.5,1004,25,3,D,,,2014,,
6.0,BOB,HUDHUD,2014-10-07 00:00:00,600,11.7,94.8,1.5,1004,25,3,D,,,2014,,
6.0,BOB,HUDHUD,2014-10-07 00:00:00,1200,12,94,2,1000,30,5,DD,,,2014,,
6.0,BOB,HUDHUD,2014-10-07 00:00:00,1800,12,93.5,2,1000,30,5,DD,,,2014,,
6.0,BOB,HUDHUD,2014-10-08 00:00:00,0,12.2,93,2,1000,30,5,DD,,,2014,,
6.0,BOB,HUDHUD,2014-10-08 00:00:00,300,12.3,92.9,2.5,998,35,7,CS,,,2014,,
6.0,BOB,HUDHUD,2014-10-08 00:00:00,600,12.5,92.5,2.5,996,40,8,CS,,,2014,,
6.0,BOB,HUDHUD,2014-10-08 00:00:00,900,12.7,91.7,2.5,996,40,8,CS,,,2014,,
6.0,BOB,HUDHUD,2014-10-08 00:00:00,1200,12.8,91,2.5,996,40,8,CS,,,2014,,
6.0,BOB,HUDHUD,2014-10-08 00:00:00,1500,13,90.5,2.5,996,40,8,CS,,,2014,,
6.0,BOB,HUDHUD,2014-10-08 00:00:00,1800,13.2,90.2,3,994,45,9,CS,,,2014,,
6.0,BOB,HUDHUD,2014-10-08 00:00:00,2100,13.5,89.6,3,992,45,10,CS,,,2014,,
6.0,BOB,HUDHUD,2014-10-09 00:00:00,0,13.7,89.2,3,990,45,12,CS,,,2014,,
6.0,BOB,HUDHUD,2014-10-09 00:00:00,300,13.8,89,3.5,988,55,16,SCS,,,2014,,
6.0,BOB,HUDHUD,2014-10-09 00:00:00,600,13.9,88.8,3.5,988,55,16,SCS,,,2014,,
6.0,BOB,HUDHUD,2014-10-09 00:00:00,900,14.6,88.6,3.5,988,55,16,SCS,,,2014,,
6.0,BOB,HUDHUD,2014-10-09 00:00:00,1200,14.1,88.4,3.5,988,55,16,SCS,,,2014,,
6.0,BOB,HUDHUD,2014-10-09 00:00:00,1500,14.1,88.1,3.5,988,55,16,SCS,,,2014,,
6.0,BOB,HUDHUD,2014-10-09 00:00:00,1800,14.1,87.9,3.5,988,55,16,SCS,,,2014,,
6.0,BOB,HUDHUD,2014-10-09 00:00:00,2100,14.3,87.7,3.5,988,60,16,SCS,,,2014,,
6.0,BOB,HUDHUD,2014-10-10 00:00:00,0,14.4,87.6,3.5,988,60,16,SCS,,,2014,,
6.0,BOB,HUDHUD,2014-10-10 00:00:00,300,14.7,87.2,3.5,988,60,16,SCS,,,2014,,
6.0,BOB,HUDHUD,2014-10-10 00:00:00,600,14.8,87,3.5,986,60,18,SCS,,,2014,,
6.0,BOB,HUDHUD,2014-10-10 00:00:00,900,15,86.8,4,984,65,22,VSCS,,,2014,,
6.0,BOB,HUDHUD,2014-10-10 00:00:00,1200,15.2,86.7,4,982,70,26,VSCS,,,2014,,
6.0,BOB,HUDHUD,2014-10-10 00:00:00,1500,15.4,86.5,4,980,75,28,VSCS,,,2014,,
6.0,BOB,HUDHUD,2014-10-10 00:00:00,1800,15.5,86.4,4,978,75,30,VSCS,,,2014,,
6.0,BOB,HUDHUD,2014-10-10 00:00:00,2100,15.7,86.1,4,974,75,30,VSCS,,,2014,,
6.0,BOB,HUDHUD,2014-10-11 00:00:00,0,15.9,85.7,4,970,75,30,VSCS,,,2014,,
6.0,BOB,HUDHUD,2014-10-11 00:00:00,300,16,85.4,4.5,968,80,34,VSCS,,,2014,,
6.0,BOB,HUDHUD,2014-10-11 00:00:00,600,16.1,85.1,5,966,90,40,ESCS,,,2014,,
6.0,BOB,HUDHUD,2014-10-11 00:00:00,900,16.1,85,5,964,90,42,ESCS,,,2014,,
6.0,BOB,HUDHUD,2014-10-11 00:00:00,1200,16.2,84.8,5,962,95,44,ESCS,,,2014,,
6.0,BOB,HUDHUD,2014-10-11 00:00:00,1500,16.2,84.8,5,960,95,46,ESCS,,,2014,,
6.0,BOB,HUDHUD,2014-10-11 00:00:00,1800,16.4,84.7,5,954,100,50,ESCS,,,2014,,
6.0,BOB,HUDHUD,2014-10-11 00:00:00,2100,16.7,84.4,5,952,100,52,ESCS,,,2014,,
6.0,BOB,HUDHUD,2014-10-12 00:00:00,0,17.2,84.2,5,950,100,54,ESCS,,,2014,,
6.0,BOB,HUDHUD,2014-10-12 00:00:00,300,17.4,83.8,5,950,100,54,ESCS,,,2014,,
6.0,BOB,HUDHUD,2014-10-12 00:00:00,600,17.6,83.4,5,950,100,54,ESCS,,,2014,,
6.0,BOB,HUDHUD,2014-10-12 00:00:00,900,17.8,83,-,960,90,42,ESCS,,,2014,,
6.0,BOB,HUDHUD,2014-10-12 00:00:00,1200,18,82.7,-,982,60,20,SCS,,,2014,,
6.0,BOB,HUDHUD,2014-10-12 00:00:00,1500,18.3,82.5,-,986,45,15,CS,,,2014,,
6.0,BOB,HUDHUD,2014-10-12 00:00:00,1800,18.7,82.3,-,987,40,14,CS,,,2014,,
6.0,BOB,HUDHUD,2014-10-12 00:00:00,2100,18.7,82.3,-,988,40,13,DD,,,2014,,
6.0,BOB,HUDHUD,2014-10-13 00:00:00,0,19.5,81.5,-,994,30,8,DD,,,2014,,
6.0,BOB,HUDHUD,2014-10-13 00:00:00,300,20.5,81.5,-,996,30,6,DD,,,2014,,
6.0,BOB,HUDHUD,2014-10-13 00:00:00,600,20.7,81.5,-,998,30,5,D,,,2014,,
6.0,BOB,HUDHUD,2014-10-13 00:00:00,1200,21.3,81.5,-,998,25,4,D,,,2014,,
6.0,BOB,HUDHUD,2014-10-13 00:00:00,1800,22.3,81.5,-,1000,25,4,D,,,2014,,
6.0,BOB,HUDHUD,2014-10-14 00:00:00,0,24.8,81.5,-,1000,25,4,D,,,2014,,
6.0,BOB,HUDHUD,2014-10-14 00:00:00,300,25.1,81.6,-,1000,20,3,D,,,2014,,
6.0,BOB,HUDHUD,2014-10-14 00:00:00,600,25.6,81.7,-,1000,20,3,D,,,2014,,
6.0,BOB,HUDHUD,2014-10-14 00:00:00,900,26.3,81.8,-,1000,20,3,D,,,2014,,
7.0,AS,NILOFAR,2014-10-25 00:00:00,0,12.5,61.5,1.5,1004,25,3,D,,,2014,,
7.0,AS,NILOFAR,2014-10-25 00:00:00,300,12.5,61.5,1.5,1004,25,3,D,,,2014,,
7.0,AS,NILOFAR,2014-10-25 00:00:00,600,12.5,61.5,1.5,1004,25,3,D,,,2014,,
7.0,AS,NILOFAR,2014-10-25 00:00:00,1200,13,61,1.5,1003,25,3,D,,,2014,,
7.0,AS,NILOFAR,2014-10-25 00:00:00,1800,13,61,1.5,1003,25,3,D,,,2014,,
7.0,AS,NILOFAR,2014-10-26 00:00:00,0,14,62,1.5,1002,25,4,D,,,2014,,
7.0,AS,NILOFAR,2014-10-26 00:00:00,300,14,62,2,999,30,5,DD,,,2014,,
7.0,AS,NILOFAR,2014-10-26 00:00:00,600,14.1,62,2.5,998,35,6,CS,,,2014,,
7.0,AS,NILOFAR,2014-10-26 00:00:00,900,14.1,62,2.5,996,35,7,CS,,,2014,,
7.0,AS,NILOFAR,2014-10-26 00:00:00,1200,14.2,62,2.5,994,40,8,CS,,,2014,,
7.0,AS,NILOFAR,2014-10-26 00:00:00,1500,14.3,62,3,994,40,8,CS,,,2014,,
7.0,AS,NILOFAR,2014-10-26 00:00:00,1800,14.4,62,3,994,45,10,CS,,,2014,,
7.0,AS,NILOFAR,2014-10-26 00:00:00,2100,14.5,62,3,994,50,12,SCS,,,2014,,
7.0,AS,NILOFAR,2014-10-27 00:00:00,0,14.8,62,3.5,990,55,16,SCS,,,2014,,
7.0,AS,NILOFAR,2014-10-27 00:00:00,300,14.9,62,3.5,990,60,18,SCS,,,2014,,
7.0,AS,NILOFAR,2014-10-27 00:00:00,600,14.9,62,4,986,65,20,VSCS,,,2014,,
7.0,AS,NILOFAR,2014-10-27 00:00:00,900,14.9,62,4,984,65,22,VSCS,,,2014,,
7.0,AS,NILOFAR,2014-10-27 00:00:00,1200,15,62,4,982,70,24,VSCS,,,2014,,
7.0,AS,NILOFAR,2014-10-27 00:00:00,1500,15.1,62,4,981,70,25,VSCS,,,2014,,
7.0,AS,NILOFAR,2014-10-27 00:00:00,1800,15.3,62,4,980,70,26,VSCS,,,2014,,
7.0,AS,NILOFAR,2014-10-27 00:00:00,2100,15.6,61.8,4,979,75,27,VSCS,,,2014,,
7.0,AS,NILOFAR,2014-10-28 00:00:00,0,15.7,61.8,4,978,75,28,VSCS,,,2014,,
7.0,AS,NILOFAR,2014-10-28 00:00:00,300,15.8,61.7,4,977,75,29,VSCS,,,2014,,
7.0,AS,NILOFAR,2014-10-28 00:00:00,600,15.9,61.6,4.5,974,80,32,VSCS,,,2014,,
7.0,AS,NILOFAR,2014-10-28 00:00:00,900,16.3,61.6,5,966,90,40,ESCS,,,2014,,
7.0,AS,NILOFAR,2014-10-28 00:00:00,1200,16.7,61.8,5.5,954,100,52,ESCS,,,2014,,
7.0,AS,NILOFAR,2014-10-28 00:00:00,1500,17.2,61.8,5.5,952,105,54,ESCS,,,2014,,
7.0,AS,NILOFAR,2014-10-28 00:00:00,1800,17.6,61.8,5.5,950,110,56,ESCS,,,2014,,
7.0,AS,NILOFAR,2014-10-28 00:00:00,2100,18,61.8,5.5,950,110,56,ESCS,,,2014,,
7.0,AS,NILOFAR,2014-10-29 00:00:00,0,18.2,62,5.5,954,105,52,ESCS,,,2014,,
7.0,AS,NILOFAR,2014-10-29 00:00:00,300,18.7,62,5,958,100,48,ESCS,,,2014,,
7.0,AS,NILOFAR,2014-10-29 00:00:00,600,18.9,62,5,962,95,44,ESCS,,,2014,,
7.0,AS,NILOFAR,2014-10-29 00:00:00,900,19,62,5,968,90,40,ESCS,,,2014,,
7.0,AS,NILOFAR,2014-10-29 00:00:00,1200,19.2,62.2,4.5,974,80,32,VSCS,,,2014,,
7.0,AS,NILOFAR,2014-10-29 00:00:00,1500,19.4,62.5,4,980,70,26,VSCS,,,2014,,
7.0,AS,NILOFAR,2014-10-29 00:00:00,1800,19.4,62.8,4,986,70,24,VSCS,,,2014,,
7.0,AS,NILOFAR,2014-10-29 00:00:00,2100,19.4,63.1,3.5,988,60,20,SCS,,,2014,,
7.0,AS,NILOFAR,2014-10-30 00:00:00,0,19.5,63.6,3.5,990,60,18,SCS,,,2014,,
7.0,AS,NILOFAR,2014-10-30 00:00:00,300,19.8,64.1,3,994,50,14,SCS,,,2014,,
7.0,AS,NILOFAR,2014-10-30 00:00:00,600,20.2,64.3,3,998,45,10,SCS,,,2014,,
7.0,AS,NILOFAR,2014-10-30 00:00:00,900,20.2,64.5,2.5,1000,40,9,CS,,,2014,,
7.0,AS,NILOFAR,2014-10-30 00:00:00,1200,20.5,64.6,2.5,1001,40,8,CS,,,2014,,
7.0,AS,NILOFAR,2014-10-30 00:00:00,1800,20.6,64.7,2.5,1002,35,7,CS,,,2014,,
7.0,AS,NILOFAR,2014-10-30 00:00:00,2100,20.7,65,2,1003,30,5,DD,,,2014,,
7.0,AS,NILOFAR,2014-10-31 00:00:00,0,20.7,65.1,1.5,1004,25,4,D,,,2014,,
8.0,BOB,-,2014-11-05 00:00:00,900,13,87.5,1.5,1000,25,4,D,,,2014,,
8.0,BOB,-,2014-11-05 00:00:00,1200,13,87.5,1.5,1000,25,4,D,,,2014,,
8.0,BOB,-,2014-11-05 00:00:00,1800,13.5,87.5,1.5,1000,25,4,D,,,2014,,
8.0,BOB,-,2014-11-06 00:00:00,0,13.8,87.5,1.5,1000,25,4,D,,,2014,,
8.0,BOB,-,2014-11-06 00:00:00,300,14,87.5,2,998,30,5,DD,,,2014,,
8.0,BOB,-,2014-11-06 00:00:00,600,14.1,87.5,2,998,30,6,DD,,,2014,,
8.0,BOB,-,2014-11-06 00:00:00,1200,14.1,88,2,998,30,6,DD,,,2014,,
8.0,BOB,-,2014-11-06 00:00:00,1800,13.8,88,2,1000,30,6,DD,,,2014,,
8.0,BOB,-,2014-11-07 00:00:00,0,14,87.5,2,1001,30,5,DD,,,2014,,
8.0,BOB,-,2014-11-07 00:00:00,300,14.2,87.5,1.5,1001,30,5,DD,,,2014,,
8.0,BOB,-,2014-11-07 00:00:00,600,14.2,87.5,1.5,1003,25,4,D,,,2014,,
8.0,BOB,-,2014-11-07 00:00:00,1200,14.2,87.5,1.5,1003,25,4,D,,,2014,,
8.0,BOB,-,2014-11-07 00:00:00,1800,14.3,87,1.5,1004,25,4,D,,,2014,,
8.0,BOB,-,2014-11-08 00:00:00,0,14.3,86.5,1.5,1005,25,3,D,,,2014,,
1.0,ARB,ASHOBAA,2015-06-07 00:00:00,300,14.5,68.5,1.5,1004,25,3,D,,,2015,,
1.0,ARB,ASHOBAA,2015-06-07 00:00:00,600,15,68.2,1.5,1004,25,3,D,,,2015,,
1.0,ARB,ASHOBAA,2015-06-07 00:00:00,1200,16,68,1.5,1003,25,4,D,,,2015,,
1.0,ARB,ASHOBAA,2015-06-07 00:00:00,1800,16.5,68,1.5,1003,25,4,D,,,2015,,
1.0,ARB,ASHOBAA,2015-06-08 00:00:00,0,17.5,67.5,2,996,30,5,DD,,,2015,,
1.0,ARB,ASHOBAA,2015-06-08 00:00:00,300,17.9,67.2,2.5,994,35,7,CS,,,2015,,
1.0,ARB,ASHOBAA,2015-06-08 00:00:00,600,17.9,67.2,2.5,994,35,7,CS,,,2015,,
1.0,ARB,ASHOBAA,2015-06-08 00:00:00,900,18.5,66.7,2.5,994,35,7,CS,,,2015,,
1.0,ARB,ASHOBAA,2015-06-08 00:00:00,1200,18.6,66.5,2.5,994,35,7,CS,,,2015,,
1.0,ARB,ASHOBAA,2015-06-08 00:00:00,1500,18.8,66.2,2.5,994,35,7,CS,,,2015,,
1.0,ARB,ASHOBAA,2015-06-08 00:00:00,1800,19.2,65.7,2.5,994,35,7,CS,,,2015,,
1.0,ARB,ASHOBAA,2015-06-08 00:00:00,2100,19.5,65.3,2.5,994,35,7,CS,,,2015,,
1.0,ARB,ASHOBAA,2015-06-09 00:00:00,0,20,65,2.5,992,35,8,CS,,,2015,,
1.0,ARB,ASHOBAA,2015-06-09 00:00:00,300,20,65,2.5,992,35,8,CS,,,2015,,
1.0,ARB,ASHOBAA,2015-06-09 00:00:00,600,20.3,64.6,2.5,990,35,10,CS,,,2015,,
1.0,ARB,ASHOBAA,2015-06-09 00:00:00,900,20.5,63.8,3,990,40,10,CS,,,2015,,
1.0,ARB,ASHOBAA,2015-06-09 00:00:00,1200,21,63,3,990,40,10,CS,,,2015,,
1.0,ARB,ASHOBAA,2015-06-09 00:00:00,1500,21.2,62.5,3,990,40,10,CS,,,2015,,
1.0,ARB,ASHOBAA,2015-06-09 00:00:00,1800,21.2,62.5,3,990,45,10,CS,,,2015,,
1.0,ARB,ASHOBAA,2015-06-09 00:00:00,2100,21.3,62.3,3,990,45,10,CS,,,2015,,
1.0,ARB,ASHOBAA,2015-06-10 00:00:00,0,21.3,62.1,3,990,45,10,CS,,,2015,,
1.0,ARB,ASHOBAA,2015-06-10 00:00:00,300,21.3,61.8,3,990,45,10,CS,,,2015,,
1.0,ARB,ASHOBAA,2015-06-10 00:00:00,600,21.3,61.5,3,990,45,10,CS,,,2015,,
1.0,ARB,ASHOBAA,2015-06-10 00:00:00,900,21.2,61.1,3,990,45,10,CS,,,2015,,
1.0,ARB,ASHOBAA,2015-06-10 00:00:00,1200,21.2,61.1,3,990,45,10,CS,,,2015,,
1.0,ARB,ASHOBAA,2015-06-10 00:00:00,1500,20.9,60.8,3,990,45,10,CS,,,2015,,
1.0,ARB,ASHOBAA,2015-06-10 00:00:00,1800,20.9,60.8,3,992,45,10,CS,,,2015,,
1.0,ARB,ASHOBAA,2015-06-10 00:00:00,2100,20.9,60.8,3,992,45,10,CS,,,2015,,
1.0,ARB,ASHOBAA,2015-06-11 00:00:00,0,20.8,60.8,2.5,994,40,10,CS,,,2015,,
1.0,ARB,ASHOBAA,2015-06-11 00:00:00,300,20.8,60.8,2.5,994,40,10,CS,,,2015,,
1.0,ARB,ASHOBAA,2015-06-11 00:00:00,600,20.8,60.5,2.5,994,35,10,CS,,,2015,,
1.0,ARB,ASHOBAA,2015-06-11 00:00:00,900,20.8,60.3,2.5,994,35,10,CS,,,2015,,
1.0,ARB,ASHOBAA,2015-06-11 00:00:00,1200,20.8,60,2.5,994,35,10,CS,,,2015,,
1.0,ARB,ASHOBAA,2015-06-11 00:00:00,1500,20.8,59.7,2.5,994,35,10,CS,,,2015,,
1.0,ARB,ASHOBAA,2015-06-11 00:00:00,1800,20.8,59.7,2,996,30,6,DD,,,2015,,
1.0,ARB,ASHOBAA,2015-06-12 00:00:00,0,20.8,59.5,1.5,996,25,4,D,,,2015,,
1.0,ARB,ASHOBAA,2015-06-12 00:00:00,300,20.8,59.5,1.5,996,25,4,D,,,2015,,
1.0,ARB,ASHOBAA,2015-06-12 00:00:00,600,20.8,59.5,1.5,996,25,4,D,,,2015,,
2.0,BOB,,2015-06-20 00:00:00,300,18,86,1.5,990,25,4,D,,,2015,,
2.0,BOB,,2015-06-20 00:00:00,600,18.5,86,1.5,990,25,4,D,,,2015,,
2.0,BOB,,2015-06-20 00:00:00,1200,19,85.5,1.5,990,25,4,D,,,2015,,
2.0,BOB,,2015-06-20 00:00:00,1800,19.2,85.4,1.5,990,25,4,D,,,2015,,
2.0,BOB,,2015-06-21 00:00:00,0,19.7,85,-,992,25,3,D,,,2015,,
2.0,BOB,,2015-06-21 00:00:00,300,20,85,-,992,25,3,D,,,2015,,
2.0,BOB,,2015-06-21 00:00:00,600,20,84.5,,992,25,3,D,,,2015,,
2.0,BOB,,2015-06-21 00:00:00,1200,20.5,84.5,-,992,25,3,D,,,2015,,
2.0,BOB,,2015-06-21 00:00:00,1800,21,84.5,-,992,25,3,D,,,2015,,
3.0,ARB,,2015-06-22 00:00:00,300,20,67,1.5,990,25,4,D,,,2015,,
3.0,ARB,,2015-06-22 00:00:00,600,20,67,1.5,990,25,4,D,,,2015,,
3.0,ARB,,2015-06-22 00:00:00,1200,20,67,1.5,990,25,4,D,,,2015,,
3.0,ARB,,2015-06-22 00:00:00,1800,20.2,68.5,1.5,990,25,4,D,,,2015,,
3.0,ARB,,2015-06-22 00:00:00,0,20.5,69.5,1.5,988,25,4,D,,,2015,,
3.0,ARB,,2015-06-23 00:00:00,300,20.5,70.5,2,988,30,6,DD,,,2015,,
3.0,ARB,,2015-06-23 00:00:00,600,21,71,2,988,30,6,DD,,,2015,,
3.0,ARB,,2015-06-23 00:00:00,1200,21,71.3,-,990,30,5,DD,,,2015,,
3.0,ARB,,2015-06-23 00:00:00,1800,21.6,71.4,-,990,30,5,DD,,,2015,,
3.0,ARB,,2015-06-23 00:00:00,0,22.2,71.5,-,990,30,4,DD,,,2015,,
3.0,ARB,,2015-06-24 00:00:00,300,22.4,72,-,990,30,4,DD,,,2015,,
3.0,ARB,,2015-06-24 00:00:00,600,22.8,72.7,-,990,30,3,DD,,,2015,,
3.0,ARB,,2015-06-24 00:00:00,1200,23.5,74,-,992,25,3,D,,,2015,,
3.0,ARB,,2015-06-24 00:00:00,1800,26,76,-,994,25,3,D,,,2015,,
4.0,LAND,,2015-07-10 00:00:00,300,23.1,85.1,-,996,25,4,D,,,2015,,
4.0,LAND,,2015-07-10 00:00:00,600,23.1,85,-,996,25,4,D,,,2015,,
4.0,LAND,,2015-07-10 00:00:00,900,23.3,84,-,994,25,4,D,,,2015,,
4.0,LAND,,2015-07-10 00:00:00,1200,23.5,83.5,-,994,25,4,D,,,2015,,
4.0,LAND,,2015-07-10 00:00:00,1500,23.5,82.5,-,996,25,4,D,,,2015,,
4.0,LAND,,2015-07-10 00:00:00,1800,23.6,82.3,-,996,25,4,D,,,2015,,
4.0,LAND,,2015-07-10 00:00:00,2100,23.8,81,-,996,25,4,D,,,2015,,
4.0,LAND,,2015-07-11 00:00:00,0,24,80.5,-,995,25,4,D,,,2015,,
4.0,LAND,,2015-07-11 00:00:00,300,24,80.5,-,996,25,4,D,,,2015,,
4.0,LAND,,2015-07-11 00:00:00,600,24.5,80.5,-,996,25,4,D,,,2015,,
4.0,LAND,,2015-07-11 00:00:00,900,24.5,80.5,-,996,25,4,D,,,2015,,
4.0,LAND,,2015-07-11 00:00:00,1200,25.5,80.5,-,996,25,4,D,,,2015,,
4.0,LAND,,2015-07-11 00:00:00,1500,26,80,-,996,25,4,D,,,2015,,
4.0,LAND,,2015-07-11 00:00:00,1800,26.5,79.5,-,998,25,4,D,,,2015,,
4.0,LAND,,2015-07-11 00:00:00,2100,26,78.5,-,998,25,4,D,,,2015,,
4.0,LAND,,2015-07-12 00:00:00,0,27.5,78.3,-,998,25,4,D,,,2015,,
4.0,LAND,,2015-07-12 00:00:00,300,28.5,78,-,998,25,3,D,,,2015,,
4.0,LAND,,2015-07-12 00:00:00,600,28.5,77.5,-,998,25,3,D,,,2015,,
4.0,LAND,,2015-07-12 00:00:00,900,28.5,77.3,-,998,25,3,D,,,2015,,
5.0,LAND,,2015-07-27 00:00:00,1200,26.2,71.8,-,994,25,4,D,,,2015,,
5.0,LAND,,2015-07-27 00:00:00,1500,26,71.8,-,994,25,4,D,,,2015,,
5.0,LAND,,2015-07-27 00:00:00,1800,25.8,71.8,-,996,25,4,D,,,2015,,
5.0,LAND,,2015-07-27 00:00:00,2100,26.1,71.8,-,996,25,4,D,,,2015,,
5.0,LAND,,2015-07-28 00:00:00,0,26.2,71.8,-,994,25,4,D,,,2015,,
5.0,LAND,,2015-07-28 00:00:00,300,24.8,71.8,-,994,30,5,DD,,,2015,,
5.0,LAND,,2015-07-28 00:00:00,600,24.8,71.8,-,994,30,5,DD,,,2015,,
5.0,LAND,,2015-07-28 00:00:00,900,24.8,71.8,-,994,30,5,DD,,,2015,,
5.0,LAND,,2015-07-28 00:00:00,1200,25.5,72,-,994,30,5,DD,,,2015,,
5.0,LAND,,2015-07-28 00:00:00,1500,25.6,72.1,-,996,30,5,DD,,,2015,,
5.0,LAND,,2015-07-28 00:00:00,1800,25.8,72.1,-,996,30,5,DD,,,2015,,
5.0,LAND,,2015-07-28 00:00:00,2100,25.9,72.3,-,996,25,5,DD,,,2015,,
5.0,LAND,,2015-07-29 00:00:00,0,26.5,72.5,-,996,25,5,DD,,,2015,,
5.0,LAND,,2015-07-29 00:00:00,300,27.2,73,-,996,25,4,D,,,2015,,
5.0,LAND,,2015-07-29 00:00:00,600,27.2,73,-,996,25,4,D,,,2015,,
5.0,LAND,,2015-07-29 00:00:00,900,27.2,73,-,996,25,4,D,,,2015,,
5.0,LAND,,2015-07-29 00:00:00,1200,27.7,73,-,998,25,4,D,,,2015,,
5.0,LAND,,2015-07-29 00:00:00,1500,27.9,73,-,998,25,4,D,,,2015,,
5.0,LAND,,2015-07-29 00:00:00,1800,27.9,73.1,-,998,25,3,D,,,2015,,
5.0,LAND,,2015-07-29 00:00:00,2100,28,73.1,-,998,25,3,D,,,2015,,
5.0,LAND,,2015-07-30 00:00:00,0,28.7,73.4,-,998,25,3,D,,,2015,,
6.0,BOB,KOMEN,2015-07-26 00:00:00,0,22,90.8,1.5,994,20,3,D,,,2015,,
6.0,BOB,KOMEN,2015-07-26 00:00:00,300,22,90.8,1.5,994,20,3,D,,,2015,,
6.0,BOB,KOMEN,2015-07-26 00:00:00,600,22,90.5,1.5,994,20,3,D,,,2015,,
6.0,BOB,KOMEN,2015-07-26 00:00:00,1200,22,90.5,1.5,994,20,3,D,,,2015,,
6.0,BOB,KOMEN,2015-07-26 00:00:00,1800,22,90.5,1.5,994,20,3,D,,,2015,,
6.0,BOB,KOMEN,2015-07-27 00:00:00,0,22,90.5,1.5,994,20,3,D,,,2015,,
6.0,BOB,KOMEN,2015-07-27 00:00:00,300,22,90.5,1.5,994,25,4,D,,,2015,,
6.0,BOB,KOMEN,2015-07-27 00:00:00,600,22,90.5,1.5,994,25,4,D,,,2015,,
6.0,BOB,KOMEN,2015-07-27 00:00:00,1200,22,90.5,1.5,994,25,4,D,,,2015,,
6.0,BOB,KOMEN,2015-07-27 00:00:00,1800,22,90.5,1.5,994,25,4,D,,,2015,,
6.0,BOB,KOMEN,2015-07-28 00:00:00,0,22,90.5,1.5,994,25,4,D,,,2015,,
6.0,BOB,KOMEN,2015-07-28 00:00:00,300,22,90.5,1.5,994,25,4,D,,,2015,,
6.0,BOB,KOMEN,2015-07-28 00:00:00,600,21.8,90.3,1.5,994,25,4,D,,,2015,,
6.0,BOB,KOMEN,2015-07-28 00:00:00,1200,21.5,90.2,1.5,994,25,4,D,,,2015,,
6.0,BOB,KOMEN,2015-07-28 00:00:00,1800,21.3,90.6,1.5,992,25,4,D,,,2015,,
6.0,BOB,KOMEN,2015-07-29 00:00:00,0,21,91,2,990,30,5,DD,,,2015,,
6.0,BOB,KOMEN,2015-07-29 00:00:00,300,21.1,91,2,990,30,5,DD,,,2015,,
6.0,BOB,KOMEN,2015-07-29 00:00:00,600,21.2,91.1,2,990,30,5,DD,,,2015,,
6.0,BOB,KOMEN,2015-07-29 00:00:00,1200,21.5,91.4,2,988,30,6,DD,,,2015,,
6.0,BOB,KOMEN,2015-07-29 00:00:00,1800,21.6,91.4,2.5,986,35,7,CS,,,2015,,
6.0,BOB,KOMEN,2015-07-30 00:00:00,0,21.7,91.4,2.5,986,35,7,CS,,,2015,,
6.0,BOB,KOMEN,2015-07-30 00:00:00,300,22,91.4,2.5,986,35,7,CS,,,2015,,
6.0,BOB,KOMEN,2015-07-30 00:00:00,600,22.2,91.4,2.5,986,40,8,CS,,,2015,,
6.0,BOB,KOMEN,2015-07-30 00:00:00,900,22.3,91.4,2.5,986,40,8,CS,,,2015,,
6.0,BOB,KOMEN,2015-07-30 00:00:00,1200,22.4,91.4,2.5,988,35,7,CS,,,2015,,
6.0,BOB,KOMEN,2015-07-30 00:00:00,1500,22.6,91.3,-,988,35,7,CS,,,2015,,
6.0,BOB,KOMEN,2015-07-30 00:00:00,1800,22.8,91.1,-,988,35,7,CS,,,2015,,
6.0,BOB,KOMEN,2015-07-30 00:00:00,2100,23,91,-,988,30,6,DD,,,2015,,
6.0,BOB,KOMEN,2015-07-31 00:00:00,0,23.1,90,-,990,30,5,DD,,,2015,,
6.0,BOB,KOMEN,2015-07-31 00:00:00,300,23.1,90,-,990,30,5,DD,,,2015,,
6.0,BOB,KOMEN,2015-07-31 00:00:00,600,23.1,89.8,-,992,30,5,DD,,,2015,,
6.0,BOB,KOMEN,2015-07-31 00:00:00,1200,23.1,89.5,-,994,25,4,D,,,2015,,
6.0,BOB,KOMEN,2015-07-31 00:00:00,1800,23.1,89.4,-,994,25,4,D,,,2015,,
6.0,BOB,KOMEN,2015-08-01 00:00:00,0,23.2,89.2,-,994,20,4,D,,,2015,,
6.0,BOB,KOMEN,2015-08-01 00:00:00,300,23.2,89.2,-,994,20,4,D,,,2015,,
6.0,BOB,KOMEN,2015-08-01 00:00:00,600,23.5,88.8,-,994,20,4,D,,,2015,,
6.0,BOB,KOMEN,2015-08-01 00:00:00,1200,23.8,88.4,-,994,20,4,D,,,2015,,
6.0,BOB,KOMEN,2015-08-01 00:00:00,1800,23.8,87.5,-,994,20,4,D,,,2015,,
6.0,BOB,KOMEN,2015-08-02 00:00:00,0,23.8,86.7,-,996,20,3,D,,,2015,,
6.0,BOB,KOMEN,2015-08-02 00:00:00,300,23.5,86,-,996,20,3,D,,,2015,,
6.0,BOB,KOMEN,2015-08-02 00:00:00,600,23.3,85.7,-,996,20,3,D,,,2015,,
6.0,BOB,KOMEN,2015-08-02 00:00:00,900,23.1,85.5,-,996,20,3,D,,,2015,,
7.0,LAND,,2015-08-04 00:00:00,300,22.7,80.5,-,998,25,3,D,,,2015,,
7.0,LAND,,2015-08-04 00:00:00,600,22.7,80,-,998,25,3,D,,,2015,,
7.0,LAND,,2015-08-04 00:00:00,900,22.7,79.5,-,998,25,3,D,,,2015,,
7.0,LAND,,2015-08-04 00:00:00,1200,22.7,77.8,-,998,25,4,D,,,2015,,
7.0,LAND,,2015-08-04 00:00:00,1800,22.7,77.8,-,998,25,4,D,,,2015,,
8.0,LAND,,2015-09-16 00:00:00,300,19.6,83.5,-,998,25,3,D,,,2015,,
8.0,LAND,,2015-09-16 00:00:00,600,20.3,83,-,998,25,3,D,,,2015,,
8.0,LAND,,2015-09-16 00:00:00,900,20.4,82.7,-,998,25,3,D,,,2015,,
8.0,LAND,,2015-09-16 00:00:00,1200,20.5,82.5,-,998,25,4,D,,,2015,,
8.0,LAND,,2015-09-16 00:00:00,1500,20.6,82,-,998,25,4,D,,,2015,,
8.0,LAND,,2015-09-16 00:00:00,1800,20.8,81.9,-,998,25,4,D,,,2015,,
8.0,LAND,,2015-09-16 00:00:00,2100,21,81.9,-,998,25,4,D,,,2015,,
8.0,LAND,,2015-09-17 00:00:00,0,21.1,81.5,-,998,25,4,D,,,2015,,
8.0,LAND,,2015-09-17 00:00:00,300,21,79.5,-,998,30,4,DD,,,2015,,
8.0,LAND,,2015-09-17 00:00:00,600,20.5,79.5,-,998,30,4,DD,,,2015,,
8.0,LAND,,2015-09-17 00:00:00,900,20,79.5,-,998,30,4,DD,,,2015,,
8.0,LAND,,2015-09-17 00:00:00,1200,20.5,79,-,996,30,5,DD,,,2015,,
8.0,LAND,,2015-09-17 00:00:00,1500,20,77.5,-,996,30,5,DD,,,2015,,
8.0,LAND,,2015-09-17 00:00:00,1800,20,77,-,996,30,5,DD,,,2015,,
8.0,LAND,,2015-09-17 00:00:00,2100,20,76.4,-,996,30,5,DD,,,2015,,
8.0,LAND,,2015-09-18 00:00:00,0,20.8,77.4,-,996,25,5,DD,,,2015,,
8.0,LAND,,2015-09-18 00:00:00,300,20.7,77,-,996,30,4,D,,,2015,,
8.0,LAND,,2015-09-18 00:00:00,600,20,77,-,998,30,4,D,,,2015,,
8.0,LAND,,2015-09-18 00:00:00,900,20.7,76.5,-,998,25,4,D,,,2015,,
8.0,LAND,,2015-09-18 00:00:00,1200,20.5,76,-,998,25,4,D,,,2015,,
8.0,LAND,,2015-09-18 00:00:00,1500,20.5,75.8,-,998,25,4,D,,,2015,,
8.0,LAND,,2015-09-18 00:00:00,1800,20.5,75.5,-,998,25,4,D,,,2015,,
8.0,LAND,,2015-09-18 00:00:00,2100,20.8,75,-,998,25,4,D,,,2015,,
8.0,LAND,,2015-09-19 00:00:00,0,21,74.5,-,998,25,4,D,,,2015,,
9.0,ARB,,2015-10-09 00:00:00,0,14,70.3,1.5,1004,25,3,D,,,2015,,
9.0,ARB,,2015-10-09 00:00:00,300,14,70.3,1.5,1004,25,4,D,,,2015,,
9.0,ARB,,2015-10-09 00:00:00,600,14.1,70.3,1.5,1004,25,4,D,,,2015,,
9.0,ARB,,2015-10-09 00:00:00,1200,14.3,70.2,1.5,1002,25,4,D,,,2015,,
9.0,ARB,,2015-10-09 00:00:00,1800,14.7,69.9,2,1001,30,5,DD,,,2015,,
9.0,ARB,,2015-10-10 00:00:00,0,15,69.6,2,1001,30,5,DD,,,2015,,
9.0,ARB,,2015-10-10 00:00:00,300,15.1,69.5,2,1001,30,5,DD,,,2015,,
9.0,ARB,,2015-10-10 00:00:00,600,15.1,69.4,2,1000,30,6,DD,,,2015,,
9.0,ARB,,2015-10-10 00:00:00,1200,15.2,69.3,2,1000,30,6,DD,,,2015,,
9.0,ARB,,2015-10-10 00:00:00,1800,15.3,69.2,2,1000,30,6,DD,,,2015,,
9.0,ARB,,2015-10-11 00:00:00,0,15.5,69.2,2,1001,30,5,DD,,,2015,,
9.0,ARB,,2015-10-11 00:00:00,300,15.6,69.2,1.5,1003,25,4,D,,,2015,,
9.0,ARB,,2015-10-11 00:00:00,600,15.7,69.2,1.5,1003,25,4,D,,,2015,,
9.0,ARB,,2015-10-11 00:00:00,1200,15.9,69.2,1.5,1004,25,3,D,,,2015,,
9.0,ARB,,2015-10-11 00:00:00,1800,16,69.2,1.5,1004,25,3,D,,,2015,,
9.0,ARB,,2015-10-12 00:00:00,0,16.1,69,1.5,1004,20,3,D,,,2015,,
10.0,ARB,CHAPALA,2015-10-28 00:00:00,300,11.5,65,1.5,1005,25,3,D,,,2015,,
10.0,ARB,CHAPALA,2015-10-28 00:00:00,600,11.8,64.9,2,1004,25,4,D,,,2015,,
10.0,ARB,CHAPALA,2015-10-28 00:00:00,1200,12.5,64.7,2,1001,30,5,DD,,,2015,,
10.0,ARB,CHAPALA,2015-10-28 00:00:00,1800,13,64.7,2,1001,30,5,DD,,,2015,,
10.0,ARB,CHAPALA,2015-10-29 00:00:00,0,13.7,64.3,2.5,999,35,7,CS,,,2015,,
10.0,ARB,CHAPALA,2015-10-29 00:00:00,300,13.8,64.2,2.5,997,40,9,CS,,,2015,,
10.0,ARB,CHAPALA,2015-10-29 00:00:00,600,13.9,63.8,3,996,45,10,CS,,,2015,,
10.0,ARB,CHAPALA,2015-10-29 00:00:00,900,14,63.5,3,994,50,12,SCS,,,2015,,
10.0,ARB,CHAPALA,2015-10-29 00:00:00,1200,14.1,63.3,3.5,990,55,16,SCS,,,2015,,
10.0,ARB,CHAPALA,2015-10-29 00:00:00,1500,14.3,62.8,3.5,988,60,18,SCS,,,2015,,
10.0,ARB,CHAPALA,2015-10-29 00:00:00,1800,14.3,62.5,4,984,65,22,VSCS,,,2015,,
10.0,ARB,CHAPALA,2015-10-29 00:00:00,2100,14.3,62.3,4.5,976,75,30,VSCS,,,2015,,
10.0,ARB,CHAPALA,2015-10-30 00:00:00,0,14.3,61.8,5,966,90,40,ESCS,,,2015,,
10.0,ARB,CHAPALA,2015-10-30 00:00:00,300,14.3,61.5,5.5,954,105,52,ESCS,,,2015,,
10.0,ARB,CHAPALA,2015-10-30 00:00:00,600,14.3,61.1,5.5,948,110,58,ESCS,,,2015,,
10.0,ARB,CHAPALA,2015-10-30 00:00:00,900,14.2,60.8,6,940,115,66,ESCS,,,2015,,
10.0,ARB,CHAPALA,2015-10-30 00:00:00,1200,14.1,60.6,6,940,115,66,ESCS,,,2015,,
10.0,ARB,CHAPALA,2015-10-30 00:00:00,1500,14,60.4,6,940,115,66,ESCS,,,2015,,
10.0,ARB,CHAPALA,2015-10-30 00:00:00,1800,13.9,60.2,6,940,115,66,ESCS,,,2015,,
10.0,ARB,CHAPALA,2015-10-30 00:00:00,2100,13.9,59.9,6,942,115,64,ESCS,,,2015,,
10.0,ARB,CHAPALA,2015-10-31 00:00:00,0,13.9,59.6,5.5,944,110,62,ESCS,,,2015,,
10.0,ARB,CHAPALA,2015-10-31 00:00:00,300,13.8,59.2,5.5,946,110,60,ESCS,,,2015,,
10.0,ARB,CHAPALA,2015-10-31 00:00:00,600,13.8,58.7,5.5,950,105,56,ESCS,,,2015,,
10.0,ARB,CHAPALA,2015-10-31 00:00:00,900,13.8,58.3,5.5,950,105,56,ESCS,,,2015,,
10.0,ARB,CHAPALA,2015-10-31 00:00:00,1200,13.8,57.9,5.5,950,105,56,ESCS,,,2015,,
10.0,ARB,CHAPALA,2015-10-31 00:00:00,1500,13.8,57.5,5.5,950,105,56,ESCS,,,2015,,
10.0,ARB,CHAPALA,2015-10-31 00:00:00,1800,13.8,57.2,5.5,950,105,56,ESCS,,,2015,,
10.0,ARB,CHAPALA,2015-10-31 00:00:00,2100,13.7,56.8,5.5,950,105,56,ESCS,,,2015,,
10.0,ARB,CHAPALA,2015-11-01 00:00:00,0,13.7,56.4,5.5,950,105,56,ESCS,,,2015,,
10.0,ARB,CHAPALA,2015-11-01 00:00:00,300,13.6,56.1,5.5,952,105,54,ESCS,,,2015,,
10.0,ARB,CHAPALA,2015-11-01 00:00:00,600,13.6,55.6,5.5,954,100,52,ESCS,,,2015,,
10.0,ARB,CHAPALA,2015-11-01 00:00:00,900,13.6,55.1,5.5,956,100,50,ESCS,,,2015,,
10.0,ARB,CHAPALA,2015-11-01 00:00:00,1200,13.6,54.6,5.5,956,100,50,ESCS,,,2015,,
10.0,ARB,CHAPALA,2015-11-01 00:00:00,1500,13.6,54.2,5.5,956,100,50,ESCS,,,2015,,
10.0,ARB,CHAPALA,2015-11-01 00:00:00,1800,13.4,53.7,5.5,956,100,50,ESCS,,,2015,,
10.0,ARB,CHAPALA,2015-11-01 00:00:00,2100,13.3,53.1,5.5,956,100,50,ESCS,,,2015,,
10.0,ARB,CHAPALA,2015-11-02 00:00:00,0,13.2,52.5,5.5,958,100,48,ESCS,,,2015,,
10.0,ARB,CHAPALA,2015-11-02 00:00:00,300,13.2,52.2,5,960,95,46,ESCS,,,2015,,
10.0,ARB,CHAPALA,2015-11-02 00:00:00,600,13.3,51.6,5,964,90,42,ESCS,,,2015,,
10.0,ARB,CHAPALA,2015-11-02 00:00:00,900,13.3,51,5,966,90,40,ESCS,,,2015,,
10.0,ARB,CHAPALA,2015-11-02 00:00:00,1200,13.4,50.5,4.5,968,85,38,VSCS,,,2015,,
10.0,ARB,CHAPALA,2015-11-02 00:00:00,1500,13.5,50,4.5,970,85,36,VSCS,,,2015,,
10.0,ARB,CHAPALA,2015-11-02 00:00:00,1800,13.7,49.6,4.5,974,80,32,VSCS,,,2015,,
10.0,ARB,CHAPALA,2015-11-02 00:00:00,2100,13.8,49.3,4,978,75,28,VSCS,,,2015,,
10.0,ARB,CHAPALA,2015-11-03 00:00:00,0,14,48.8,4,984,65,22,VSCS,,,2015,,
10.0,ARB,CHAPALA,2015-11-03 00:00:00,300,14.2,48.4,-,990,55,16,SCS,,,2015,,
10.0,ARB,CHAPALA,2015-11-03 00:00:00,600,14.2,47.8,-,996,45,10,CS,,,2015,,
10.0,ARB,CHAPALA,2015-11-03 00:00:00,900,14.2,47.6,-,998,40,8,CS,,,2015,,
10.0,ARB,CHAPALA,2015-11-03 00:00:00,1200,14.2,47.3,-,998,40,8,CS,,,2015,,
10.0,ARB,CHAPALA,2015-11-03 00:00:00,1500,14.2,47.1,-,998,40,8,CS,,,2015,,
10.0,ARB,CHAPALA,2015-11-03 00:00:00,1800,14.3,47,-,1001,30,5,DD,,,2015,,
10.0,ARB,CHAPALA,2015-11-04 00:00:00,0,14.8,46.5,-,1003,25,3,D,,,2015,,
11.0,ARB,MEGH,2015-11-05 00:00:00,0,14.1,66,1.5,1006,25,3,D,,,2015,,
11.0,ARB,MEGH,2015-11-05 00:00:00,300,14.1,65.6,1.5,1004,25,4,D,,,2015,,
11.0,ARB,MEGH,2015-11-05 00:00:00,600,14.1,64.8,2,1002,30,5,DD,,,2015,,
11.0,ARB,MEGH,2015-11-05 00:00:00,1200,14,64,2.5,998,35,7,CS,,,2015,,
11.0,ARB,MEGH,2015-11-05 00:00:00,1500,13.9,63.7,2.5,996,40,8,CS,,,2015,,
11.0,ARB,MEGH,2015-11-05 00:00:00,1800,13.9,63.4,3,994,45,10,CS,,,2015,,
11.0,ARB,MEGH,2015-11-05 00:00:00,2100,13.8,63,3,994,45,10,CS,,,2015,,
11.0,ARB,MEGH,2015-11-06 00:00:00,0,13.7,62.5,3,994,45,10,CS,,,2015,,
11.0,ARB,MEGH,2015-11-06 00:00:00,300,13.5,62.2,3,994,45,10,CS,,,2015,,
11.0,ARB,MEGH,2015-11-06 00:00:00,600,13.2,61.9,3,994,45,10,CS,,,2015,,
11.0,ARB,MEGH,2015-11-06 00:00:00,900,13.1,61.5,3,994,45,10,CS,,,2015,,
11.0,ARB,MEGH,2015-11-06 00:00:00,1200,13,61,3,994,45,10,CS,,,2015,,
11.0,ARB,MEGH,2015-11-06 00:00:00,1500,12.9,60.8,3,994,45,10,CS,,,2015,,
11.0,ARB,MEGH,2015-11-06 00:00:00,1800,12.9,60.6,3,994,45,10,CS,,,2015,,
11.0,ARB,MEGH,2015-11-06 00:00:00,2100,12.8,60.4,3,994,45,10,CS,,,2015,,
11.0,ARB,MEGH,2015-11-07 00:00:00,0,12.8,60.1,3,994,45,10,CS,,,2015,,
11.0,ARB,MEGH,2015-11-07 00:00:00,300,12.8,59.6,3,994,45,10,CS,,,2015,,
11.0,ARB,MEGH,2015-11-07 00:00:00,600,12.7,59.2,3,992,50,12,SCS,,,2015,,
11.0,ARB,MEGH,2015-11-07 00:00:00,900,12.6,58.8,3.5,990,55,16,SCS,,,2015,,
11.0,ARB,MEGH,2015-11-07 00:00:00,1200,12.7,58.4,3.5,988,60,18,SCS,,,2015,,
11.0,ARB,MEGH,2015-11-07 00:00:00,1500,12.6,57.9,4,984,65,22,VSCS,,,2015,,
11.0,ARB,MEGH,2015-11-07 00:00:00,1800,12.7,57.3,4,980,70,26,VSCS,,,2015,,
11.0,ARB,MEGH,2015-11-07 00:00:00,2100,12.7,56.7,4.5,976,80,32,VSCS,,,2015,,
11.0,ARB,MEGH,2015-11-08 00:00:00,0,12.7,56.1,4.5,974,85,36,VSCS,,,2015,,
11.0,ARB,MEGH,2015-11-08 00:00:00,300,12.7,55.5,5,968,90,40,ESCS,,,2015,,
11.0,ARB,MEGH,2015-11-08 00:00:00,600,12.7,54.9,5,964,95,44,ESCS,,,2015,,
11.0,ARB,MEGH,2015-11-08 00:00:00,900,12.7,54.2,5,964,95,44,ESCS,,,2015,,
11.0,ARB,MEGH,2015-11-08 00:00:00,1200,12.7,53.5,5,970,90,40,ESCS,,,2015,,
11.0,ARB,MEGH,2015-11-08 00:00:00,1500,12.7,52.9,5,970,90,40,ESCS,,,2015,,
11.0,ARB,MEGH,2015-11-08 00:00:00,1800,12.5,52.4,5,970,90,40,ESCS,,,2015,,
11.0,ARB,MEGH,2015-11-08 00:00:00,2100,12.5,51.7,5,970,90,40,ESCS,,,2015,,
11.0,ARB,MEGH,2015-11-09 00:00:00,0,12.3,51,4.5,974,85,36,VSCS,,,2015,,
11.0,ARB,MEGH,2015-11-09 00:00:00,300,12.3,50.3,4.5,976,80,32,VSCS,,,2015,,
11.0,ARB,MEGH,2015-11-09 00:00:00,600,12.3,49.6,4.5,978,80,30,VSCS,,,2015,,
11.0,ARB,MEGH,2015-11-09 00:00:00,900,12.4,48.8,4,980,75,28,VSCS,,,2015,,
11.0,ARB,MEGH,2015-11-09 00:00:00,1200,12.5,48,4,982,70,26,VSCS,,,2015,,
11.0,ARB,MEGH,2015-11-09 00:00:00,1500,12.5,47.6,4,986,65,22,VSCS,,,2015,,
11.0,ARB,MEGH,2015-11-09 00:00:00,1800,12.6,47.2,4,988,65,20,VSCS,,,2015,,
11.0,ARB,MEGH,2015-11-09 00:00:00,2100,12.7,46.8,3.5,990,60,18,SCS,,,2015,,
11.0,ARB,MEGH,2015-11-10 00:00:00,0,12.9,46.4,3,996,50,14,SCS,,,2015,,
11.0,ARB,MEGH,2015-11-10 00:00:00,300,13.1,46.2,3,998,40,12,CS,,,2015,,
11.0,ARB,MEGH,2015-11-10 00:00:00,600,13.3,46.1,2,1003,30,5,DD,,,2015,,
11.0,ARB,MEGH,2015-11-10 00:00:00,1200,13.6,46.5,1.5,1005,25,3,D,,,2015,,
12.0,BOB,,2015-11-08 00:00:00,300,10.7,83.7,1.5,1003,25,3,D,,,2015,,
12.0,BOB,,2015-11-08 00:00:00,600,10.8,83.2,1.5,1003,25,3,D,,,2015,,
12.0,BOB,,2015-11-08 00:00:00,1200,11,82.5,1.5,1002,25,4,D,,,2015,,
12.0,BOB,,2015-11-08 00:00:00,1800,11.2,81.4,2,1000,30,5,DD,,,2015,,
12.0,BOB,,2015-11-09 00:00:00,0,11.4,80.7,2,999,30,6,DD,,,2015,,
12.0,BOB,,2015-11-09 00:00:00,300,11.6,80.3,2,998,30,6,DD,,,2015,,
12.0,BOB,,2015-11-09 00:00:00,600,11.7,80.1,2,996,30,6,DD,,,2015,,
12.0,BOB,,2015-11-09 00:00:00,1200,12.1,80,2,996,30,6,DD,,,2015,,
12.0,BOB,,2015-11-09 00:00:00,1800,12.4,79.9,-,998,30,6,DD,,,2015,,
12.0,BOB,,2015-11-10 00:00:00,0,12.4,79.6,-,1000,30,5,DD,,,2015,,
12.0,BOB,,2015-11-10 00:00:00,300,12.4,79.3,-,1002,20,4,D,,,2015,,
1.0,BOB,ROANU,2016-05-17 00:00:00,300,11,81,1.5,1000,25,3,D,,,2016,,
1.0,BOB,ROANU,2016-05-17 00:00:00,600,11.3,80.9,1.5,999,25,3,D,,,2016,,
1.0,BOB,ROANU,2016-05-17 00:00:00,1200,12,80.7,1.5,998,25,3,D,,,2016,,
1.0,BOB,ROANU,2016-05-17 00:00:00,1800,12.5,80.7,1.5,998,25,4,D,,,2016,,
1.0,BOB,ROANU,2016-05-18 00:00:00,0,13,80.8,1.5,998,25,4,D,,,2016,,
1.0,BOB,ROANU,2016-05-18 00:00:00,300,13.3,81,2,997,30,5,DD,,,2016,,
1.0,BOB,ROANU,2016-05-18 00:00:00,600,13.8,81,2,996,30,5,DD,,,2016,,
1.0,BOB,ROANU,2016-05-18 00:00:00,1200,14.4,81,2,996,30,5,DD,,,2016,,
1.0,BOB,ROANU,2016-05-18 00:00:00,1800,14.4,81,2,994,30,7,DD,,,2016,,
1.0,BOB,ROANU,2016-05-19 00:00:00,0,15.1,81.4,2.5,990,35,7,CS,,,2016,,
1.0,BOB,ROANU,2016-05-19 00:00:00,300,15.6,81.6,2.5,990,35,8,CS,,,2016,,
1.0,BOB,ROANU,2016-05-19 00:00:00,600,15.6,81.6,2.5,988,40,8,CS,,,2016,,
1.0,BOB,ROANU,2016-05-19 00:00:00,1200,16,81.9,2.5,988,40,8,CS,,,2016,,
1.0,BOB,ROANU,2016-05-19 00:00:00,1500,16.2,82.2,2.5,988,40,8,CS,,,2016,,
1.0,BOB,ROANU,2016-05-19 00:00:00,1800,16.4,82.6,2.5,988,40,8,CS,,,2016,,
1.0,BOB,ROANU,2016-05-19 00:00:00,2100,16.8,82.8,2.5,988,40,8,CS,,,2016,,
1.0,BOB,ROANU,2016-05-20 00:00:00,0,17.2,83.3,2.5,988,40,8,CS,,,2016,,
1.0,BOB,ROANU,2016-05-20 00:00:00,300,18,84.2,2.5,988,40,8,CS,,,2016,,
1.0,BOB,ROANU,2016-05-20 00:00:00,600,18.4,84.6,2.5,988,40,9,CS,,,2016,,
1.0,BOB,ROANU,2016-05-20 00:00:00,900,18.8,85,2.5,988,40,9,CS,,,2016,,
1.0,BOB,ROANU,2016-05-20 00:00:00,1200,19.7,86.5,2.5,988,40,9,CS,,,2016,,
1.0,BOB,ROANU,2016-05-20 00:00:00,1500,20.1,87.1,2.5,986,40,9,CS,,,2016,,
1.0,BOB,ROANU,2016-05-20 00:00:00,1800,20.4,87.7,2.5,984,45,11,CS,,,2016,,
1.0,BOB,ROANU,2016-05-20 00:00:00,2100,20.7,88.4,2.5,983,45,11,CS,,,2016,,
1.0,BOB,ROANU,2016-05-21 00:00:00,0,21,89,3,983,45,11,CS,,,2016,,
1.0,BOB,ROANU,2016-05-21 00:00:00,300,21.5,90.3,3,983,45,11,CS,,,2016,,
1.0,BOB,ROANU,2016-05-21 00:00:00,600,21.9,91,3,983,45,11,CS,,,2016,,
1.0,BOB,ROANU,2016-05-21 00:00:00,900,22.5,91.5,3,983,45,11,CS,,,2016,,
1.0,BOB,ROANU,2016-05-21 00:00:00,1200,22.8,92,,990,35,6,CS,,,2016,,
1.0,BOB,ROANU,2016-05-21 00:00:00,1500,23.5,93,,992,30,4,DD,,,2016,,
1.0,BOB,ROANU,2016-05-21 00:00:00,1800,24,94,,994,30,4,DD,,,2016,,
1.0,BOB,ROANU,2016-05-22 00:00:00,0,24.5,94.7,,996,20,3,D,,,2016,,
2.0,ARB,,2016-06-27 00:00:00,900,21.5,64.5,1.5,996,25,4,D,,,2016,,
2.0,ARB,,2016-06-27 00:00:00,1200,21.5,64,1.5,996,25,4,D,,,2016,,
2.0,ARB,,2016-06-27 00:00:00,1800,21.5,64,1.5,996,25,4,D,,,2016,,
2.0,ARB,,2016-06-28 00:00:00,0,21.8,64,1.5,996,25,4,D,,,2016,,
2.0,ARB,,2016-06-28 00:00:00,300,21.3,62.5,1.5,996,25,4,D,,,2016,,
2.0,ARB,,2016-06-28 00:00:00,600,21.3,62.5,1.5,996,25,4,D,,,2016,,
2.0,ARB,,2016-06-28 00:00:00,1200,20.8,62.3,1.5,996,25,4,D,,,2016,,
2.0,ARB,,2016-06-28 00:00:00,1800,20.3,62.4,1.5,996,25,4,D,,,2016,,
2.0,ARB,,2016-06-29 00:00:00,0,20.3,62.3,1.5,996,25,4,D,,,2016,,
3.0,LAND,,2016-07-06 00:00:00,300,24.8,81.5,-,996,25,3,D,,,2016,,
3.0,LAND,,2016-07-06 00:00:00,600,24.8,81.5,-,996,25,4,D,,,2016,,
3.0,LAND,,2016-07-06 00:00:00,1200,24.8,81,-,996,25,4,D,,,2016,,
3.0,LAND,,2016-07-06 00:00:00,1800,24.8,81,-,996,25,4,D,,,2016,,
3.0,LAND,,2016-07-07 00:00:00,0,24.8,81,-,996,25,4,D,,,2016,,
4.0,LAND,,2016-08-09 00:00:00,900,22,88.5,-,996,25,4,D,,,2016,,
4.0,LAND,,2016-08-09 00:00:00,1200,22,88.5,-,996,25,4,D,,,2016,,
4.0,LAND,,2016-08-09 00:00:00,1800,22.5,89,-,995,25,4,D,,,2016,,
4.0,LAND,,2016-08-10 00:00:00,0,22.8,89.7,-,995,25,4,D,,,2016,,
4.0,LAND,,2016-08-10 00:00:00,300,23,89.4,-,994,30,5,DD,,,2016,,
4.0,LAND,,2016-08-10 00:00:00,600,23.1,89.3,-,994,30,5,DD,,,2016,,
4.0,LAND,,2016-08-10 00:00:00,1200,23.4,89.1,-,994,30,5,DD,,,2016,,
4.0,LAND,,2016-08-10 00:00:00,1800,23.6,88.5,-,994,30,5,DD,,,2016,,
4.0,LAND,,2016-08-11 00:00:00,0,23.8,87.8,-,994,30,5,DD,,,2016,,
4.0,LAND,,2016-08-11 00:00:00,300,24,87.4,-,994,30,5,DD,,,2016,,
4.0,LAND,,2016-08-11 00:00:00,600,24,87,-,996,25,4,D,,,2016,,
4.0,LAND,,2016-08-11 00:00:00,1200,24,86.5,-,996,25,4,D,,,2016,,
4.0,LAND,,2016-08-11 00:00:00,1800,24,85.7,-,996,25,4,D,,,2016,,
4.0,LAND,,2016-08-12 00:00:00,0,24,85,-,996,25,4,D,,,2016,,
4.0,LAND,,2016-08-12 00:00:00,300,24,84.5,-,996,25,4,D,,,2016,,
4.0,LAND,,2016-08-12 00:00:00,600,24,84.5,-,996,25,4,D,,,2016,,
4.0,LAND,,2016-08-12 00:00:00,1200,24.2,84.5,-,996,25,4,D,,,2016,,
4.0,LAND,,2016-08-12 00:00:00,1800,24.4,84,-,996,20,3,D,,,2016,,
5.0,BOB,,2016-08-16 00:00:00,1200,21,89,1.5,996,20,3,D,,,2016,,
5.0,BOB,,2016-08-16 00:00:00,1800,21.2,88.7,1.5,996,20,3,D,,,2016,,
5.0,BOB,,2016-08-16 00:00:00,0,21.4,88.4,1.5,996,20,3,D,,,2016,,
5.0,BOB,,2016-08-17 00:00:00,300,21.5,88.5,1.5,996,20,3,D,,,2016,,
5.0,BOB,,2016-08-17 00:00:00,600,21.5,88.5,1.5,996,20,3,D,,,2016,,
5.0,BOB,,2016-08-17 00:00:00,1200,22,88.2,-,994,25,4,DD,,,2016,,
5.0,BOB,,2016-08-17 00:00:00,1800,22.9,86.9,-,994,25,4,DD,,,2016,,
5.0,BOB,,2016-08-18 00:00:00,0,23.7,85.7,-,994,25,4,DD,,,2016,,
5.0,BOB,,2016-08-18 00:00:00,300,24,85,-,994,25,4,DD,,,2016,,
5.0,BOB,,2016-08-18 00:00:00,600,24,84.4,-,994,25,4,DD,,,2016,,
5.0,BOB,,2016-08-18 00:00:00,1200,24.1,83.4,-,994,25,4,DD,,,2016,,
5.0,BOB,,2016-08-18 00:00:00,1800,24.4,82.7,-,994,25,4,DD,,,2016,,
5.0,BOB,,2016-08-19 00:00:00,0,24.7,82.1,-,994,25,4,DD,,,2016,,
5.0,BOB,,2016-08-19 00:00:00,300,25,82.3,-,994,25,4,DD,,,2016,,
5.0,BOB,,2016-08-19 00:00:00,600,24.8,80.6,-,994,25,4,DD,,,2016,,
5.0,BOB,,2016-08-19 00:00:00,1200,24.7,79,-,994,25,4,DD,,,2016,,
5.0,BOB,,2016-08-19 00:00:00,1800,24.7,78.4,-,994,25,4,DD,,,2016,,
5.0,BOB,,2016-08-20 00:00:00,0,24.7,77.8,-,994,25,4,DD,,,2016,,
5.0,BOB,,2016-08-20 00:00:00,300,24.8,77.5,-,994,25,4,DD,,,2016,,
5.0,BOB,,2016-08-20 00:00:00,600,24.8,77.3,-,994,25,4,DD,,,2016,,
5.0,BOB,,2016-08-20 00:00:00,1200,24.8,77.2,-,994,20,4,DD,,,2016,,
5.0,BOB,,2016-08-20 00:00:00,1800,25,76.5,-,996,15,3,D,,,2016,,
6.0,BOB,KYANT,2016-10-21 00:00:00,0,13.5,88.5,1.5,1003,25,3,D,,,2016,,
6.0,BOB,KYANT,2016-10-21 00:00:00,300,13.6,88.8,1.5,1003,25,3,D,,,2016,,
6.0,BOB,KYANT,2016-10-21 00:00:00,600,13.7,89.3,1.5,1003,25,3,D,,,2016,,
6.0,BOB,KYANT,2016-10-21 00:00:00,1200,13.9,89.8,1.5,1003,25,3,D,,,2016,,
6.0,BOB,KYANT,2016-10-21 00:00:00,1800,13.9,89.9,1.5,1003,25,3,D,,,2016,,
6.0,BOB,KYANT,2016-10-22 00:00:00,0,13.9,90,1.5,1002,25,4,D,,,2016,,
6.0,BOB,KYANT,2016-10-22 00:00:00,300,14,90.5,1.5,1002,25,4,D,,,2016,,
6.0,BOB,KYANT,2016-10-22 00:00:00,600,14.5,91.3,1.5,1002,25,4,D,,,2016,,
6.0,BOB,KYANT,2016-10-22 00:00:00,1200,14.9,92,1.5,1002,25,4,D,,,2016,,
6.0,BOB,KYANT,2016-10-22 00:00:00,1800,15.2,92.5,1.5,1002,25,4,D,,,2016,,
6.0,BOB,KYANT,2016-10-23 00:00:00,0,15.5,93,1.5,1002,25,4,D,,,2016,,
6.0,BOB,KYANT,2016-10-23 00:00:00,300,15.5,93,2,1000,30,5,DD,,,2016,,
6.0,BOB,KYANT,2016-10-23 00:00:00,600,15.5,93,2,1000,30,5,DD,,,2016,,
6.0,BOB,KYANT,2016-10-23 00:00:00,1200,15.7,93.1,2,1000,30,5,DD,,,2016,,
6.0,BOB,KYANT,2016-10-23 00:00:00,1800,16,93.2,2,1000,30,5,DD,,,2016,,
6.0,BOB,KYANT,2016-10-24 00:00:00,0,16.4,93.2,2,1000,30,5,DD,,,2016,,
6.0,BOB,KYANT,2016-10-24 00:00:00,300,16.4,93.2,2,1000,30,5,DD,,,2016,,
6.0,BOB,KYANT,2016-10-24 00:00:00,600,16.5,93.1,2,1000,30,5,DD,,,2016,,
6.0,BOB,KYANT,2016-10-24 00:00:00,1200,16.7,92.7,2,1000,30,5,DD,,,2016,,
6.0,BOB,KYANT,2016-10-24 00:00:00,1800,16.8,92.3,2,1000,30,5,DD,,,2016,,
6.0,BOB,KYANT,2016-10-25 00:00:00,0,16.9,91.7,2,1000,30,5,DD,,,2016,,
6.0,BOB,KYANT,2016-10-25 00:00:00,300,17,91.2,2.5,998,35,6,CS,,,2016,,
6.0,BOB,KYANT,2016-10-25 00:00:00,600,17,90.9,2.5,998,35,6,CS,,,2016,,
6.0,BOB,KYANT,2016-10-25 00:00:00,900,16.8,90.6,2.5,998,35,6,CS,,,2016,,
6.0,BOB,KYANT,2016-10-25 00:00:00,1200,16.9,90.5,2.5,998,35,6,CS,,,2016,,
6.0,BOB,KYANT,2016-10-25 00:00:00,1500,16.7,90.2,2.5,998,35,6,CS,,,2016,,
6.0,BOB,KYANT,2016-10-25 00:00:00,1800,16.7,89.8,2.5,998,35,6,CS,,,2016,,
6.0,BOB,KYANT,2016-10-25 00:00:00,2100,16.5,89.6,2.5,997,35,7,CS,,,2016,,
6.0,BOB,KYANT,2016-10-26 00:00:00,0,16.6,89,2.5,996,40,8,CS,,,2016,,
6.0,BOB,KYANT,2016-10-26 00:00:00,300,16.6,88.5,2.5,996,40,8,CS,,,2016,,
6.0,BOB,KYANT,2016-10-26 00:00:00,600,16.5,88,2.5,996,40,8,CS,,,2016,,
6.0,BOB,KYANT,2016-10-26 00:00:00,900,16.4,87.5,2.5,996,40,8,CS,,,2016,,
6.0,BOB,KYANT,2016-10-26 00:00:00,1200,16.3,87,2.5,996,40,8,CS,,,2016,,
6.0,BOB,KYANT,2016-10-26 00:00:00,1500,16.2,86.6,2.5,997,40,7,CS,,,2016,,
6.0,BOB,KYANT,2016-10-26 00:00:00,1800,16.1,86.4,2.5,998,35,6,CS,,,2016,,
6.0,BOB,KYANT,2016-10-26 00:00:00,2100,15.9,85.9,2,1000,30,5,DD,,,2016,,
6.0,BOB,KYANT,2016-10-27 00:00:00,0,15.7,85.5,2,1002,30,5,DD,,,2016,,
6.0,BOB,KYANT,2016-10-27 00:00:00,300,15.6,85,2,1002,30,5,DD,,,2016,,
6.0,BOB,KYANT,2016-10-27 00:00:00,600,15.6,84.5,2,1003,30,5,DD,,,2016,,
6.0,BOB,KYANT,2016-10-27 00:00:00,1200,15.5,83.5,1.5,1004,30,4,D,,,2016,,
6.0,BOB,KYANT,2016-10-27 00:00:00,1800,15.4,83,1.5,1004,25,3,D,,,2016,,
7.0,BOB,,2016-11-02 00:00:00,1800,12.7,88,1.5,1004,25,4,D,,,2016,,
7.0,BOB,,2016-11-03 00:00:00,0,13,87,1.5,1004,25,4,D,,,2016,,
7.0,BOB,,2016-11-03 00:00:00,300,13.4,86.5,1.5,1004,25,4,D,,,2016,,
7.0,BOB,,2016-11-03 00:00:00,600,13.7,86,1.5,1004,25,4,D,,,2016,,
7.0,BOB,,2016-11-03 00:00:00,1200,14.2,85.5,1.5,1004,25,4,D,,,2016,,
7.0,BOB,,2016-11-03 00:00:00,1800,14.6,85,1.5,1004,25,4,D,,,2016,,
7.0,BOB,,2016-11-04 00:00:00,0,15.5,84.8,1.5,1002,25,4,D,,,2016,,
7.0,BOB,,2016-11-04 00:00:00,300,16,84.7,1.5,1002,25,4,D,,,2016,,
7.0,BOB,,2016-11-04 00:00:00,600,16,84.7,1.5,1000,25,4,D,,,2016,,
7.0,BOB,,2016-11-04 00:00:00,1200,16.3,84.7,1.5,1000,25,4,D,,,2016,,
7.0,BOB,,2016-11-04 00:00:00,1800,16.9,85,1.5,1000,25,4,D,,,2016,,
7.0,BOB,,2016-11-05 00:00:00,0,17.7,86,1.5,1000,25,4,D,,,2016,,
7.0,BOB,,2016-11-05 00:00:00,300,18.3,87,1.5,1000,25,4,D,,,2016,,
7.0,BOB,,2016-11-05 00:00:00,600,18.5,87,1.5,1000,25,4,D,,,2016,,
7.0,BOB,,2016-11-05 00:00:00,1200,19,88.7,1.5,1000,25,4,D,,,2016,,
7.0,BOB,,2016-11-05 00:00:00,1800,19.5,89.5,1.5,1000,25,4,D,,,2016,,
7.0,BOB,,2016-11-06 00:00:00,0,20.5,91,1.5,1000,25,4,D,,,2016,,
7.0,BOB,,2016-11-06 00:00:00,300,21,91.5,1.5,1000,25,4,D,,,2016,,
7.0,BOB,,2016-11-06 00:00:00,600,21.5,91.8,1.5,1002,25,4,D,,,2016,,
7.0,BOB,,2016-11-06 00:00:00,900,21.6,91.9,1.5,1003,25,3,D,,,2016,,
8.0,BOB,NADA,2016-11-29 00:00:00,1200,6.5,87.5,1.5,1004,25,2,D,,,2016,,
8.0,BOB,NADA,2016-11-29 00:00:00,1800,7.2,86.7,1.5,1003,25,2,D,,,2016,,
8.0,BOB,NADA,2016-11-30 00:00:00,0,7.8,85.7,2,1002,30,3,DD,,,2016,,
8.0,BOB,NADA,2016-11-30 00:00:00,300,8.2,85.3,2.5,1002,35,4,CS,,,2016,,
8.0,BOB,NADA,2016-11-30 00:00:00,600,8.7,85,2.5,1002,35,4,CS,,,2016,,
8.0,BOB,NADA,2016-11-30 00:00:00,900,9.5,84.3,2.5,1002,35,4,CS,,,2016,,
8.0,BOB,NADA,2016-11-30 00:00:00,1200,9.8,84,2.5,1000,40,4,CS,,,2016,,
8.0,BOB,NADA,2016-11-30 00:00:00,1500,10,83.5,2.5,1000,40,4,CS,,,2016,,
8.0,BOB,NADA,2016-11-30 00:00:00,1800,10.3,83,2.5,1000,40,4,CS,,,2016,,
8.0,BOB,NADA,2016-11-30 00:00:00,2100,10.4,82,2.5,1000,40,4,CS,,,2016,,
8.0,BOB,NADA,2016-12-01 00:00:00,0,10.4,81.8,2.5,1000,35,4,CS,,,2016,,
8.0,BOB,NADA,2016-12-01 00:00:00,300,10.4,81.7,2.5,1001,30,4,CS,,,2016,,
8.0,BOB,NADA,2016-12-01 00:00:00,600,10.6,81.2,2,1003,30,3,DD,,,2016,,
8.0,BOB,NADA,2016-12-01 00:00:00,1200,10.7,80.7,2,1004,30,3,DD,,,2016,,
8.0,BOB,NADA,2016-12-01 00:00:00,1800,10.8,80.2,1.5,1006,25,2,D,,,2016,,
8.0,BOB,NADA,2016-12-02 00:00:00,0,10.8,79.7,1006,25,2,D,,,,2016,,
9.0,BOB,VARDAH,2016-12-06 00:00:00,900,8.5,91,1.5,1002,25,3,D,,,2016,,
9.0,BOB,VARDAH,2016-12-06 00:00:00,1200,8.5,90.5,1.5,1002,25,3,D,,,2016,,
9.0,BOB,VARDAH,2016-12-06 00:00:00,1800,9.5,90.5,1.5,1002,25,3,D,,,2016,,
9.0,BOB,VARDAH,2016-12-07 00:00:00,0,9.8,90.5,1.5,1002,25,4,D,,,2016,,
9.0,BOB,VARDAH,2016-12-07 00:00:00,300,9.8,90.5,1.5,1002,25,4,D,,,2016,,
9.0,BOB,VARDAH,2016-12-07 00:00:00,600,9.8,90.5,1.5,1002,25,4,D,,,2016,,
9.0,BOB,VARDAH,2016-12-07 00:00:00,1200,10,90.5,1.5,1002,25,4,D,,,2016,,
9.0,BOB,VARDAH,2016-12-07 00:00:00,1800,10.8,90.5,2,1000,30,5,DD,,,2016,,
9.0,BOB,VARDAH,2016-12-08 00:00:00,0,11.2,90.5,2.5,998,35,6,CS,,,2016,,
9.0,BOB,VARDAH,2016-12-08 00:00:00,300,11.5,90.5,2.5,998,35,7,CS,,,2016,,
9.0,BOB,VARDAH,2016-12-08 00:00:00,600,11.5,90.5,2.5,998,35,7,CS,,,2016,,
9.0,BOB,VARDAH,2016-12-08 00:00:00,900,11.5,90.5,2.5,998,35,7,CS,,,2016,,
9.0,BOB,VARDAH,2016-12-08 00:00:00,1200,11.7,90.5,2.5,997,40,8,CS,,,2016,,
9.0,BOB,VARDAH,2016-12-08 00:00:00,1500,11.7,90.5,2.5,997,40,8,CS,,,2016,,
9.0,BOB,VARDAH,2016-12-08 00:00:00,1800,11.8,90.5,2.5,997,40,8,CS,,,2016,,
9.0,BOB,VARDAH,2016-12-08 00:00:00,2100,12,90.5,2.5,997,40,8,CS,,,2016,,
9.0,BOB,VARDAH,2016-12-09 00:00:00,0,12,90.4,3,996,45,10,CS,,,2016,,
9.0,BOB,VARDAH,2016-12-09 00:00:00,300,12.1,90.4,3,996,45,10,CS,,,2016,,
9.0,BOB,VARDAH,2016-12-09 00:00:00,600,12.1,90.3,3,996,45,10,CS,,,2016,,
9.0,BOB,VARDAH,2016-12-09 00:00:00,900,12.2,90.3,3,996,45,10,CS,,,2016,,
9.0,BOB,VARDAH,2016-12-09 00:00:00,1200,12.2,90,3,996,45,10,CS,,,2016,,
9.0,BOB,VARDAH,2016-12-09 00:00:00,1500,12.2,89.9,3,994,45,12,CS,,,2016,,
9.0,BOB,VARDAH,2016-12-09 00:00:00,1800,12.3,89.6,3,992,50,14,SCS,,,2016,,
9.0,BOB,VARDAH,2016-12-09 00:00:00,2100,12.5,89,3.5,990,55,16,SCS,,,2016,,
9.0,BOB,VARDAH,2016-12-10 00:00:00,0,12.6,88.4,3.5,990,55,16,SCS,,,2016,,
9.0,BOB,VARDAH,2016-12-10 00:00:00,300,12.7,88,3.5,990,55,16,SCS,,,2016,,
9.0,BOB,VARDAH,2016-12-10 00:00:00,600,13,87.4,3.5,990,55,16,SCS,,,2016,,
9.0,BOB,VARDAH,2016-12-10 00:00:00,900,13.1,86.8,3.5,988,60,18,SCS,,,2016,,
9.0,BOB,VARDAH,2016-12-10 00:00:00,1200,13.2,86.4,4,984,65,22,VSCS,,,2016,,
9.0,BOB,VARDAH,2016-12-10 00:00:00,1500,13.3,85.9,4,984,65,22,VSCS,,,2016,,
9.0,BOB,VARDAH,2016-12-10 00:00:00,1800,13.3,85.3,4,984,65,22,VSCS,,,2016,,
9.0,BOB,VARDAH,2016-12-10 00:00:00,2100,13.3,85,4,982,65,22,VSCS,,,2016,,
9.0,BOB,VARDAH,2016-12-11 00:00:00,0,13.3,84.7,4,980,70,24,VSCS,,,2016,,
9.0,BOB,VARDAH,2016-12-11 00:00:00,300,13.1,84.3,4,980,70,24,VSCS,,,2016,,
9.0,BOB,VARDAH,2016-12-11 00:00:00,600,13.1,83.7,4,980,70,24,VSCS,,,2016,,
9.0,BOB,VARDAH,2016-12-11 00:00:00,900,13.1,83.3,4,980,70,24,VSCS,,,2016,,
9.0,BOB,VARDAH,2016-12-11 00:00:00,1200,13.3,83,4,980,70,24,VSCS,,,2016,,
9.0,BOB,VARDAH,2016-12-11 00:00:00,1500,13.3,82.5,4,980,70,24,VSCS,,,2016,,
9.0,BOB,VARDAH,2016-12-11 00:00:00,1800,13.1,82.3,4,980,70,24,VSCS,,,2016,,
9.0,BOB,VARDAH,2016-12-11 00:00:00,2100,13.2,81.9,4,978,70,26,VSCS,,,2016,,
9.0,BOB,VARDAH,2016-12-12 00:00:00,0,13.2,81.6,4,975,70,26,VSCS,,,2016,,
9.0,BOB,VARDAH,2016-12-12 00:00:00,300,13.2,81.2,4,975,70,26,VSCS,,,2016,,
9.0,BOB,VARDAH,2016-12-12 00:00:00,600,13.2,80.7,4,975,70,26,VSCS,,,2016,,
9.0,BOB,VARDAH,2016-12-12 00:00:00,900,13.1,80.3,3.5,975,60,26,SCS,,,2016,,
9.0,BOB,VARDAH,2016-12-12 00:00:00,1200,13,79.9,3.5,984,50,18,SCS,,,2016,,
9.0,BOB,VARDAH,2016-12-12 00:00:00,1500,12.9,79.5,3,994,40,10,CS,,,2016,,
9.0,BOB,VARDAH,2016-12-12 00:00:00,1800,12.7,79.1,2,1002,30,5,DD,,,2016,,
9.0,BOB,VARDAH,2016-12-13 00:00:00,0,12.5,78,1.5,1003,20,3,D,,,2016,,
10.0,ARB,,2016-12-17 00:00:00,300,11,62.5,1.5,998,25,3,D,,,2016,,
10.0,ARB,,2016-12-17 00:00:00,600,11.8,61.7,1.5,998,25,3,D,,,2016,,
10.0,ARB,,2016-12-17 00:00:00,1200,11.3,60.5,1.5,998,25,3,D,,,2016,,
10.0,ARB,,2016-12-17 00:00:00,1800,10.8,59.8,1.5,998,25,3,D,,,2016,,
10.0,ARB,,2016-12-18 00:00:00,0,9.8,58,1.5,996,25,3,D,,,2016,,
10.0,ARB,,2016-12-18 00:00:00,300,9.4,56.8,1.5,994,20,3,D,,,2016,,
1.0,BOB,MAARUTHA,2017-04-15 00:00:00,0,12,88,1.5,1001,25,3,D,,,2017,,
1.0,BOB,MAARUTHA,2017-04-15 00:00:00,300,12.5,88.3,1.5,1001,25,3,D,,,2017,,
1.0,BOB,MAARUTHA,2017-04-15 00:00:00,600,13.2,89,1.5,1000,25,4,D,,,2017,,
1.0,BOB,MAARUTHA,2017-04-15 00:00:00,900,13.7,89.5,2,999,30,5,DD,,,2017,,
1.0,BOB,MAARUTHA,2017-04-15 00:00:00,1200,14.3,90.1,2,999,30,5,DD,,,2017,,
1.0,BOB,MAARUTHA,2017-04-15 00:00:00,1800,15.3,91,2.5,998,35,6,CS,,,2017,,
1.0,BOB,MAARUTHA,2017-04-15 00:00:00,2100,15.5,91.2,2.5,996,40,8,CS,,,2017,,
1.0,BOB,MAARUTHA,2017-04-16 00:00:00,0,16.2,92,2.5,996,40,8,CS,,,2017,,
1.0,BOB,MAARUTHA,2017-04-16 00:00:00,300,16.7,92.5,2.5,996,40,8,CS,,,2017,,
1.0,BOB,MAARUTHA,2017-04-16 00:00:00,600,17,92.9,2.5,996,40,8,CS,,,2017,,
1.0,BOB,MAARUTHA,2017-04-16 00:00:00,900,17.5,93.2,2.5,996,40,8,CS,,,2017,,
1.0,BOB,MAARUTHA,2017-04-16 00:00:00,1200,17.8,93.6,2.5,996,40,8,CS,,,2017,,
1.0,BOB,MAARUTHA,2017-04-16 00:00:00,1500,18.1,93.9,2.5,996,40,8,CS,,,2017,,
1.0,BOB,MAARUTHA,2017-04-16 00:00:00,1800,18.4,94.3,2.5,996,40,8,CS,,,2017,,
1.0,BOB,MAARUTHA,2017-04-16 00:00:00,2100,19,95,-,1000,30,5,DD,,,2017,,
1.0,BOB,MAARUTHA,2017-04-17 00:00:00,0,19.5,95.5,-,1002,20,3,D,,,2017,,
2.0,BOB,MORA,2017-05-28 00:00:00,0,14,88.5,1.5,998,25,3,D,,,2017,,
2.0,BOB,MORA,2017-05-28 00:00:00,300,14.5,89.5,1.5,998,25,3,D,,,2017,,
2.0,BOB,MORA,2017-05-28 00:00:00,600,15,90,1.5,997,25,3,D,,,2017,,
2.0,BOB,MORA,2017-05-28 00:00:00,900,15.4,90.5,2,996,30,4,DD,,,2017,,
2.0,BOB,MORA,2017-05-28 00:00:00,1200,15.7,90.7,2,995,30,5,DD,,,2017,,
2.0,BOB,MORA,2017-05-28 00:00:00,1500,16,91,2.5,994,35,6,CS,,,2017,,
2.0,BOB,MORA,2017-05-28 00:00:00,1800,16.3,91.2,2.5,994,35,6,CS,,,2017,,
2.0,BOB,MORA,2017-05-28 00:00:00,2100,16.6,91.3,2.5,992,40,8,CS,,,2017,,
2.0,BOB,MORA,2017-05-29 00:00:00,0,17,91.3,3,990,45,10,CS,,,2017,,
2.0,BOB,MORA,2017-05-29 00:00:00,300,17.3,91.3,3,990,45,10,CS,,,2017,,
2.0,BOB,MORA,2017-05-29 00:00:00,600,17.8,91.4,3,988,45,10,CS,,,2017,,
2.0,BOB,MORA,2017-05-29 00:00:00,900,18.3,91.5,3,986,45,11,CS,,,2017,,
2.0,BOB,MORA,2017-05-29 00:00:00,1200,18.6,91.5,3,984,50,12,SCS,,,2017,,
2.0,BOB,MORA,2017-05-29 00:00:00,1500,18.8,91.5,3.5,980,55,16,SCS,,,2017,,
2.0,BOB,MORA,2017-05-29 00:00:00,1800,20,91.6,3.5,980,55,16,SCS,,,2017,,
2.0,BOB,MORA,2017-05-29 00:00:00,2100,20.3,91.6,3.5,978,60,18,SCS,,,2017,,
2.0,BOB,MORA,2017-05-30 00:00:00,0,21.1,91.8,3.5,978,60,18,SCS,,,2017,,
2.0,BOB,MORA,2017-05-30 00:00:00,300,21.8,91.9,3.5,978,60,18,SCS,,,2017,,
2.0,BOB,MORA,2017-05-30 00:00:00,600,22.8,91.9,-,982,55,16,SCS,,,2017,,
2.0,BOB,MORA,2017-05-30 00:00:00,900,23.6,92.1,-,988,40,10,CS,,,2017,,
2.0,BOB,MORA,2017-05-30 00:00:00,1200,24.2,92.2,-,990,30,6,DD,,,2017,,
2.0,BOB,MORA,2017-05-30 00:00:00,1800,25.3,92.4,-,994,20,4,D,,,2017,,
3.0,BOB,,2017-06-11 00:00:00,1200,20.5,89.5,1.5,990,25,4,D,,,2017,,
3.0,BOB,,2017-06-11 00:00:00,1800,21.5,90,2,988,25,6,DD,,,2017,,
3.0,BOB,,2017-06-12 00:00:00,0,22.5,90.5,-,988,30,6,DD,,,2017,,
3.0,BOB,,2017-06-12 00:00:00,300,23,90.5,-,990,30,5,DD,,,2017,,
3.0,BOB,,2017-06-12 00:00:00,600,23.5,90.7,-,990,30,5,DD,,,2017,,
3.0,BOB,,2017-06-12 00:00:00,1200,24,91,-,990,30,5,DD,,,2017,,
3.0,BOB,,2017-06-12 00:00:00,1800,24.5,91.5,-,995,25,3,D,,,2017,,
4.0,BOB,,2017-07-18 00:00:00,0,19,86,1.5,992,25,4,D,,,2017,,
4.0,BOB,,2017-07-18 00:00:00,300,19,86,1.5,992,25,4,D,,,2017,,
4.0,BOB,,2017-07-18 00:00:00,600,19.5,85.5,1.5,992,25,4,D,,,2017,,
4.0,BOB,,2017-07-18 00:00:00,1200,19.9,85.3,1.5,992,25,4,D,,,2017,,
4.0,BOB,,2017-07-18 00:00:00,1800,19.9,85.3,-,994,25,3,D,,,2017,,
4.0,BOB,,2017-07-19 00:00:00,0,20.1,85.2,-,994,25,3,D,,,2017,,
5.0,LAND,,2017-07-26 00:00:00,0,24.0º,85.0º ,-,993,25,3,D,,,2017,,
5.0,LAND,,2017-07-26 00:00:00,300,24.0º,85.0º ,-,994,25,3,D,,,2017,,
5.0,LAND,,2017-07-26 00:00:00,600,24.0º,85.0º ,-,994,25,3,       D,,,2017,,
5.0,LAND,,2017-07-26 00:00:00,1200,24.0º,85.0º ,-,994,20,3,D,,,2017,,
5.0,LAND,,2017-07-26 00:00:00,1800,24.0º,85.0º ,-,995,20,3,D,,,2017,,
5.0,LAND,,2017-07-27 00:00:00,0,24.0º,85.0º ,-,995,20,3,D,,,2017,,
6.0,BOB,,2017-09-10 00:00:00,0,22.4,88.4,1.5,996,25,4,D,,,2017,,
6.0,BOB,,2017-09-10 00:00:00,300,22.5,88.4,-,996,30,5,DD,,,2017,,
6.0,BOB,,2017-09-10 00:00:00,600,22.6,88.3,-,996,30,5,DD,,,2017,,
6.0,BOB,,2017-09-10 00:00:00,1200,22.9,88.1,-,997,30,5,DD,,,2017,,
6.0,BOB,,2017-09-10 00:00:00,1800,23.1,87.8,-,997,30,5,DD,,,2017,,
6.0,BOB,,2017-10-10 00:00:00,0,23.2,87.1,-,998,30,5,DD,,,2017,,
6.0,BOB,,2017-10-10 00:00:00,300,23.5,86.7,-,1000,30,5,DD,,,2017,,
6.0,BOB,,2017-10-10 00:00:00,600,23.8,86.6,-,1000,25,3,D,,,2017,,
7.0,BOB,,2017-10-19 00:00:00,0,16.5,86.5,1.5,999,25,3,D,,,2017,,
7.0,BOB,,2017-10-19 00:00:00,300,16.8,86.5,1.5,998,25,4,D,,,2017,,
7.0,BOB,,2017-10-19 00:00:00,600,17.3,86.3,1.5,998,25,4,D,,,2017,,
7.0,BOB,,2017-10-19 00:00:00,1200,20,86.5,1.5,998,25,4,D,,,2017,,
8.0,BOB,,2017-11-15 00:00:00,300,15,83,1.5,1004,25,4,D,,,2017,,
8.0,BOB,,2017-11-15 00:00:00,600,15.5,83,1.5,1004,25,4,D,,,2017,,
8.0,BOB,,2017-11-15 00:00:00,1200,16.2,83.3,1.5,1001,25,4,D,,,2017,,
8.0,BOB,,2017-11-15 00:00:00,1800,17,83.8,1.5,1002,25,4,D,,,2017,,
8.0,BOB,,2017-11-16 00:00:00,0,17.5,84.1,1.5,1004,25,4,D,,,2017,,
8.0,BOB,,2017-11-16 00:00:00,300,17.7,84.3,1.5,1004,25,4,D,,,2017,,
8.0,BOB,,2017-11-16 00:00:00,600,17.7,84.3,1.5,1004,25,4,D,,,2017,,
8.0,BOB,,2017-11-16 00:00:00,1200,18.1,85,1.5,1004,25,4,D,,,2017,,
8.0,BOB,,2017-11-16 00:00:00,1800,18.5,85.5,1.5,1004,25,4,D,,,2017,,
8.0,BOB,,2017-11-17 00:00:00,0,18.8,85.8,1.5,1004,25,4,D,,,2017,,
8.0,BOB,,2017-11-17 00:00:00,300,19.5,86.3,1.5,1006,25,4,D,,,2017,,
9.0,BOB,OCKHI,2017-11-29 00:00:00,300,6.5,81.8,1.5,1004,25,3,D,,,2017,,
9.0,BOB,OCKHI,2017-11-29 00:00:00,600,6.5,80.4,1.5,1004,25,4,D,,,2017,,
9.0,BOB,OCKHI,2017-11-29 00:00:00,1200,6.2,80,1.5,1002,25,4,D,,,2017,,
9.0,BOB,OCKHI,2017-11-29 00:00:00,1800,6.3,79.2,1.5,1002,25,4,D,,,2017,,
9.0,BOB,OCKHI,2017-11-29 00:00:00,2100,6.5,78.6,2,1001,30,5,DD,,,2017,,
9.0,BOB,OCKHI,2017-11-30 00:00:00,0,6.7,78.3,2,1000,30,6,DD,,,2017,,
9.0,BOB,OCKHI,2017-11-30 00:00:00,300,7.5,77.5,2.5,999,35,7,CS,,,2017,,
9.0,BOB,OCKHI,2017-11-30 00:00:00,600,7.8,76.9,2.5,998,40,8,CS,,,2017,,
9.0,BOB,OCKHI,2017-11-30 00:00:00,900,7.9,76.4,3,996,45,10,CS,,,2017,,
9.0,BOB,OCKHI,2017-11-30 00:00:00,1200,8.2,75.8,3,996,45,10,CS,,,2017,,
9.0,BOB,OCKHI,2017-11-30 00:00:00,1500,8.3,75.4,3,996,45,10,CS,,,2017,,
9.0,BOB,OCKHI,2017-11-30 00:00:00,1800,8.5,74.9,3,994,45,12,CS,,,2017,,
9.0,BOB,OCKHI,2017-11-30 00:00:00,2100,8.6,74.5,3,994,45,12,CS,,,2017,,
9.0,BOB,OCKHI,2017-12-01 00:00:00,0,8.8,74,3,992,50,14,SCS,,,2017,,
9.0,BOB,OCKHI,2017-12-01 00:00:00,300,8.9,73.8,3.5,990,55,16,SCS,,,2017,,
9.0,BOB,OCKHI,2017-12-01 00:00:00,600,9,73.4,3.5,989,60,18,SCS,,,2017,,
9.0,BOB,OCKHI,2017-12-01 00:00:00,900,9.1,73,4,988,65,21,VSCS,,,2017,,
9.0,BOB,OCKHI,2017-12-01 00:00:00,1200,9.2,72.8,4,986,65,22,VSCS,,,2017,,
9.0,BOB,OCKHI,2017-12-01 00:00:00,1500,9.3,72.5,4,984,65,24,VSCS,,,2017,,
9.0,BOB,OCKHI,2017-12-01 00:00:00,1800,9.4,72.1,4,982,70,26,VSCS,,,2017,,
9.0,BOB,OCKHI,2017-12-01 00:00:00,2100,9.5,71.8,4,980,75,28,VSCS,,,2017,,
9.0,BOB,OCKHI,2017-12-02 00:00:00,0,9.6,71.5,4.5,978,80,30,VSCS,,,2017,,
9.0,BOB,OCKHI,2017-12-02 00:00:00,300,9.7,71.2,4.5,978,80,32,VSCS,,,2017,,
9.0,BOB,OCKHI,2017-12-02 00:00:00,600,9.8,71,4.5,976,85,34,VSCS,,,2017,,
9.0,BOB,OCKHI,2017-12-02 00:00:00,900,10.2,70.6,4.5,976,85,34,VSCS,,,2017,,
9.0,BOB,OCKHI,2017-12-02 00:00:00,1200,10.5,70.3,4.5,976,85,34,VSCS,,,2017,,
9.0,BOB,OCKHI,2017-12-02 00:00:00,1500,10.8,70,4.5,976,85,34,VSCS,,,2017,,
9.0,BOB,OCKHI,2017-12-02 00:00:00,1800,11.1,69.7,4.5,976,85,34,VSCS,,,2017,,
9.0,BOB,OCKHI,2017-12-02 00:00:00,2100,11.3,69.5,4.5,976,85,34,VSCS,,,2017,,
9.0,BOB,OCKHI,2017-12-03 00:00:00,0,11.7,69.2,4.5,976,85,34,VSCS,,,2017,,
9.0,BOB,OCKHI,2017-12-03 00:00:00,300,12.1,69,4.5,977,80,32,VSCS,,,2017,,
9.0,BOB,OCKHI,2017-12-03 00:00:00,600,12.3,68.9,4.5,978,75,30,VSCS,,,2017,,
9.0,BOB,OCKHI,2017-12-03 00:00:00,900,12.4,68.8,4.5,980,75,28,VSCS,,,2017,,
9.0,BOB,OCKHI,2017-12-03 00:00:00,1200,12.9,68.7,4.5,982,75,28,VSCS,,,2017,,
9.0,BOB,OCKHI,2017-12-03 00:00:00,1500,13.1,68.6,4.5,982,75,28,VSCS,,,2017,,
9.0,BOB,OCKHI,2017-12-03 00:00:00,1800,13.5,68.5,4.5,982,75,28,VSCS,,,2017,,
9.0,BOB,OCKHI,2017-12-03 00:00:00,2100,14,68.5,4.5,982,75,28,VSCS,,,2017,,
9.0,BOB,OCKHI,2017-12-04 00:00:00,0,14.5,68.5,4,984,70,24,VSCS,,,2017,,
9.0,BOB,OCKHI,2017-12-04 00:00:00,300,14.7,68.5,4,986,65,22,VSCS,,,2017,,
9.0,BOB,OCKHI,2017-12-04 00:00:00,600,14.9,68.7,4,986,65,22,VSCS,,,2017,,
9.0,BOB,OCKHI,2017-12-04 00:00:00,900,15.2,69,4,986,65,22,VSCS,,,2017,,
9.0,BOB,OCKHI,2017-12-04 00:00:00,1200,15.7,69.2,3.5,988,60,18,VSCS,,,2017,,
9.0,BOB,OCKHI,2017-12-04 00:00:00,1500,16.1,69.5,3.5,988,60,18,VSCS,,,2017,,
9.0,BOB,OCKHI,2017-12-04 00:00:00,1800,16.5,69.8,3.5,990,55,16,SCS,,,2017,,
9.0,BOB,OCKHI,2017-12-04 00:00:00,2100,16.9,70.1,3.5,992,55,14,SCS,,,2017,,
9.0,BOB,OCKHI,2017-12-05 00:00:00,0,17.3,70.4,3.5,994,50,12,SCS,,,2017,,
9.0,BOB,OCKHI,2017-12-05 00:00:00,300,17.7,70.7,3,996,45,10,CS,,,2017,,
9.0,BOB,OCKHI,2017-12-05 00:00:00,600,18.1,71,2.5,998,40,8,CS,,,2017,,
9.0,BOB,OCKHI,2017-12-05 00:00:00,900,18.3,71.2,2,1000,30,6,DD,,,2017,,
9.0,BOB,OCKHI,2017-12-05 00:00:00,1200,18.5,71.4,2,1002,30,5,DD,,,2017,,
9.0,BOB,OCKHI,2017-12-05 00:00:00,1500,18.8,71.6,1.5,1003,25,4,D,,,2017,,
9.0,BOB,OCKHI,2017-12-05 00:00:00,1800,19.2,71.9,1.5,1004,20,3,D,,,2017,,
10.0,BOB,,2017-06-12 00:00:00,300,8.5,88.5,1.5,1004,25,4,D,,,2017,,
10.0,BOB,,2017-06-12 00:00:00,600,8.8,88.3,1.5,1004,25,4,D,,,2017,,
10.0,BOB,,2017-06-12 00:00:00,1200,9.8,88,1.5,1004,25,4,D,,,2017,,
10.0,BOB,,2017-06-12 00:00:00,1800,10,88,1.5,1004,25,4,D,,,2017,,
10.0,BOB,,2017-07-12 00:00:00,0,11.1,88,1.5,1004,25,4,D,,,2017,,
10.0,BOB,,2017-07-12 00:00:00,300,12,88,1.5,1004,25,4,D,,,2017,,
10.0,BOB,,2017-07-12 00:00:00,600,12.2,87.9,1.5,1004,25,4,D,,,2017,,
10.0,BOB,,2017-07-12 00:00:00,1200,12.8,87.7,1.5,1004,25,4,D,,,2017,,
10.0,BOB,,2017-07-12 00:00:00,1800,13.4,87.6,1.5,1004,25,4,D,,,2017,,
10.0,BOB,,2017-08-12 00:00:00,0,14.3,87,2,1002,30,6,DD,,,2017,,
10.0,BOB,,2017-08-12 00:00:00,300,15,86.8,2,1002,30,6,DD,,,2017,,
10.0,BOB,,2017-08-12 00:00:00,600,15.5,86.7,2,1002,30,6,DD,,,2017,,
10.0,BOB,,2017-08-12 00:00:00,1200,16.5,86.3,2,1002,30,6,DD,,,2017,,
10.0,BOB,,2017-08-12 00:00:00,1800,18,86.2,1.5,1004,25,4,D,,,2017,,
10.0,BOB,,2017-09-12 00:00:00,0,19,86.3,1.5,1004,25,4,D,,,2017,,
10.0,BOB,,2017-09-12 00:00:00,300,19.2,86.5,1.5,1004,25,4,D,,,2017,,
10.0,BOB,,2017-09-12 00:00:00,600,19.5,86.7,1.5,1004,25,4,D,,,2017,,
1.0,AS,,2018-03-13 00:00:00,300,5,76,1,1006,25,3,D,,,2018,,
,AS,,2018-03-13 00:00:00,600,5.5,75.8,1.5,1006,25,3,D,,,2018,,
,AS,,2018-03-13 00:00:00,1200,6.5,75,1.5,1006,25,3,D,,,2018,,
,AS,,2018-03-13 00:00:00,1800,6.7,74.8,1.5,1006,25,3,D,,,2018,,
,AS,,2018-03-14 00:00:00,0,7,74.5,1.5,1006,25,3,D,,,2018,,
,AS,,2018-03-14 00:00:00,300,7.5,74,1.5,1006,25,3,D,,,2018,,
,AS,,2018-03-14 00:00:00,600,8,73.5,1.5,1006,25,3,D,,,2018,,
,AS,,2018-03-14 00:00:00,1200,8.7,72.8,1.5,1006,25,3,D,,,2018,,
,AS,,2018-03-14 00:00:00,1800,9.1,72.5,1.5,1006,25,3,D,,,2018,,
2.0,AS,SAGAR,2018-05-16 00:00:00,1200,13,50,1.5,1001,25,3,D,,,2018,,
,AS,SAGAR,2018-05-16 00:00:00,1800,13.2,49.6,1.5,1001,30,4,D,,,2018,,
,AS,SAGAR,2018-05-17 00:00:00,0,13.2,49,2.5,999,30,5,DD,,,2018,,
,AS,SAGAR,2018-05-17 00:00:00,300,13.2,48.7,2.5,997,35,7,CS,,,2018,,
,AS,SAGAR,2018-05-17 00:00:00,600,13,48.4,2.5,997,35,7,CS,,,2018,,
,AS,SAGAR,2018-05-17 00:00:00,900,13,48.3,2.5,997,35,7,CS,,,2018,,
,AS,SAGAR,2018-05-17 00:00:00,1200,13,48.1,2.5,996,40,8,CS,,,2018,,
,AS,SAGAR,2018-05-17 00:00:00,1500,13,47.8,2.5,996,40,8,CS,,,2018,,
,AS,SAGAR,2018-05-17 00:00:00,1800,12.8,47.5,2.5,996,40,8,CS,,,2018,,
,AS,SAGAR,2018-05-17 00:00:00,2100,12.7,47.2,2.5,996,40,8,CS,,,2018,,
,AS,SAGAR,2018-05-18 00:00:00,0,12.4,46.6,3,996,45,10,CS,,,2018,,
,AS,SAGAR,2018-05-18 00:00:00,300,12.2,46.3,3,994,45,10,CS,,,2018,,
,AS,SAGAR,2018-05-18 00:00:00,600,12,46,3,994,45,10,CS,,,2018,,
,AS,SAGAR,2018-05-18 00:00:00,900,11.8,45.6,3,994,45,10,CS,,,2018,,
,AS,SAGAR,2018-05-18 00:00:00,1200,11.6,45.5,3,994,45,10,CS,,,2018,,
,AS,SAGAR,2018-05-18 00:00:00,1500,11.4,45.3,3,994,45,10,CS,,,2018,,
,AS,SAGAR,2018-05-18 00:00:00,1800,11.3,45.1,3,994,45,10,CS,,,2018,,
,AS,SAGAR,2018-05-18 00:00:00,2100,11.2,45,3,994,45,10,CS,,,2018,,
,AS,SAGAR,2018-05-19 00:00:00,0,11.1,44.8,3,994,45,10,CS,,,2018,,
,AS,SAGAR,2018-05-19 00:00:00,300,10.9,44.4,3,994,45,10,CS,,,2018,,
,AS,SAGAR,2018-05-19 00:00:00,600,10.8,44.1,3,996,40,8,CS,,,2018,,
,AS,SAGAR,2018-05-19 00:00:00,900,10.6,43.9,-,998,40,8,CS,,,2018,,
,AS,SAGAR,2018-05-19 00:00:00,1200,10.4,43.6,-,1000,35,7,CS,,,2018,,
,AS,SAGAR,2018-05-19 00:00:00,1800,10.2,43.3,-,1001,30,5,DD,,,2018,,
,AS,SAGAR,2018-05-20 00:00:00,0,10,42.9,-,1003,25,3,D,,,2018,,
3.0,AS,MEKUNU,2018-05-21 00:00:00,1200,8.5,58.5,1.5,1004,25,3,D,,,2018,,
,AS,MEKUNU,2018-05-21 00:00:00,1800,8.7,58,1.5,1003,25,4,D,,,2018,,
,AS,MEKUNU,2018-05-22 00:00:00,0,9,57.5,1.5,1002,25,4,D,,,2018,,
,AS,MEKUNU,2018-05-22 00:00:00,300,9.2,57.2,2,1001,30,5,DD,,,2018,,
,AS,MEKUNU,2018-05-22 00:00:00,600,9.5,57,2,1000,30,6,DD,,,2018,,
,AS,MEKUNU,2018-05-22 00:00:00,1200,10.2,56.8,2.5,998,35,7,CS,,,2018,,
,AS,MEKUNU,2018-05-22 00:00:00,1500,10.5,56.7,2.5,998,35,7,CS,,,2018,,
,AS,MEKUNU,2018-05-22 00:00:00,1800,10.7,56.4,2.5,996,40,8,CS,,,2018,,
,AS,MEKUNU,2018-05-22 00:00:00,2100,10.8,56.2,2.5,996,40,9,CS,,,2018,,
,AS,MEKUNU,2018-05-23 00:00:00,0,11,56,3,994,45,10,CS,,,2018,,
,AS,MEKUNU,2018-05-23 00:00:00,300,11.2,55.9,3.5,984,55,15,SCS,,,2018,,
,AS,MEKUNU,2018-05-23 00:00:00,600,11.4,55.9,3.5,980,60,18,SCS,,,2018,,
,AS,MEKUNU,2018-05-23 00:00:00,900,11.8,55.9,3.5,978,65,20,VSCS,,,2018,,
,AS,MEKUNU,2018-05-23 00:00:00,1200,12,55.9,4,978,65,22,VSCS,,,2018,,
,AS,MEKUNU,2018-05-23 00:00:00,1500,12.3,55.9,4,976,70,24,VSCS,,,2018,,
,AS,MEKUNU,2018-05-23 00:00:00,1800,12.5,55.8,4,976,70,24,VSCS,,,2018,,
,AS,MEKUNU,2018-05-23 00:00:00,2100,12.8,55.7,4,976,70,24,VSCS,,,2018,,
,AS,MEKUNU,2018-05-24 00:00:00,0,13,55.6,4,974,70,24,VSCS,,,2018,,
,AS,MEKUNU,2018-05-24 00:00:00,300,13.3,55.4,4.5,972,75,28,VSCS,,,2018,,
,AS,MEKUNU,2018-05-24 00:00:00,600,13.7,55.3,4.5,970,80,32,VSCS,,,2018,,
,AS,MEKUNU,2018-05-24 00:00:00,900,14,55.2,4.5,970,80,32,VSCS,,,2018,,
,AS,MEKUNU,2018-05-24 00:00:00,1200,14.3,55.2,4.5,970,80,32,VSCS,,,2018,,
,AS,MEKUNU,2018-05-24 00:00:00,1500,14.6,55.1,4.5,970,80,32,VSCS,,,2018,,
,AS,MEKUNU,2018-05-24 00:00:00,1800,14.9,54.9,4.5,970,80,32,VSCS,,,2018,,
,AS,MEKUNU,2018-05-24 00:00:00,2100,15.1,54.7,4.5,970,80,32,VSCS,,,2018,,
,AS,MEKUNU,2018-05-25 00:00:00,0,15.2,54.5,4.5,968,85,36,VSCS,,,2018,,
,AS,MEKUNU,2018-05-25 00:00:00,300,15.4,54.5,4.5,964,90,40,ESCS,,,2018,,
,AS,MEKUNU,2018-05-25 00:00:00,600,15.8,54.4,5,964,90,40,ESCS,,,2018,,
,AS,MEKUNU,2018-05-25 00:00:00,900,16.2,54.2,5,962,90,42,ESCS,,,2018,,
,AS,MEKUNU,2018-05-25 00:00:00,1200,16.4,54.1,5,960,95,45,ESCS,,,2018,,
,AS,MEKUNU,2018-05-25 00:00:00,1500,16.5,54,5,960,95,45,ESCS,,,2018,,
,AS,MEKUNU,2018-05-25 00:00:00,1800,16.7,53.9,5,960,95,45,ESCS,,,2018,,
,AS,MEKUNU,2018-05-25 00:00:00,2100,17.1,53.6,-,964,90,40,ESCS,,,2018,,
,AS,MEKUNU,2018-05-26 00:00:00,0,17.2,53.5,-,976,75,28,VSCS,,,2018,,
,AS,MEKUNU,2018-05-26 00:00:00,300,17.4,53.4,-,986,60,18,SCS,,,2018,,
,AS,MEKUNU,2018-05-26 00:00:00,600,17.8,53.2,-,988,50,12,SCS,,,2018,,
,AS,MEKUNU,2018-05-26 00:00:00,900,18.1,53.1,-,990,45,10,CS,,,2018,,
,AS,MEKUNU,2018-05-26 00:00:00,1200,18.3,53,-,992,40,8,CS,,,2018,,
,AS,MEKUNU,2018-05-26 00:00:00,1500,18.5,52.9,-,994,35,7,CS,,,2018,,
,AS,MEKUNU,2018-05-26 00:00:00,1800,18.6,52.8,-,996,30,5,DD,,,2018,,
,AS,MEKUNU,2018-05-27 00:00:00,0,19,52.6,-,1000,25,3,D,,,2018,,
4.0,BOB,,2018-05-29 00:00:00,600,18.5,92.2,1.5,998,25,3,D,,,2018,,
,BOB,,2018-05-29 00:00:00,1200,19.2,93,1.5,992,30,4,D,,,2018,,
,BOB,,2018-05-29 00:00:00,1800,19.8,93.7,2,994,30,4,DD,,,2018,,
,BOB,,2018-05-30 00:00:00,0,21.3,95.2,-,996,25,3,DD,,,2018,,
,BOB,,2018-05-30 00:00:00,300,21.8,95.8,-,998,20,2,D,,,2018,,
5.0,BOB,,2018-06-10 00:00:00,600,22.3,91.5,1.5,990,25,3,D,,,2018,,
,BOB,,2018-06-10 00:00:00,1200,22.7,91.4,1.5,988,25,4,D,,,2018,,
,BOB,,2018-06-10 00:00:00,1800,23,91.3,-,990,20,3,D,,,2018,,
6.0,BOB,,2018-07-21 00:00:00,300,21,88,1.5,989,25,4,D,,,2018,,
,BOB,,2018-07-21 00:00:00,600,21.4,87.7,1.5,989,25,4,D,,,2018,,
,BOB,,2018-07-21 00:00:00,900,21.5,87.6,2,988,30,5,DD,,,2018,,
,BOB,,2018-07-21 00:00:00,1200,21.7,87.4,-,988,30,5,DD,,,2018,,
,BOB,,2018-07-21 00:00:00,1800,22,87,-,990,25,3,D,,,2018,,
,BOB,,2018-07-22 00:00:00,0,22.2,86.8,-,992,25,3,D,,,2018,,
,BOB,,2018-07-22 00:00:00,300,22.6,86.2,-,992,25,3,D,,,2018,,
,BOB,,2018-07-22 00:00:00,600,22.7,86.1,-,992,25,3,D,,,2018,,
,BOB,,2018-07-22 00:00:00,1200,23,85.1,-,992,25,3,D,,,2018,,
,BOB,,2018-07-22 00:00:00,1800,23.5,84.5,-,993,20,3,D,,,2018,,
,BOB,,2018-07-23 00:00:00,0,23.9,84,-,993,20,3,D,,,2018,,
7.0,BOB,,2018-08-07 00:00:00,900,21.5,87.5,1.5,992,25,4,D,,,2018,,
,BOB,,2018-08-07 00:00:00,1200,21.5,87,1.5,994,25,3,D,,,2018,,
,BOB,,2018-08-07 00:00:00,1800,21.6,86,-,995,25,3,D,,,2018,,
,BOB,,2018-08-08 00:00:00,0,21.7,84.5,-,996,20,3,D,,,2018,,
8.0,LAND,,2018-08-15 00:00:00,300,20,86,-,993,25,4,D,,,2018,,
,LAND,,2018-08-15 00:00:00,600,20.1,85.6,-,993,25,4,D,,,2018,,
,LAND,,2018-08-15 00:00:00,1200,20.2,85,-,993,25,4,D,,,2018,,
,LAND,,2018-08-15 00:00:00,1800,20.3,84,-,993,25,4,D,,,2018,,
,LAND,,2018-08-16 00:00:00,0,20.5,82,-,994,25,3,D,,,2018,,
,LAND,,2018-08-16 00:00:00,300,20.6,81,-,994,20,3,D,,,2018,,
,LAND,,2018-08-16 00:00:00,600,20.7,80.5,-,994,20,3,D,,,2018,,
,LAND,,2018-08-16 00:00:00,1200,21.1,78.3,-,994,20,3,D,,,2018,,
,LAND,,2018-08-16 00:00:00,1800,21.2,77.5,-,994,20,3,D,,,2018,,
,LAND,,2018-08-17 00:00:00,0,21.8,75.8,-,994,20,3,D,,,2018,,
9.0,BOB,,2018-09-06 00:00:00,0,21.8,88,1.5,992,25,4,D,,,2018,,
,BOB,,2018-09-06 00:00:00,300,21.8,87.9,2,990,30,5,DD,,,2018,,
,BOB,,2018-09-06 00:00:00,600,21.8,87.6,-,990,30,5,DD,,,2018,,
,BOB,,2018-09-06 00:00:00,1200,21.7,86.8,-,990,30,5,DD,,,2018,,
,BOB,,2018-09-06 00:00:00,1800,21.9,86,-,990,30,5,DD,,,2018,,
,BOB,,2018-09-07 00:00:00,0,22.2,84,-,991,25,4,D,,,2018,,
,BOB,,2018-09-07 00:00:00,300,22.9,83.3,-,992,20,3,D,,,2018,,
10.0,BOB,DAYE,2018-09-19 00:00:00,1500,17.2,89,1.5,997,25,3,D,,,2018,,
,BOB,DAYE,2018-09-19 00:00:00,1800,17.4,88.8,1.5,996,25,4,D,,,2018,,
,BOB,DAYE,2018-09-20 00:00:00,0,17.5,87.5,1.5,996,25,4,D,,,2018,,
,BOB,DAYE,2018-09-20 00:00:00,300,17.5,87,2,995,30,5,DD,,,2018,,
,BOB,DAYE,2018-09-20 00:00:00,600,17.6,86.8,2,995,30,5,DD,,,2018,,
,BOB,DAYE,2018-09-20 00:00:00,1200,18.4,85.8,2,994,30,6,DD,,,2018,,
,BOB,DAYE,2018-09-20 00:00:00,1500,18.7,85.6,2.5,992,35,8,CS,,,2018,,
,BOB,DAYE,2018-09-20 00:00:00,1800,19.2,85,2.5,992,35,8,CS,,,2018,,
,BOB,DAYE,2018-09-21 00:00:00,2100,19.6,84.4,-,993,35,7,CS,,,2018,,
,BOB,DAYE,2018-09-21 00:00:00,0,20,83.7,-,994,30,6,DD,,,2018,,
,BOB,DAYE,2018-09-21 00:00:00,300,20.5,82.5,-,994,30,6,DD,,,2018,,
,BOB,DAYE,2018-09-21 00:00:00,600,21,81.4,-,995,30,5,DD,,,2018,,
,BOB,DAYE,2018-09-21 00:00:00,1200,21.4,80.2,-,996,25,4,D,,,2018,,
,BOB,DAYE,2018-09-21 00:00:00,1800,21.4,78.7,-,996,25,4,D,,,2018,,
,BOB,DAYE,2018-09-22 00:00:00,0,22.3,76.9,-,997,25,4,D,,,2018,,
,BOB,DAYE,2018-09-22 00:00:00,300,22.9,76.3,-,998,20,3,D,,,2018,,
,BOB,DAYE,2018-09-22 00:00:00,600,22.9,76.3,-,999,20,3,D,,,2018,,
11.0,AS,LUBAN,2018-10-06 00:00:00,900,11.2,67,1.5,1003,25,3,D,,,2018,,
,AS,LUBAN,2018-10-06 00:00:00,1200,11.3,66.9,1.5,1002,25,4,D,,,2018,,
,AS,LUBAN,2018-10-06 00:00:00,1800,11.6,66.5,1.5,1002,25,4,D,,,2018,,
,AS,LUBAN,2018-10-07 00:00:00,0,11.9,65.8,1.5,1002,25,4,D,,,2018,,
,AS,LUBAN,2018-10-07 00:00:00,300,12,65.6,1.5,1002,25,4,D,,,2018,,
,AS,LUBAN,2018-10-07 00:00:00,600,12,65.4,1.5,1002,25,4,D,,,2018,,
,AS,LUBAN,2018-10-07 00:00:00,900,12,64.8,2,1001,30,5,DD,,,2018,,
,AS,LUBAN,2018-10-07 00:00:00,1200,12.1,64.3,2,1001,30,5,DD,,,2018,,
,AS,LUBAN,2018-10-07 00:00:00,1800,12.2,63.5,2,1000,30,6,DD,,,2018,,
,AS,LUBAN,2018-10-08 00:00:00,0,12.3,62.4,2.5,999,35,7,CS,,,2018,,
,AS,LUBAN,2018-10-08 00:00:00,300,12.4,62,2.5,998,40,8,CS,,,2018,,
,AS,LUBAN,2018-10-08 00:00:00,600,12.4,61.8,2.5,997,40,9,CS,,,2018,,
,AS,LUBAN,2018-10-08 00:00:00,900,12.5,61.5,3,996,45,10,CS,,,2018,,
,AS,LUBAN,2018-10-08 00:00:00,1200,12.5,61,3,996,45,10,CS,,,2018,,
,AS,LUBAN,2018-10-08 00:00:00,1500,12.6,60.8,3,996,45,10,CS,,,2018,,
,AS,LUBAN,2018-10-08 00:00:00,1800,12.7,60.5,3,994,45,12,CS,,,2018,,
,AS,LUBAN,2018-10-08 00:00:00,2100,12.8,60.2,3,994,45,12,CS,,,2018,,
,AS,LUBAN,2018-10-09 00:00:00,0,12.9,60.2,3,994,45,12,CS,,,2018,,
,AS,LUBAN,2018-10-09 00:00:00,300,13,60.1,3,994,45,12,CS,,,2018,,
,AS,LUBAN,2018-10-09 00:00:00,600,13.1,60.1,3,994,45,12,CS,,,2018,,
,AS,LUBAN,2018-10-09 00:00:00,900,13.2,60,3.5,992,50,14,SCS,,,2018,,
,AS,LUBAN,2018-10-09 00:00:00,1200,13.3,59.7,3.5,990,55,16,SCS,,,2018,,
,AS,LUBAN,2018-10-09 00:00:00,1500,13.4,59.5,3.5,990,55,16,SCS,,,2018,,
,AS,LUBAN,2018-10-09 00:00:00,1800,13.5,59.3,3.5,990,55,16,SCS,,,2018,,
,AS,LUBAN,2018-10-09 00:00:00,2100,13.6,59.1,3.5,988,60,18,SCS,,,2018,,
,AS,LUBAN,2018-10-10 00:00:00,0,14.1,59,4,985,65,21,VSCS,,,2018,,
,AS,LUBAN,2018-10-10 00:00:00,300,14.1,59,4,984,65,22,VSCS,,,2018,,
,AS,LUBAN,2018-10-10 00:00:00,600,14.2,58.9,4.5,978,75,28,VSCS,,,2018,,
,AS,LUBAN,2018-10-10 00:00:00,900,14.4,58.7,4.5,978,75,28,VSCS,,,2018,,
,AS,LUBAN,2018-10-10 00:00:00,1200,14.4,58.6,4,978,75,28,VSCS,,,2018,,
,AS,LUBAN,2018-10-10 00:00:00,1500,14.5,58.5,4,978,75,28,VSCS,,,2018,,
,AS,LUBAN,2018-10-10 00:00:00,1800,14.6,58.4,4,978,75,28,VSCS,,,2018,,
,AS,LUBAN,2018-10-10 00:00:00,2100,14.6,58.4,4,978,75,28,VSCS,,,2018,,
,AS,LUBAN,2018-11-10 00:00:00,0,14.7,58.1,4,978,75,28,VSCS,,,2018,,
,AS,LUBAN,2018-11-10 00:00:00,300,14.5,58,4,980,70,26,VSCS,,,2018,,
,AS,LUBAN,2018-11-10 00:00:00,600,14.5,57.8,4,980,70,26,VSCS,,,2018,,
,AS,LUBAN,2018-11-10 00:00:00,900,14.5,57.8,4,980,70,26,VSCS,,,2018,,
,AS,LUBAN,2018-11-10 00:00:00,1200,14.5,57.7,4,980,70,26,VSCS,,,2018,,
,AS,LUBAN,2018-11-10 00:00:00,1500,14.5,57.7,4,980,70,26,VSCS,,,2018,,
,AS,LUBAN,2018-11-10 00:00:00,1800,14.6,57.6,4,980,70,26,VSCS,,,2018,,
,AS,LUBAN,2018-11-10 00:00:00,2100,14.7,57.6,4,980,65,26,VSCS,,,2018,,
,AS,LUBAN,2018-12-10 00:00:00,0,14.7,57.6,3.5,984,60,22,VSCS,,,2018,,
,AS,LUBAN,2018-12-10 00:00:00,300,14.7,57.4,3,987,55,25,SCS,,,2018,,
,AS,LUBAN,2018-12-10 00:00:00,600,14.7,57.3,3,990,50,16,SCS,,,2018,,
,AS,LUBAN,2018-12-10 00:00:00,900,14.7,57.2,3,990,50,16,SCS,,,2018,,
,AS,LUBAN,2018-12-10 00:00:00,1200,14.7,57.1,3,991,50,15,SCS,,,2018,,
,AS,LUBAN,2018-12-10 00:00:00,1500,14.7,56.9,3,992,50,14,SCS,,,2018,,
,AS,LUBAN,2018-12-10 00:00:00,1800,14.8,56.6,3,994,45,12,CS,,,2018,,
,AS,LUBAN,2018-12-10 00:00:00,2100,14.8,56.3,3,994,45,12,CS,,,2018,,
,AS,LUBAN,2018-10-13 00:00:00,0,14.8,56,3,994,45,12,CS,,,2018,,
,AS,LUBAN,2018-10-13 00:00:00,300,14.8,55.6,2.5,994,40,12,CS,,,2018,,
,AS,LUBAN,2018-10-13 00:00:00,600,14.9,55.2,2.5,994,40,12,CS,,,2018,,
,AS,LUBAN,2018-10-13 00:00:00,900,14.9,54.8,2.5,994,40,12,CS,,,2018,,
,AS,LUBAN,2018-10-13 00:00:00,1200,14.9,54.4,2.5,994,40,12,CS,,,2018,,
,AS,LUBAN,2018-10-13 00:00:00,1500,14.9,54,2.5,994,40,12,CS,,,2018,,
,AS,LUBAN,2018-10-13 00:00:00,1800,15,53.7,2.5,996,40,10,CS,,,2018,,
,AS,LUBAN,2018-10-13 00:00:00,2100,15.1,53.3,2.5,996,40,10,CS,,,2018,,
,AS,LUBAN,2018-10-14 00:00:00,0,15.3,52.8,2.5,998,40,8,CS,,,2018,,
,AS,LUBAN,2018-10-14 00:00:00,300,15.6,52.5,2.5,998,40,8,CS,,,2018,,
,AS,LUBAN,2018-10-14 00:00:00,600,15.9,52.1,-,999,35,7,CS,,,2018,,
,AS,LUBAN,2018-10-14 00:00:00,900,15.9,51.7,-,1000,30,6,DD,,,2018,,
,AS,LUBAN,2018-10-14 00:00:00,1200,15.9,51.2,-,1001,30,5,DD,,,2018,,
,AS,LUBAN,2018-10-14 00:00:00,1800,16.2,50.7,-,1002,25,4,D,,,2018,,
,AS,LUBAN,2018-10-15 00:00:00,0,16.2,49,-,1003,25,3,D,,,2018,,
12.0,BOB,TITLI,2018-10-08 00:00:00,300,14,88.8,1.5,1002,25,3,D,,,2018,,
,BOB,TITLI,2018-10-08 00:00:00,600,14,88.8,1.5,1002,25,4,D,,,2018,,
,BOB,TITLI,2018-10-08 00:00:00,1200,14.3,88.2,1.5,1002,25,4,D,,,2018,,
,BOB,TITLI,2018-10-08 00:00:00,1800,14.5,87.6,2,1000,30,5,DD,,,2018,,
,BOB,TITLI,2018-10-09 00:00:00,0,14.7,87.1,2,1000,30,5,DD,,,2018,,
,BOB,TITLI,2018-10-09 00:00:00,300,14.7,86.9,2,999,30,6,DD,,,2018,,
,BOB,TITLI,2018-10-09 00:00:00,600,14.8,86.7,2.5,998,35,7,CS,,,2018,,
,BOB,TITLI,2018-10-09 00:00:00,900,14.9,86.6,2.5,997,35,7,CS,,,2018,,
,BOB,TITLI,2018-10-09 00:00:00,1200,15.1,86.4,2.5,996,40,8,CS,,,2018,,
,BOB,TITLI,2018-10-09 00:00:00,1500,15.3,86.2,2.5,995,40,9,CS,,,2018,,
,BOB,TITLI,2018-10-09 00:00:00,1800,15.5,86,3,996,45,10,CS,,,2018,,
,BOB,TITLI,2018-10-09 00:00:00,2100,15.7,85.8,3,994,50,12,SCS,,,2018,,
,BOB,TITLI,2018-10-10 00:00:00,0,16,85.8,3.5,990,55,16,SCS,,,2018,,
,BOB,TITLI,2018-10-10 00:00:00,300,16.5,85.8,3.5,988,60,18,SCS,,,2018,,
,BOB,TITLI,2018-10-10 00:00:00,600,17,85.6,4,982,70,24,VSCS,,,2018,,
,BOB,TITLI,2018-10-10 00:00:00,900,17.3,85.4,4.5,976,75,28,VSCS,,,2018,,
,BOB,TITLI,2018-10-10 00:00:00,1200,17.5,85.3,4.5,972,80,32,VSCS,,,2018,,
,BOB,TITLI,2018-10-10 00:00:00,1500,17.7,85.2,4.5,972,80,32,VSCS,,,2018,,
,BOB,TITLI,2018-10-10 00:00:00,1800,18.2,85.1,4.5,972,80,32,VSCS,,,2018,,
,BOB,TITLI,2018-10-10 00:00:00,2100,18.6,84.7,4.5,972,80,32,VSCS,,,2018,,
,BOB,TITLI,2018-10-11 00:00:00,0,18.8,84.4,-,972,80,32,VSCS,,,2018,,
,BOB,TITLI,2018-10-11 00:00:00,300,19,84.1,-,985,65,21,VSCS,,,2018,,
,BOB,TITLI,2018-10-11 00:00:00,600,19.3,83.8,-,988,60,18,SCS,,,2018,,
,BOB,TITLI,2018-10-11 00:00:00,900,19.6,83.8,-,994,50,12,SCS,,,2018,,
,BOB,TITLI,2018-10-11 00:00:00,1200,19.9,83.7,-,996,45,10,CS,,,2018,,
,BOB,TITLI,2018-10-11 00:00:00,1500,20.1,84,-,998,40,8,CS,,,2018,,
,BOB,TITLI,2018-10-11 00:00:00,1800,20.3,84.3,-,999,30,6,DD,,,2018,,
,BOB,TITLI,2018-10-12 00:00:00,0,20.5,84.7,-,1000,30,6,DD,,,2018,,
,BOB,TITLI,2018-10-12 00:00:00,300,20.6,84.9,-,1001,30,5,DD,,,2018,,
,BOB,TITLI,2018-10-12 00:00:00,600,20.8,85.2,-,1001,30,5,DD,,,2018,,
,BOB,TITLI,2018-10-12 00:00:00,900,20.9,85.5,-,1002,25,4,D,,,2018,,
,BOB,TITLI,2018-10-12 00:00:00,1200,21.2,86.1,-,1002,25,4,D,,,2018,,
,BOB,TITLI,2018-10-12 00:00:00,1800,21.9,87.2,-,1003,25,4,D,,,2018,,
,BOB,TITLI,2018-10-12 00:00:00,2100,22.1,87.5,-,1004,20,3,D,,,2018,,
13.0,BOB,GAJA,2018-11-10 00:00:00,300,11.7,92.5,1.5,1003,25,3,D,,,2018,,
,BOB,GAJA,2018-11-10 00:00:00,600,12,92,1.5,1002,25,4,D,,,2018,,
,BOB,GAJA,2018-11-10 00:00:00,1200,12.6,90.8,2,1001,30,5,DD,,,2018,,
,BOB,GAJA,2018-11-10 00:00:00,1800,13,89.9,2,1000,30,6,DD,,,2018,,
,BOB,GAJA,2018-11-10 00:00:00,0,13.4,89.3,2.5,999,35,7,CS,,,2018,,
,BOB,GAJA,2018-11-11 00:00:00,300,13.5,88.9,2.5,999,35,7,CS,,,2018,,
,BOB,GAJA,2018-11-11 00:00:00,600,13.5,88.5,2.5,998,40,8,CS,,,2018,,
,BOB,GAJA,2018-11-11 00:00:00,900,13.5,88.2,2.5,998,40,8,CS,,,2018,,
,BOB,GAJA,2018-11-11 00:00:00,1200,13.5,88,2.5,998,40,8,CS,,,2018,,
,BOB,GAJA,2018-11-11 00:00:00,1500,13.5,87.7,2.5,998,40,8,CS,,,2018,,
,BOB,GAJA,2018-11-11 00:00:00,1800,13.4,87.4,2.5,998,40,8,CS,,,2018,,
,BOB,GAJA,2018-11-11 00:00:00,2100,13.5,87.2,2.5,998,40,8,CS,,,2018,,
,BOB,GAJA,2018-11-12 00:00:00,0,13.3,87.1,2.5,998,40,8,CS,,,2018,,
,BOB,GAJA,2018-11-12 00:00:00,300,13.1,87,2.5,998,40,8,CS,,,2018,,
,BOB,GAJA,2018-11-12 00:00:00,600,12.9,86.9,2.5,998,40,8,CS,,,2018,,
,BOB,GAJA,2018-11-12 00:00:00,900,12.9,86.9,2.5,998,40,8,CS,,,2018,,
,BOB,GAJA,2018-11-12 00:00:00,1200,12.6,87.3,2.5,998,40,8,CS,,,2018,,
,BOB,GAJA,2018-11-12 00:00:00,1500,12.9,87.5,2.5,998,40,8,CS,,,2018,,
,BOB,GAJA,2018-11-12 00:00:00,1800,13.2,87.5,2.5,996,45,8,CS,,,2018,,
,BOB,GAJA,2018-11-12 00:00:00,2100,13.2,87.3,2.5,996,45,8,CS,,,2018,,
,BOB,GAJA,2018-11-13 00:00:00,0,13.2,87.2,2.5,998,40,8,CS,,,2018,,
,BOB,GAJA,2018-11-13 00:00:00,300,13.3,87.1,2.5,998,40,8,CS,,,2018,,
,BOB,GAJA,2018-11-13 00:00:00,600,13.5,86.6,2.5,998,40,8,CS,,,2018,,
,BOB,GAJA,2018-11-13 00:00:00,900,13.4,86.4,2.5,998,40,8,CS,,,2018,,
,BOB,GAJA,2018-11-13 00:00:00,1200,13.4,86,2.5,998,40,8,CS,,,2018,,
,BOB,GAJA,2018-11-13 00:00:00,1500,13.2,85.8,2.5,998,40,8,CS,,,2018,,
,BOB,GAJA,2018-11-13 00:00:00,1800,13.2,85.6,2.5,998,40,8,CS,,,2018,,
,BOB,GAJA,2018-11-13 00:00:00,2100,13.1,85.5,2.5,998,40,8,CS,,,2018,,
,BOB,GAJA,2018-11-14 00:00:00,0,13.1,85.3,2.5,998,40,8,CS,,,2018,,
,BOB,GAJA,2018-11-14 00:00:00,300,13,85.1,2.5,998,40,8,CS,,,2018,,
,BOB,GAJA,2018-11-14 00:00:00,600,12.8,84.8,2.5,996,45,10,CS,,,2018,,
,BOB,GAJA,2018-11-14 00:00:00,900,12.6,84.6,2.5,996,45,10,CS,,,2018,,
,BOB,GAJA,2018-11-14 00:00:00,1200,12.4,84.2,2.5,996,45,10,CS,,,2018,,
,BOB,GAJA,2018-11-14 00:00:00,1500,12.2,84.2,2.5,996,45,10,CS,,,2018,,
,BOB,GAJA,2018-11-14 00:00:00,1800,12,83.8,2.5,996,45,10,CS,,,2018,,
,BOB,GAJA,2018-11-14 00:00:00,2100,11.8,83.4,2.5,996,45,10,CS,,,2018,,
,BOB,GAJA,2018-11-15 00:00:00,0,11.5,83.2,2.5,996,45,10,CS,,,2018,,
,BOB,GAJA,2018-11-15 00:00:00,300,11.3,82.6,3,994,50,12,SCS,,,2018,,
,BOB,GAJA,2018-11-15 00:00:00,600,11.2,82,3.5,990,55,15,SCS,,,2018,,
,BOB,GAJA,2018-11-15 00:00:00,900,11,81.5,3.5,989,55,16,SCS,,,2018,,
,BOB,GAJA,2018-11-15 00:00:00,1200,10.8,81.2,3.5,988,60,18,SCS,,,2018,,
,BOB,GAJA,2018-11-15 00:00:00,1500,10.6,80.7,4,984,65,21,VSCS,,,2018,,
,BOB,GAJA,2018-11-15 00:00:00,1800,10.5,80.3,4,976,70,30,VSCS,,,2018,,
,BOB,GAJA,2018-11-15 00:00:00,2100,10.4,79.7,-,976,70,30,VSCS,,,2018,,
,BOB,GAJA,2018-11-16 00:00:00,0,10.4,79.2,-,990,55,15,SCS,,,2018,,
,BOB,GAJA,2018-11-16 00:00:00,300,10.4,78.5,-,996,45,10,CS,,,2018,,
,BOB,GAJA,2018-11-16 00:00:00,600,10.5,77.6,-,1000,30,6,DD,,,2018,,
,BOB,GAJA,2018-11-16 00:00:00,1200,10.1,76.4,1.5,1002,25,4,D,,,2018,,
,BOB,GAJA,2018-11-16 00:00:00,1800,9.9,75.3,1.5,1002,25,4,D,,,2018,,
,BOB,GAJA,2018-11-17 00:00:00,0,9.8,74.3,2,1003,30,5,DD,,,2018,,
,BOB,GAJA,2018-11-17 00:00:00,300,9.8,73.7,2,1003,30,5,DD,,,2018,,
,BOB,GAJA,2018-11-17 00:00:00,600,9.8,73.2,2,1003,30,5,DD,,,2018,,
,BOB,GAJA,2018-11-17 00:00:00,1200,9.9,71.7,2,1003,30,5,DD,,,2018,,
,BOB,GAJA,2018-11-17 00:00:00,1800,10.1,70.5,2,1003,30,5,DD,,,2018,,
,BOB,GAJA,2018-11-18 00:00:00,0,10.3,69.6,2,1003,30,5,DD,,,2018,,
,BOB,GAJA,2018-11-18 00:00:00,300,10.4,69.4,2,1003,30,5,DD,,,2018,,
,BOB,GAJA,2018-11-18 00:00:00,600,10.5,69,2,1003,30,5,DD,,,2018,,
,BOB,GAJA,2018-11-18 00:00:00,1200,10.7,68.5,2,1003,30,5,DD,,,2018,,
,BOB,GAJA,2018-11-18 00:00:00,1800,10.8,67.5,2,1003,30,5,DD,,,2018,,
,BOB,GAJA,2018-11-19 00:00:00,0,11,66.6,2,1003,30,5,DD,,,2018,,
,BOB,GAJA,2018-11-19 00:00:00,300,11.1,66.3,2,1003,30,5,DD,,,2018,,
,BOB,GAJA,2018-11-19 00:00:00,600,11.2,65.8,1.5,1004,25,4,D,,,2018,,
,BOB,GAJA,2018-11-19 00:00:00,1200,11.2,65,1.5,1004,25,4,D,,,2018,,
14.0,BOB,PHETHAI,2018-12-13 00:00:00,0,6.5,88.7,1.5,1004,25,3,D,,,2018,,
,BOB,PHETHAI,2018-12-13 00:00:00,300,6.7,88.6,1.5,1004,25,3,D,,,2018,,
,BOB,PHETHAI,2018-12-13 00:00:00,600,6.8,88.5,1.5,1003,25,4,D,,,2018,,
,BOB,PHETHAI,2018-12-13 00:00:00,1200,7.3,88.2,1.5,1003,25,4,D,,,2018,,
,BOB,PHETHAI,2018-12-13 00:00:00,1800,7.6,88,2,1002,30,5,DD,,,2018,,
,BOB,PHETHAI,2018-12-13 00:00:00,0,8.2,87.6,2,1002,30,5,DD,,,2018,,
,BOB,PHETHAI,2018-12-14 00:00:00,300,8.5,87.4,2,1002,30,5,DD,,,2018,,
,BOB,PHETHAI,2018-12-14 00:00:00,600,8.5,87.4,2,1002,30,5,DD,,,2018,,
,BOB,PHETHAI,2018-12-14 00:00:00,1200,8.6,86.8,2,1002,30,5,DD,,,2018,,
,BOB,PHETHAI,2018-12-14 00:00:00,1800,8.8,86.2,2,1002,30,5,DD,,,2018,,
,BOB,PHETHAI,2018-12-15 00:00:00,0,9,85.5,2,1002,30,5,DD,,,2018,,
,BOB,PHETHAI,2018-12-15 00:00:00,300,9.2,85.2,2,1001,30,6,DD,,,2018,,
,BOB,PHETHAI,2018-12-15 00:00:00,600,9.4,85.1,2,1001,30,6,DD,,,2018,,
,BOB,PHETHAI,2018-12-15 00:00:00,1200,10.3,84.9,2.5,1000,35,7,CS,,,2018,,
,BOB,PHETHAI,2018-12-15 00:00:00,1500,10.7,84.7,2.5,1000,35,7,CS,,,2018,,
,BOB,PHETHAI,2018-12-15 00:00:00,1800,11,84.6,2.5,1000,35,7,CS,,,2018,,
,BOB,PHETHAI,2018-12-15 00:00:00,2100,11.1,84.5,2.5,1000,35,7,CS,,,2018,,
,BOB,PHETHAI,2018-12-16 00:00:00,0,11.3,84.3,3,998,40,8,CS,,,2018,,
,BOB,PHETHAI,2018-12-16 00:00:00,300,11.8,84.1,3,996,45,10,CS,,,2018,,
,BOB,PHETHAI,2018-12-16 00:00:00,600,12.2,83.9,3,996,45,10,CS,,,2018,,
,BOB,PHETHAI,2018-12-16 00:00:00,900,12..6,83.6,3,994,50,13,SCS,,,2018,,
,BOB,PHETHAI,2018-12-16 00:00:00,1200,13.3,83,3.5,992,55,15,SCS,,,2018,,
,BOB,PHETHAI,2018-12-16 00:00:00,1500,13.8,82.7,3.5,992,55,15,SCS,,,2018,,
,BOB,PHETHAI,2018-12-16 00:00:00,1800,14,82.5,3.5,992,55,15,SCS,,,2018,,
,BOB,PHETHAI,2018-12-16 00:00:00,2100,14.5,82.2,3.5,992,55,15,SCS,,,2018,,
,BOB,PHETHAI,2018-12-17 00:00:00,0,15.2,82.2,3,994,50,13,SCS,,,2018,,
,BOB,PHETHAI,2018-12-17 00:00:00,300,15.8,82.2,3,997,45,10,CS,,,2018,,
,BOB,PHETHAI,2018-12-17 00:00:00,600,16.2,82.2,3,997,45,10,CS,,,2018,,
,BOB,PHETHAI,2018-12-17 00:00:00,900,16.7,82.3,-,998,40,8,CS,,,2018,,
,BOB,PHETHAI,2018-12-17 00:00:00,1200,16.9,82.4,2,1001,30,6,DD,,,2018,,
,BOB,PHETHAI,2018-12-17 00:00:00,1500,17.3,82.5,-,1004,30,5,DD,,,2018,,
,BOB,PHETHAI,2018-12-17 00:00:00,1800,17.5,82.5,-,1006,25,3,D,,,2018,,
1.0,BOB,Pabuk,2019-01-04 00:00:00,1200,8.5,99.7,-,998,45,10,CS,,1.Pabuk,2019,,
,BOB,Pabuk,2019-01-04 00:00:00,1500,8.6,99.5,-,998,45,10,CS,,1.Pabuk,2019,,
,BOB,Pabuk,2019-01-04 00:00:00,1800,8.7,99.2,-,998,45,10,CS,,1.Pabuk,2019,,
,BOB,Pabuk,2019-01-04 00:00:00,2100,8.8,99,-,998,45,10,CS,,1.Pabuk,2019,,
,BOB,Pabuk,2019-01-05 00:00:00,0,8.9,98.7,-,1000,40,8,CS,,1.Pabuk,2019,,
,BOB,Pabuk,2019-01-05 00:00:00,300,9.1,98.1,-,1000,40,8,CS,,1.Pabuk,2019,,
,BOB,Pabuk,2019-01-05 00:00:00,600,9.3,97.6,2.5,1000,40,8,CS,,1.Pabuk,2019,,
,BOB,Pabuk,2019-01-05 00:00:00,900,9.5,97.3,2.5,1000,40,8,CS,,1.Pabuk,2019,,
,BOB,Pabuk,2019-01-05 00:00:00,1200,9.8,97.1,2.5,1000,40,8,CS,,1.Pabuk,2019,,
,BOB,Pabuk,2019-01-05 00:00:00,1500,10.1,96.8,2.5,1000,40,8,CS,,1.Pabuk,2019,,
,BOB,Pabuk,2019-01-05 00:00:00,1800,10.4,96.5,2.5,1001,35,7,CS,,1.Pabuk,2019,,
,BOB,Pabuk,2019-01-05 00:00:00,2100,10.7,96,2.5,1001,35,7,CS,,1.Pabuk,2019,,
,BOB,Pabuk,2019-01-06 00:00:00,0,11,95.5,2.5,1001,35,7,CS,,1.Pabuk,2019,,
,BOB,Pabuk,2019-01-06 00:00:00,300,11.1,94.6,2.5,1001,35,7,CS,,1.Pabuk,2019,,
,BOB,Pabuk,2019-01-06 00:00:00,600,11.2,94,2,1002,30,6,DD,,1.Pabuk,2019,,
,BOB,Pabuk,2019-01-06 00:00:00,1200,11.5,92.9,2,1003,30,5,DD,,1.Pabuk,2019,,
,BOB,Pabuk,2019-01-06 00:00:00,1800,12,92.2,2,1003,30,5,DD,,1.Pabuk,2019,,
,BOB,Pabuk,2019-01-07 00:00:00,0,12.6,92,1.5,1004,25,4,D,,1.Pabuk,2019,,
,BOB,Pabuk,2019-01-07 00:00:00,300,12.8,92,1.5,1004,25,4,D,,1.Pabuk,2019,,
,BOB,Pabuk,2019-01-07 00:00:00,600,12.8,92,1.5,1004,25,4,D,,1.Pabuk,2019,,
,BOB,Pabuk,2019-01-07 00:00:00,1200,13.1,92,1.5,1004,25,4,D,,1.Pabuk,2019,,
,BOB,Pabuk,2019-01-07 00:00:00,1800,13.1,92,1.5,1005,20,3,D,,1.Pabuk,2019,,
2.0,BOB,Fani,2019-04-26 00:00:00,300,2.7,89.7,1.5,998,25,4,D,,Fani,2019,,
,BOB,Fani,2019-04-26 00:00:00,600,3,89.4,1.5,998,25,4,D,,Fani,2019,,
,BOB,Fani,2019-04-26 00:00:00,1200,3.2,89.2,1.5,998,25,4,D,,Fani,2019,,
,BOB,Fani,2019-04-26 00:00:00,1800,3.7,88.8,1.5,998,25,4,D,,Fani,2019,,
,BOB,Fani,2019-04-27 00:00:00,0,4.5,88.8,2,997,30,5,DD,,Fani,2019,,
,BOB,Fani,2019-04-27 00:00:00,300,4.9,88.7,2,996,30,6,DD,,Fani,2019,,
,BOB,Fani,2019-04-27 00:00:00,600,5.2,88.6,2.5,995,35,7,CS,,Fani,2019,,
,BOB,Fani,2019-04-27 00:00:00,900,5.4,88.5,2.5,994,40,8,CS,,Fani,2019,,
,BOB,Fani,2019-04-27 00:00:00,1200,5.9,88.5,3,992,45,10,CS,,Fani,2019,,
,BOB,Fani,2019-04-27 00:00:00,1500,6.3,88.5,3,992,45,10,CS,,Fani,2019,,
,BOB,Fani,2019-04-27 00:00:00,1800,6.6,88.2,3,992,45,10,CS,,Fani,2019,,
,BOB,Fani,2019-04-27 00:00:00,2100,6.9,87.9,3,992,45,10,CS,,Fani,2019,,
,BOB,Fani,2019-04-28 00:00:00,0,7.3,87.9,3,992,45,10,CS,,Fani,2019,,
,BOB,Fani,2019-04-28 00:00:00,300,7.3,87.9,3,992,45,10,CS,,Fani,2019,,
,BOB,Fani,2019-04-28 00:00:00,600,7.4,87.8,3,992,45,10,CS,,Fani,2019,,
,BOB,Fani,2019-04-28 00:00:00,900,7.7,87.5,3,992,45,10,CS,,Fani,2019,,
,BOB,Fani,2019-04-28 00:00:00,1200,8.2,87,3,992,45,10,CS,,Fani,2019,,
,BOB,Fani,2019-04-28 00:00:00,1500,8.3,86.9,3,992,45,10,CS,,Fani,2019,,
,BOB,Fani,2019-04-28 00:00:00,1800,8.4,86.9,3,992,45,10,CS,,Fani,2019,,
,BOB,Fani,2019-04-28 00:00:00,2100,8.5,86.9,3,992,45,10,CS,,Fani,2019,,
,BOB,Fani,2019-04-29 00:00:00,0,8.6,86.9,3,992,45,10,CS,,Fani,2019,,
,BOB,Fani,2019-04-29 00:00:00,300,8.7,86.9,3,992,45,10,CS,,Fani,2019,,
,BOB,Fani,2019-04-29 00:00:00,600,9.2,86.9,3,992,45,10,CS,,Fani,2019,,
,BOB,Fani,2019-04-29 00:00:00,900,9.7,86.8,3,992,45,10,CS,,Fani,2019,,
,BOB,Fani,2019-04-29 00:00:00,1200,10.1,86.7,3.5,986,55,16,SCS,,Fani,2019,,
,BOB,Fani,2019-04-29 00:00:00,1500,10.4,86.7,3.5,986,55,16,SCS,,Fani,2019,,
,BOB,Fani,2019-04-29 00:00:00,1800,10.8,86.6,3.5,986,55,16,SCS,,Fani,2019,,
,BOB,Fani,2019-04-29 00:00:00,2100,11.1,86.5,4,982,65,20,VSCS,,Fani,2019,,
,BOB,Fani,2019-04-30 00:00:00,0,11.7,86.5,4,980,70,22,VSCS,,Fani,2019,,
,BOB,Fani,2019-04-30 00:00:00,300,12.3,86.2,4.5,974,75,28,VSCS,,Fani,2019,,
,BOB,Fani,2019-04-30 00:00:00,600,12.6,85.7,4.5,970,80,32,VSCS,,Fani,2019,,
,BOB,Fani,2019-04-30 00:00:00,900,13,85.3,4.5,966,85,36,VSCS,,Fani,2019,,
,BOB,Fani,2019-04-30 00:00:00,1200,13.3,84.7,5,962,90,40,ESCS,,Fani,2019,,
,BOB,Fani,2019-04-30 00:00:00,1500,13.4,84.5,5,957,95,45,ESCS,,Fani,2019,,
,BOB,Fani,2019-04-30 00:00:00,1800,13.5,84.4,5,957,95,45,ESCS,,Fani,2019,,
,BOB,Fani,2019-04-30 00:00:00,2100,13.6,84.2,5,957,95,45,ESCS,,Fani,2019,,
,BOB,Fani,2019-05-01 00:00:00,0,13.9,84,5,957,95,45,ESCS,,Fani,2019,,
,BOB,Fani,2019-05-01 00:00:00,300,14.1,83.9,5,957,95,45,ESCS,,Fani,2019,,
,BOB,Fani,2019-05-01 00:00:00,600,14.2,83.9,5,957,95,45,ESCS,,Fani,2019,,
,BOB,Fani,2019-05-01 00:00:00,900,14.5,84.1,5,955,95,45,ESCS,,Fani,2019,,
,BOB,Fani,2019-05-01 00:00:00,1200,14.9,84.1,5.5,950,100,50,ESCS,,Fani,2019,,
,BOB,Fani,2019-05-01 00:00:00,1500,15.1,84.1,5.5,950,100,50,ESCS,,Fani,2019,,
,BOB,Fani,2019-05-01 00:00:00,1800,15.2,84.1,5.5,950,100,50,ESCS,,Fani,2019,,
,BOB,Fani,2019-05-01 00:00:00,2100,15.5,84.2,5.5,950,100,50,ESCS,,Fani,2019,,
,BOB,Fani,2019-05-02 00:00:00,0,15.9,84.5,5.5,945,105,55,ESCS,,Fani,2019,,
,BOB,Fani,2019-05-02 00:00:00,300,16.2,84.6,5.5,945,105,55,ESCS,,Fani,2019,,
,BOB,Fani,2019-05-02 00:00:00,600,16.7,84.8,6,940,110,60,ESCS,,Fani,2019,,
,BOB,Fani,2019-05-02 00:00:00,900,17.1,84.8,6,932,115,66,ESCS,,Fani,2019,,
,BOB,Fani,2019-05-02 00:00:00,1200,17.5,84.8,6,932,115,66,ESCS,,Fani,2019,,
,BOB,Fani,2019-05-02 00:00:00,1500,17.8,84.9,6,934,115,66,ESCS,,Fani,2019,,
,BOB,Fani,2019-05-02 00:00:00,1800,18.2,85,6,934,115,66,ESCS,,Fani,2019,,
,BOB,Fani,2019-05-02 00:00:00,2100,18.6,85.2,6,934,115,66,ESCS,,Fani,2019,,
,BOB,Fani,2019-05-03 00:00:00,0,19.1,85.5,6,945,105,55,ESCS,,Fani,2019,,
,BOB,Fani,2019-05-03 00:00:00,300,19.6,85.7,5.5,952,100,50,ESCS,,Fani,2019,,
,BOB,Fani,2019-05-03 00:00:00,600,20.2,85.9,-,966,85,36,VSCS,,Fani,2019,,
,BOB,Fani,2019-05-03 00:00:00,900,20.6,86,-,970,75,28,VSCS,,Fani,2019,,
,BOB,Fani,2019-05-03 00:00:00,1200,21.1,86.5,-,976,70,22,VSCS,,Fani,2019,,
,BOB,Fani,2019-05-03 00:00:00,1500,21.5,86.7,-,980,60,18,SCS,,Fani,2019,,
,BOB,Fani,2019-05-03 00:00:00,1800,21.9,87.1,-,984,55,16,SCS,,Fani,2019,,
,BOB,Fani,2019-05-03 00:00:00,2100,22.5,87.9,-,986,50,12,SCS,,Fani,2019,,
,BOB,Fani,2019-05-04 00:00:00,0,23.1,88.2,-,994,40,8,CS,,Fani,2019,,
,BOB,Fani,2019-05-04 00:00:00,300,23.6,88.8,-,996,30,6,DD,,Fani,2019,,
,BOB,Fani,2019-05-04 00:00:00,600,24.3,89.3,-,998,25,5,D,,Fani,2019,,
,BOB,Fani,2019-05-04 00:00:00,1200,25.2,90.7,-,1000,20,4,D,,Fani,2019,,
3.0,AS,Vayu,2019-06-10 00:00:00,0,11.7,71,1.5,998,25,3,D,,Vayu,2019,,
,AS,Vayu,2019-06-10 00:00:00,300,12.5,71,1.5,998,25,3,D,,Vayu,2019,,
,AS,Vayu,2019-06-10 00:00:00,600,12.5,70.9,2,997,30,4,DD,,Vayu,2019,,
,AS,Vayu,2019-06-10 00:00:00,1200,13.3,70.8,2,996,30,5,DD,,Vayu,2019,,
,AS,Vayu,2019-06-10 00:00:00,1800,13.9,70.6,2.5,995,35,6,CS,,Vayu,2019,,
,AS,Vayu,2019-06-10 00:00:00,2100,14.2,70.6,2.5,994,35,7,CS,,Vayu,2019,,
,AS,Vayu,2019-06-11 00:00:00,0,14.7,70.6,2.5,993,40,8,CS,,Vayu,2019,,
,AS,Vayu,2019-06-11 00:00:00,300,15,70.6,2.5,992,40,9,CS,,Vayu,2019,,
,AS,Vayu,2019-06-11 00:00:00,600,15.2,70.6,3,990,45,10,CS,,Vayu,2019,,
,AS,Vayu,2019-06-11 00:00:00,900,15.7,70.6,3,988,45,12,CS,,Vayu,2019,,
,AS,Vayu,2019-06-11 00:00:00,1200,16.1,70.6,3.5,986,55,15,SCS,,Vayu,2019,,
,AS,Vayu,2019-06-11 00:00:00,1500,16.7,70.6,3.5,983,60,18,SCS,,Vayu,2019,,
,AS,Vayu,2019-06-11 00:00:00,1800,17.1,70.6,4,980,65,21,VSCS,,Vayu,2019,,
,AS,Vayu,2019-06-11 00:00:00,2100,17.5,70.6,4,977,70,24,VSCS,,Vayu,2019,,
,AS,Vayu,2019-06-12 00:00:00,0,17.8,70.4,4.5,975,75,26,VSCS,,Vayu,2019,,
,AS,Vayu,2019-06-12 00:00:00,300,18,70.3,4.5,973,75,28,VSCS,,Vayu,2019,,
,AS,Vayu,2019-06-12 00:00:00,600,18.4,70,4.5,971,75,30,VSCS,,Vayu,2019,,
,AS,Vayu,2019-06-12 00:00:00,900,18.8,69.9,4.5,970,80,32,VSCS,,Vayu,2019,,
,AS,Vayu,2019-06-12 00:00:00,1200,19.1,69.9,4.5,970,80,32,VSCS,,Vayu,2019,,
,AS,Vayu,2019-06-12 00:00:00,1500,19.5,69.8,4.5,970,80,32,VSCS,,Vayu,2019,,
,AS,Vayu,2019-06-12 00:00:00,1800,19.7,69.7,4.5,970,80,32,VSCS,,Vayu,2019,,
,AS,Vayu,2019-06-12 00:00:00,2100,20,69.6,4.5,970,80,32,VSCS,,Vayu,2019,,
,AS,Vayu,2019-06-13 00:00:00,0,20.3,69.5,4.5,970,80,32,VSCS,,Vayu,2019,,
,AS,Vayu,2019-06-13 00:00:00,300,20.4,69.4,4.5,970,80,32,VSCS,,Vayu,2019,,
,AS,Vayu,2019-06-13 00:00:00,600,20.5,69.3,4.5,970,80,32,VSCS,,Vayu,2019,,
,AS,Vayu,2019-06-13 00:00:00,900,20.7,69.1,4.5,970,80,32,VSCS,,Vayu,2019,,
,AS,Vayu,2019-06-13 00:00:00,1200,20.9,69,4.5,970,80,32,VSCS,,Vayu,2019,,
,AS,Vayu,2019-06-13 00:00:00,1500,20.9,68.8,4.5,970,80,32,VSCS,,Vayu,2019,,
,AS,Vayu,2019-06-13 00:00:00,1800,20.9,68.8,4.5,970,80,32,VSCS,,Vayu,2019,,
,AS,Vayu,2019-06-13 00:00:00,2100,20.9,68.6,4.5,970,80,32,VSCS,,Vayu,2019,,
,AS,Vayu,2019-06-14 00:00:00,0,21,68.5,4.5,970,80,32,VSCS,,Vayu,2019,,
,AS,Vayu,2019-06-14 00:00:00,300,21,68.3,4.5,973,75,28,VSCS,,Vayu,2019,,
,AS,Vayu,2019-06-14 00:00:00,600,21,68.2,4.5,973,75,28,VSCS,,Vayu,2019,,
,AS,Vayu,2019-06-14 00:00:00,900,20.9,68.1,4.5,973,75,26,VSCS,,Vayu,2019,,
,AS,Vayu,2019-06-14 00:00:00,1200,20.8,68,4,976,70,24,VSCS,,Vayu,2019,,
,AS,Vayu,2019-06-14 00:00:00,1500,20.8,67.9,4,976,70,24,VSCS,,Vayu,2019,,
,AS,Vayu,2019-06-14 00:00:00,1800,20.8,67.8,4,978,65,22,VSCS,,Vayu,2019,,
,AS,Vayu,2019-06-14 00:00:00,2100,20.8,67.5,4,978,65,22,VSCS,,Vayu,2019,,
,AS,Vayu,2019-06-15 00:00:00,0,20.7,67.4,4,978,65,22,VSCS,,Vayu,2019,,
,AS,Vayu,2019-06-15 00:00:00,300,20.7,67.4,4,979,65,21,VSCS,,Vayu,2019,,
,AS,Vayu,2019-06-15 00:00:00,600,20.7,66.9,4,979,65,21,VSCS,,Vayu,2019,,
,AS,Vayu,2019-06-15 00:00:00,900,20.7,66.7,4,980,65,21,VSCS,,Vayu,2019,,
,AS,Vayu,2019-06-15 00:00:00,1200,20.7,66.4,4,980,65,21,VSCS,,Vayu,2019,,
,AS,Vayu,2019-06-15 00:00:00,1500,20.7,66.3,4,980,65,21,VSCS,,Vayu,2019,,
,AS,Vayu,2019-06-15 00:00:00,1800,20.7,66,4,981,65,21,VSCS,,Vayu,2019,,
,AS,Vayu,2019-06-15 00:00:00,2100,20.7,65.9,4,981,65,21,VSCS,,Vayu,2019,,
,AS,Vayu,2019-06-16 00:00:00,0,20.7,65.5,3.5,983,60,18,SCS,,Vayu,2019,,
,AS,Vayu,2019-06-16 00:00:00,300,20.8,65.2,3.5,985,55,16,SCS,,Vayu,2019,,
,AS,Vayu,2019-06-16 00:00:00,600,20.9,65.1,3.5,985,55,16,SCS,,Vayu,2019,,
,AS,Vayu,2019-06-16 00:00:00,900,20.9,65,3.5,986,55,15,SCS,,Vayu,2019,,
,AS,Vayu,2019-06-16 00:00:00,1200,21,65.1,3,988,50,12,SCS,,Vayu,2019,,
,AS,Vayu,2019-06-16 00:00:00,1500,21.2,65.5,3,990,45,10,CS,,Vayu,2019,,
,AS,Vayu,2019-06-16 00:00:00,1800,21.3,66,2.5,992,40,8,CS,,Vayu,2019,,
,AS,Vayu,2019-06-16 00:00:00,2100,21.5,66.4,2.5,993,40,7,CS,,Vayu,2019,,
,AS,Vayu,2019-06-17 00:00:00,0,21.7,66.7,2.5,995,35,6,CS,,Vayu,2019,,
,AS,Vayu,2019-06-17 00:00:00,300,21.8,66.8,2,996,30,5,DD,,Vayu,2019,,
,AS,Vayu,2019-06-17 00:00:00,600,22,67,2,997,30,5,DD,,Vayu,2019,,
,AS,Vayu,2019-06-17 00:00:00,900,22.2,67.4,1.5,998,25,4,D,,Vayu,2019,,
,AS,Vayu,2019-06-17 00:00:00,1200,22.5,67.8,1.5,998,20,3,D,,Vayu,2019,,
4.0,BOB,,2019-08-06 00:00:00,300,20.5,88,1.5,990,25,3,D,,,2019,,
,BOB,,2019-08-06 00:00:00,600,20.5,88,1.5,990,25,3,D,,,2019,,
,BOB,,2019-08-06 00:00:00,1200,20.7,87.8,1.5,990,25,3,D,,,2019,,
,BOB,,2019-08-06 00:00:00,1800,20.8,87.6,1.5,990,25,3,D,,,2019,,
,BOB,,2019-08-07 00:00:00,0,21,87.4,2,988,30,5,DD,,,2019,,
,BOB,,2019-08-07 00:00:00,300,21.1,87.4,2,988,30,5,DD,,,2019,,
,BOB,,2019-08-07 00:00:00,600,21.2,87.2,2,988,30,5,DD,,,2019,,
,BOB,,2019-08-07 00:00:00,1200,21.9,86.5,-,988,30,5,DD,,,2019,,
,BOB,,2019-08-07 00:00:00,1800,22.4,85.6,-,988,30,5,DD,,,2019,,
,BOB,,2019-08-08 00:00:00,0,22.8,84,-,999,25,4,D,,,2019,,
,BOB,,2019-08-08 00:00:00,300,23,82.9,-,999,25,4,D,,,2019,,
,BOB,,2019-08-08 00:00:00,600,23.4,81.9,-,999,25,4,D,,,2019,,
,BOB,,2019-08-08 00:00:00,1200,23.6,80.2,-,999,25,4,D,,,2019,,
,BOB,,2019-08-08 00:00:00,1800,23.6,79.8,-,1000,25,3,D,,,2019,,
,BOB,,2019-08-09 00:00:00,0,23.6,78.6,-,1000,25,3,D,,,2019,,
,BOB,,2019-08-09 00:00:00,300,23.8,77.3,-,1000,25,3,D,,,2019,,
,BOB,,2019-08-09 00:00:00,600,24,76.1,-,1000,25,3,D,,,2019,,
5.0,AS,Hikka,2019-09-22 00:00:00,300,19.8,69.4,1.5,1002,25,3,D,,5.Hikka,2019,,
,AS,Hikka,2019-09-22 00:00:00,600,20,69,1.5,1000,25,4,D,,5.Hikka,2019,,
,AS,Hikka,2019-09-22 00:00:00,1200,20.4,68.2,2,999,30,5,DD,,5.Hikka,2019,,
,AS,Hikka,2019-09-22 00:00:00,1800,20.5,67.2,2,998,30,6,DD,,5.Hikka,2019,,
,AS,Hikka,2019-09-23 00:00:00,0,20.5,66.2,2.5,997,35,7,CS,,5.Hikka,2019,,
,AS,Hikka,2019-09-23 00:00:00,300,20.4,65.7,2.5,996,40,8,CS,,5.Hikka,2019,,
,AS,Hikka,2019-09-23 00:00:00,600,20.3,65,3,994,45,10,CS,,5.Hikka,2019,,
,AS,Hikka,2019-09-23 00:00:00,900,20.2,64.2,3.5,988,55,16,SCS,,5.Hikka,2019,,
,AS,Hikka,2019-09-23 00:00:00,1200,20.2,63.7,3.5,988,55,16,SCS,,5.Hikka,2019,,
,AS,Hikka,2019-09-23 00:00:00,1500,20.2,62.9,3.5,988,55,16,SCS,,5.Hikka,2019,,
,AS,Hikka,2019-09-23 00:00:00,1800,20.2,62.3,3.5,986,60,18,SCS,,5.Hikka,2019,,
,AS,Hikka,2019-09-23 00:00:00,2100,20.2,61.5,3.5,986,60,18,SCS,,5.Hikka,2019,,
,AS,Hikka,2019-09-24 00:00:00,0,20.1,61,4,980,70,24,VSCS,,5.Hikka,2019,,
,AS,Hikka,2019-09-24 00:00:00,300,20.1,60.3,4.5,978,75,27,VSCS,,5.Hikka,2019,,
,AS,Hikka,2019-09-24 00:00:00,600,20,59.5,4.5,978,75,27,VSCS,,5.Hikka,2019,,
,AS,Hikka,2019-09-24 00:00:00,900,19.9,58.9,4.5,978,75,27,VSCS,,5.Hikka,2019,,
,,,2019-09-24 00:00:00,1200,19.8,58.3,4.5,978,75,27,VSCS,,,2019,,
,AS,Hikka,2019-09-24 00:00:00,1500,19.7,57.6,-,986,60,18,SCS,,5.Hikka,2019,,
,AS,Hikka,2019-09-24 00:00:00,1800,19.7,57.1,-,989,55,15,SCS,,5.Hikka,2019,,
,AS,Hikka,2019-09-24 00:00:00,2100,19.6,56.6,-,994,45,10,CS,,5.Hikka,2019,,
,AS,Hikka,2019-09-25 00:00:00,0,19.6,55.9,-,997,35,7,CS,,5.Hikka,2019,,
,AS,Hikka,2019-09-25 00:00:00,300,19.5,55.5,-,999,30,5,DD,,5.Hikka,2019,,
,AS,Hikka,2019-09-25 00:00:00,600,19.3,55,-,1002,25,3,D,,5.Hikka,2019,,
6.0,Land,,2019-09-29 00:00:00,1200,23.1,70.2,-,1002,25,4,D,,,2019,,
,Land,,2019-09-29 00:00:00,1800,23.1,70.2,-,1002,25,4,D,,,2019,,
,Land,,2019-09-30 00:00:00,0,23.2,70.5,-,1002,25,4,D,,,2019,,
,Land,,2019-09-30 00:00:00,300,23.4,70.7,-,1002,25,4,D,,,2019,,
,Land,,2019-09-30 00:00:00,600,23.5,71.3,-,1002,25,4,D,,,2019,,
,Land,,2019-09-30 00:00:00,1200,23.5,71.9,-,1002,25,4,D,,,2019,,
,Land,,2019-09-30 00:00:00,1800,23.7,72.7,-,1002,25,4,D,,,2019,,
,Land,,2019-10-01 00:00:00,0,24,74.1,-,1002,25,4,D,,,2019,,
7.0,AS,KYAAR,2019-10-24 00:00:00,300,15.4,70.4,1.5,1000,25,3,D,,6.KYAAR,2019,,
,AS,KYAAR,2019-10-24 00:00:00,600,15.4,70.4,1.5,1000,25,3,D,,6.KYAAR,2019,,
,AS,KYAAR,2019-10-24 00:00:00,1200,15.5,70.8,1.5,998,30,5,DD,,6.KYAAR,2019,,
,AS,KYAAR,2019-10-24 00:00:00,1800,15.7,71.3,2,997,30,6,DD,,6.KYAAR,2019,,
,AS,KYAAR,2019-10-25 00:00:00,0,15.9,71.5,2.5,996,40,8,CS,,6.KYAAR,2019,,
,AS,KYAAR,2019-10-25 00:00:00,300,16,71.6,2.5,996,40,8,CS,,6.KYAAR,2019,,
,AS,KYAAR,2019-10-25 00:00:00,600,16.1,71.8,3,994,45,10,CS,,6.KYAAR,2019,,
,AS,KYAAR,2019-10-25 00:00:00,900,16.2,71.7,3,994,45,10,CS,,6.KYAAR,2019,,
,AS,KYAAR,2019-10-25 00:00:00,1200,16.3,71.7,3,992,50,12,SCS,,6.KYAAR,2019,,
,AS,KYAAR,2019-10-25 00:00:00,1500,16.3,71.7,3.5,991,55,15,SCS,,6.KYAAR,2019,,
,AS,KYAAR,2019-10-25 00:00:00,1800,16.4,71.5,3.5,990,55,16,SCS,,6.KYAAR,2019,,
,AS,KYAAR,2019-10-25 00:00:00,2100,16.5,71.2,3.5,988,60,18,SCS,,6.KYAAR,2019,,
,AS,KYAAR,2019-10-26 00:00:00,0,16.5,70.8,4,984,65,22,VSCS,,6.KYAAR,2019,,
,AS,KYAAR,2019-10-26 00:00:00,300,16.6,70.5,4,984,65,22,VSCS,,6.KYAAR,2019,,
,AS,KYAAR,2019-10-26 00:00:00,600,16.6,70,4.5,978,75,28,VSCS,,6.KYAAR,2019,,
,AS,KYAAR,2019-10-26 00:00:00,900,16.6,69.8,4.5,974,80,32,VSCS,,6.KYAAR,2019,,
,AS,KYAAR,2019-10-26 00:00:00,1200,16.7,69.4,4.5,970,85,36,VSCS,,6.KYAAR,2019,,
,AS,KYAAR,2019-10-26 00:00:00,1500,16.7,69.1,5,966,90,40,ESCS,,6.KYAAR,2019,,
,AS,KYAAR,2019-10-26 00:00:00,1800,16.8,68.9,5.5,950,105,56,ESCS,,6.KYAAR,2019,,
,AS,KYAAR,2019-10-26 00:00:00,2100,16.9,68.5,6,946,110,60,ESCS,,6.KYAAR,2019,,
,AS,KYAAR,2019-10-27 00:00:00,0,17,68.2,6,934,120,72,SuCS,,6.KYAAR,2019,,
,AS,KYAAR,2019-10-27 00:00:00,300,17.1,67.8,6.5,928,125,78,SuCS,,6.KYAAR,2019,,
,AS,KYAAR,2019-10-27 00:00:00,600,17.2,67.3,6.5,928,125,78,SuCS,,6.KYAAR,2019,,
,AS,KYAAR,2019-10-27 00:00:00,900,17.4,67,6.5,922,130,84,SuCS,,6.KYAAR,2019,,
,AS,KYAAR,2019-10-27 00:00:00,1200,17.5,66.7,6.5,922,130,84,SuCS,,6.KYAAR,2019,,
,AS,KYAAR,2019-10-27 00:00:00,1500,17.5,66.5,6.5,922,130,84,SuCS,,6.KYAAR,2019,,
,AS,KYAAR,2019-10-27 00:00:00,1800,17.8,66.3,6.5,922,130,84,SuCS,,6.KYAAR,2019,,
,AS,KYAAR,2019-10-27 00:00:00,2100,18,65.7,6.5,926,125,80,SuCS,,6.KYAAR,2019,,
,AS,KYAAR,2019-10-28 00:00:00,0,18.1,65.4,6.5,928,125,78,SuCS,,6.KYAAR,2019,,
,AS,KYAAR,2019-10-28 00:00:00,300,18.2,65,6.5,928,125,78,SuCS,,6.KYAAR,2019,,
,AS,KYAAR,2019-10-28 00:00:00,600,18.3,64.7,6.5,928,125,78,SuCS,,6.KYAAR,2019,,
,AS,KYAAR,2019-10-28 00:00:00,900,18.4,64.5,6.5,928,125,78,SuCS,,6.KYAAR,2019,,
,AS,KYAAR,2019-10-28 00:00:00,1200,18.5,64.3,6.5,928,125,78,SuCS,,6.KYAAR,2019,,
,AS,KYAAR,2019-10-28 00:00:00,1500,18.7,64.1,6.5,928,125,78,SuCS,,6.KYAAR,2019,,
,AS,KYAAR,2019-10-28 00:00:00,1800,18.8,63.9,6.5,930,125,76,SuCS,,6.KYAAR,2019,,
,AS,KYAAR,2019-10-28 00:00:00,2100,18.9,63.8,6.5,930,125,76,SuCS,,6.KYAAR,2019,,
,AS,KYAAR,2019-10-29 00:00:00,0,19.1,63.5,6,934,120,72,SuCS,,6.KYAAR,2019,,
,AS,KYAAR,2019-10-29 00:00:00,300,19.2,63.4,6,940,115,66,ESCS,,6.KYAAR,2019,,
,AS,KYAAR,2019-10-29 00:00:00,600,19.4,63.2,5.5,946,110,60,ESCS,,6.KYAAR,2019,,
,AS,KYAAR,2019-10-29 00:00:00,900,19.4,63.1,5.5,950,105,56,ESCS,,6.KYAAR,2019,,
,AS,KYAAR,2019-10-29 00:00:00,1200,19.5,63.1,5.5,956,100,50,ESCS,,6.KYAAR,2019,,
,AS,KYAAR,2019-10-29 00:00:00,1500,19.5,62.9,5.5,956,100,50,ESCS,,6.KYAAR,2019,,
,AS,KYAAR,2019-10-29 00:00:00,1800,19.6,62.8,5,960,95,46,ESCS,,6.KYAAR,2019,,
,AS,KYAAR,2019-10-29 00:00:00,2100,19.6,62.6,5,966,90,40,ESCS,,6.KYAAR,2019,,
,AS,KYAAR,2019-10-30 00:00:00,0,19.6,62.3,4.5,970,85,36,VSCS,,6.KYAAR,2019,,
,AS,KYAAR,2019-10-30 00:00:00,300,19.6,62.1,4.5,974,80,32,VSCS,,6.KYAAR,2019,,
,AS,KYAAR,2019-10-30 00:00:00,600,19.4,61.8,4.5,978,75,28,VSCS,,6.KYAAR,2019,,
,AS,KYAAR,2019-10-30 00:00:00,900,19.3,61.7,4,982,70,24,VSCS,,6.KYAAR,2019,,
,AS,KYAAR,2019-10-30 00:00:00,1200,19,61.5,4,984,65,22,VSCS,,6.KYAAR,2019,,
,AS,KYAAR,2019-10-30 00:00:00,1500,18.9,61.2,3.5,988,60,18,SCS,,6.KYAAR,2019,,
,AS,KYAAR,2019-10-30 00:00:00,1800,18.7,61,3.5,990,55,16,SCS,,6.KYAAR,2019,,
,AS,KYAAR,2019-10-30 00:00:00,2100,18.5,60.7,3.5,991,55,15,SCS,,6.KYAAR,2019,,
,AS,KYAAR,2019-10-31 00:00:00,0,18.4,60.5,3,994,50,12,SCS,,6.KYAAR,2019,,
,AS,KYAAR,2019-10-31 00:00:00,300,18,60.2,3,996,45,10,CS,,6.KYAAR,2019,,
,AS,KYAAR,2019-10-31 00:00:00,600,17.7,60.1,2.5,998,40,8,CS,,6.KYAAR,2019,,
,AS,KYAAR,2019-10-31 00:00:00,900,17.5,60,2.5,998,40,8,CS,,6.KYAAR,2019,,
,AS,KYAAR,2019-10-31 00:00:00,1200,17.4,59.9,2.5,999,35,7,CS,,6.KYAAR,2019,,
,AS,KYAAR,2019-10-31 00:00:00,1500,17.2,59.6,2,1001,30,5,DD,,6.KYAAR,2019,,
,AS,KYAAR,2019-10-31 00:00:00,1800,16.8,59.6,2,1001,30,5,DD,,6.KYAAR,2019,,
,AS,KYAAR,2019-10-31 00:00:00,2100,16.7,59.5,2,1001,30,5,DD,,6.KYAAR,2019,,
,AS,KYAAR,2019-11-01 00:00:00,0,16.5,59.3,1.5,1002,25,4,D,,6.KYAAR,2019,,
,AS,KYAAR,2019-11-01 00:00:00,300,16.3,59,1.5,1002,25,4,D,,6.KYAAR,2019,,
,AS,KYAAR,2019-11-01 00:00:00,600,16,58.7,1.5,1002,25,4,D,,6.KYAAR,2019,,
,AS,KYAAR,2019-11-01 00:00:00,900,15.8,58.4,1.5,1002,25,4,D,,6.KYAAR,2019,,
,AS,KYAAR,2019-11-01 00:00:00,1200,15.4,57.5,1.5,1002,25,4,D,,6.KYAAR,2019,,
,AS,KYAAR,2019-11-01 00:00:00,1500,15,57.4,1.5,1002,25,4,D,,6.KYAAR,2019,,
,AS,KYAAR,2019-11-01 00:00:00,1800,14.5,57,1.5,1002,25,4,D,,6.KYAAR,2019,,
,AS,KYAAR,2019-11-01 00:00:00,2100,14,56.4,1.5,1002,25,4,D,,6.KYAAR,2019,,
,AS,KYAAR,2019-11-02 00:00:00,0,13.7,55.8,1.5,1002,25,4,D,,6.KYAAR,2019,,
,AS,KYAAR,2019-11-02 00:00:00,300,13.5,55,1.5,1003,25,3,D,,6.KYAAR,2019,,
,AS,KYAAR,2019-11-02 00:00:00,600,13.1,54.1,1.5,1003,25,3,D,,6.KYAAR,2019,,
,AS,KYAAR,2019-11-02 00:00:00,900,12.5,53.8,1.5,1003,25,3,D,,6.KYAAR,2019,,
,AS,KYAAR,2019-11-02 00:00:00,1200,12.5,53,1.5,1003,20,3,D,,6.KYAAR,2019,,
,AS,KYAAR,2019-11-02 00:00:00,1500,12,52.5,1.5,1003,20,3,D,,6.KYAAR,2019,,
8.0,AS,MAHA,2019-10-30 00:00:00,0,6.5,76.2,1.5,1003,25,3,D,,MAHA,2019,,
,AS,MAHA,2019-10-30 00:00:00,300,8,75,1.5,1003,25,3,D,,MAHA,2019,,
,AS,MAHA,2019-10-30 00:00:00,600,8,75,1.5,1002,25,4,D,,MAHA,2019,,
,AS,MAHA,2019-10-30 00:00:00,900,8.5,74.5,2,1001,30,5,DD,,MAHA,2019,,
,AS,MAHA,2019-10-30 00:00:00,1200,9,74.1,2.5,1000,35,6,CS,,MAHA,2019,,
,AS,MAHA,2019-10-30 00:00:00,1500,9.6,73.8,2.5,998,40,8,CS,,MAHA,2019,,
,AS,MAHA,2019-10-30 00:00:00,1800,10.2,73.3,2.5,998,40,8,CS,,MAHA,2019,,
,AS,MAHA,2019-10-30 00:00:00,2100,10.6,73.1,2.5,998,40,8,CS,,MAHA,2019,,
,AS,MAHA,2019-10-31 00:00:00,0,11,73,3,996,45,10,CS,,MAHA,2019,,
,AS,MAHA,2019-10-31 00:00:00,300,11.5,72.8,3,996,45,10,CS,,MAHA,2019,,
,AS,MAHA,2019-10-31 00:00:00,600,11.9,72.8,3,994,50,12,SCS,,MAHA,2019,,
,AS,MAHA,2019-10-31 00:00:00,900,12.3,72.8,3,994,50,12,SCS,,MAHA,2019,,
,AS,MAHA,2019-10-31 00:00:00,1200,12.8,72.4,3,992,50,14,SCS,,MAHA,2019,,
,AS,MAHA,2019-10-31 00:00:00,1500,13.3,72.2,3.5,990,55,16,SCS,,MAHA,2019,,
,AS,MAHA,2019-10-31 00:00:00,1800,13.7,72.1,3.5,990,55,16,SCS,,MAHA,2019,,
,AS,MAHA,2019-10-31 00:00:00,2100,13.9,72,3.5,990,55,16,SCS,,MAHA,2019,,
,AS,MAHA,2019-11-01 00:00:00,0,14.6,71.7,3.5,990,55,16,SCS,,MAHA,2019,,
,AS,MAHA,2019-11-01 00:00:00,300,14.8,71,3.5,990,55,16,SCS,,MAHA,2019,,
,AS,MAHA,2019-11-01 00:00:00,600,15.2,70.5,3.5,990,55,16,SCS,,MAHA,2019,,
,AS,MAHA,2019-11-01 00:00:00,900,15.4,70,3.5,990,55,16,SCS,,MAHA,2019,,
,AS,MAHA,2019-11-01 00:00:00,1200,15.6,69.5,3,992,50,14,SCS,,MAHA,2019,,
,AS,MAHA,2019-11-01 00:00:00,1500,15.7,69.2,3,992,50,14,SCS,,MAHA,2019,,
,AS,MAHA,2019-11-01 00:00:00,1800,15.9,69.1,3,992,50,14,SCS,,MAHA,2019,,
,AS,MAHA,2019-11-01 00:00:00,2100,16.2,68.8,3,992,50,14,SCS,,MAHA,2019,,
,AS,MAHA,2019-11-02 00:00:00,0,16.3,68.5,3,992,50,14,SCS,,MAHA,2019,,
,AS,MAHA,2019-11-02 00:00:00,300,16.4,68.3,3,992,50,14,SCS,,MAHA,2019,,
,AS,MAHA,2019-11-02 00:00:00,600,16.5,68.2,3,992,50,14,SCS,,MAHA,2019,,
,AS,MAHA,2019-11-02 00:00:00,900,16.8,67.9,3,992,50,14,SCS,,MAHA,2019,,
,AS,MAHA,2019-11-02 00:00:00,1200,17,67.6,3.5,990,55,16,SCS,,MAHA,2019,,
,AS,MAHA,2019-11-02 00:00:00,1500,17.1,67.3,3.5,990,55,16,SCS,,MAHA,2019,,
,AS,MAHA,2019-11-02 00:00:00,1800,17.2,67,3.5,988,60,18,SCS,,MAHA,2019,,
,AS,MAHA,2019-11-02 00:00:00,2100,17.5,66.8,3.5,988,60,18,SCS,,MAHA,2019,,
,AS,MAHA,2019-11-03 00:00:00,0,17.6,66.5,3.5,988,60,18,SCS,,MAHA,2019,,
,AS,MAHA,2019-11-03 00:00:00,300,17.6,66.4,3.5,988,60,18,SCS,,MAHA,2019,,
,AS,MAHA,2019-11-03 00:00:00,600,17.6,66.2,3.5,988,60,18,SCS,,MAHA,2019,,
,AS,MAHA,2019-11-03 00:00:00,900,17.6,65.9,4,984,65,22,VSCS,,MAHA,2019,,
,AS,MAHA,2019-11-03 00:00:00,1200,17.7,65.7,4,982,70,24,VSCS,,MAHA,2019,,
,AS,MAHA,2019-11-03 00:00:00,1500,17.8,65.6,4.5,978,75,28,VSCS,,MAHA,2019,,
,AS,MAHA,2019-11-03 00:00:00,1800,17.9,65.4,4.5,974,80,32,VSCS,,MAHA,2019,,
,AS,MAHA,2019-11-03 00:00:00,2100,18,65,4.5,970,85,36,VSCS,,MAHA,2019,,
,AS,MAHA,2019-11-04 00:00:00,0,18.1,64.8,5,966,90,40,ESCS,,MAHA,2019,,
,AS,MAHA,2019-11-04 00:00:00,300,18.3,64.6,5,966,90,40,ESCS,,MAHA,2019,,
,AS,MAHA,2019-11-04 00:00:00,600,18.6,64.3,5,966,90,40,ESCS,,MAHA,2019,,
,AS,MAHA,2019-11-04 00:00:00,900,18.7,64.2,5,962,95,44,ESCS,,MAHA,2019,,
,AS,MAHA,2019-11-04 00:00:00,1200,18.9,64.1,5.5,956,100,50,ESCS,,MAHA,2019,,
,AS,MAHA,2019-11-04 00:00:00,1500,19.2,63.9,5.5,956,100,50,ESCS,,MAHA,2019,,
,AS,MAHA,2019-11-04 00:00:00,1800,19.3,63.7,5.5,956,100,50,ESCS,,MAHA,2019,,
,AS,MAHA,2019-11-04 00:00:00,2100,19.5,63.6,5.5,956,100,50,ESCS,,MAHA,2019,,
,AS,MAHA,2019-11-05 00:00:00,0,19.6,63.6,5,966,90,40,ESCS,,MAHA,2019,,
,AS,MAHA,2019-11-05 00:00:00,300,19.7,63.6,4.5,970,85,36,VSCS,,MAHA,2019,,
,AS,MAHA,2019-11-05 00:00:00,600,19.8,63.7,4.5,974,80,32,VSCS,,MAHA,2019,,
,AS,MAHA,2019-11-05 00:00:00,900,19.8,63.8,4.5,974,80,32,VSCS,,MAHA,2019,,
,AS,MAHA,2019-11-05 00:00:00,1200,19.8,64.1,4,982,70,24,VSCS,,MAHA,2019,,
,AS,MAHA,2019-11-05 00:00:00,1500,19.8,64.3,4,982,70,24,VSCS,,MAHA,2019,,
,AS,MAHA,2019-11-05 00:00:00,1800,19.8,64.9,4,982,70,24,VSCS,,MAHA,2019,,
,AS,MAHA,2019-11-05 00:00:00,2100,19.8,65.5,4,982,70,24,VSCS,,MAHA,2019,,
,AS,MAHA,2019-11-06 00:00:00,0,19.8,65.8,3.5,988,60,18,SCS,,MAHA,2019,,
,AS,MAHA,2019-11-06 00:00:00,300,19.8,66.3,3.5,990,55,16,SCS,,MAHA,2019,,
,AS,MAHA,2019-11-06 00:00:00,600,19.7,66.5,3,994,50,12,SCS,,MAHA,2019,,
,AS,MAHA,2019-11-06 00:00:00,900,19.6,67.1,3,994,50,12,SCS,,MAHA,2019,,
,AS,MAHA,2019-11-06 00:00:00,1200,19.7,67.7,3,996,45,10,CS,,MAHA,2019,,
,AS,MAHA,2019-11-06 00:00:00,1500,19.8,68.3,2.5,998,40,8,CS,,MAHA,2019,,
,AS,MAHA,2019-11-06 00:00:00,1800,19.8,68.4,2.5,998,40,8,CS,,MAHA,2019,,
,AS,MAHA,2019-11-06 00:00:00,2100,19.8,68.9,2.5,1000,35,7,CS,,MAHA,2019,,
,AS,MAHA,2019-11-07 00:00:00,0,19.8,69.4,2,1003,30,5,DD,,MAHA,2019,,
,AS,MAHA,2019-11-07 00:00:00,300,20,70,2,1003,30,5,DD,,MAHA,2019,,
,AS,MAHA,2019-11-07 00:00:00,600,20,70.4,1.5,1005,25,3,D,,MAHA,2019,,
,AS,MAHA,2019-11-07 00:00:00,900,20.2,70.6,1.5,1005,20,3,D,,MAHA,2019,,
9.0,BOB,BULBUL,2019-11-05 00:00:00,0,13.1,91.5,1.5,1004,20,3,D,,8.BULBUL,2019,,
,BOB,BULBUL,2019-11-05 00:00:00,300,13.1,91,1.5,1003,25,3,D,,8.BULBUL,2019,,
,BOB,BULBUL,2019-11-05 00:00:00,600,13.1,90.7,1.5,1003,25,3,D,,8.BULBUL,2019,,
,BOB,BULBUL,2019-11-05 00:00:00,1200,13.2,90.1,1.5,1003,25,3,D,,8.BULBUL,2019,,
,BOB,BULBUL,2019-11-05 00:00:00,1800,13.3,89.8,1.5,1002,25,4,D,,8.BULBUL,2019,,
,BOB,BULBUL,2019-11-06 00:00:00,0,13.4,89.7,2,1001,30,5,DD,,8.BULBUL,2019,,
,BOB,BULBUL,2019-11-06 00:00:00,300,13.4,89.6,2,1001,30,5,DD,,8.BULBUL,2019,,
,BOB,BULBUL,2019-11-06 00:00:00,600,13.4,89.4,2,1001,30,5,DD,,8.BULBUL,2019,,
,BOB,BULBUL,2019-11-06 00:00:00,1200,13.5,89.3,2,1000,30,6,DD,,8.BULBUL,2019,,
,BOB,BULBUL,2019-11-06 00:00:00,1800,13.8,89.3,2.5,998,35,7,CS,,8.BULBUL,2019,,
,BOB,BULBUL,2019-11-07 00:00:00,0,14.2,89.3,2.5,998,35,7,CS,,8.BULBUL,2019,,
,BOB,BULBUL,2019-11-07 00:00:00,300,14.7,89.3,2.5,998,35,7,CS,,8.BULBUL,2019,,
,BOB,BULBUL,2019-11-07 00:00:00,600,15.3,88.7,2.5,996,40,8,CS,,8.BULBUL,2019,,
,BOB,BULBUL,2019-11-07 00:00:00,900,15.5,88.4,3,995,45,9,CS,,8.BULBUL,2019,,
,BOB,BULBUL,2019-11-07 00:00:00,1200,15.9,88,3,994,45,10,CS,,8.BULBUL,2019,,
,BOB,BULBUL,2019-11-07 00:00:00,1500,16.2,87.9,3,992,50,12,SCS,,8.BULBUL,2019,,
,BOB,BULBUL,2019-11-07 00:00:00,1800,16.4,87.8,3.5,989,55,15,SCS,,8.BULBUL,2019,,
,BOB,BULBUL,2019-11-07 00:00:00,2100,16.6,87.7,3.5,986,60,18,SCS,,8.BULBUL,2019,,
,BOB,BULBUL,2019-11-08 00:00:00,0,16.9,87.6,4,983,65,21,VSCS,,8.BULBUL,2019,,
,BOB,BULBUL,2019-11-08 00:00:00,300,17.2,87.6,4,982,65,22,VSCS,,8.BULBUL,2019,,
,BOB,BULBUL,2019-11-08 00:00:00,600,17.6,87.6,4,980,70,24,VSCS,,8.BULBUL,2019,,
,BOB,BULBUL,2019-11-08 00:00:00,900,18.1,87.6,4,980,70,24,VSCS,,8.BULBUL,2019,,
,BOB,BULBUL,2019-11-08 00:00:00,1200,18.5,87.6,4,976,75,28,VSCS,,8.BULBUL,2019,,
,BOB,BULBUL,2019-11-08 00:00:00,1500,19.2,87.7,4,976,75,28,VSCS,,8.BULBUL,2019,,
,BOB,BULBUL,2019-11-08 00:00:00,1800,19.3,87.6,4,976,75,28,VSCS,,8.BULBUL,2019,,
,BOB,BULBUL,2019-11-08 00:00:00,2100,19.6,87.7,4,976,75,28,VSCS,,8.BULBUL,2019,,
,BOB,BULBUL,2019-11-09 00:00:00,0,20,87.6,4,976,75,28,VSCS,,8.BULBUL,2019,,
,BOB,BULBUL,2019-11-09 00:00:00,300,20.4,87.6,4,980,70,24,VSCS,,8.BULBUL,2019,,
,BOB,BULBUL,2019-11-09 00:00:00,600,20.6,87.8,4,982,70,22,VSCS,,8.BULBUL,2019,,
,BOB,BULBUL,2019-11-09 00:00:00,900,20.9,87.9,4,982,70,22,VSCS,,8.BULBUL,2019,,
,BOB,BULBUL,2019-11-09 00:00:00,1200,21.2,88.1,4.5,982,70,22,VSCS,,8.BULBUL,2019,,
,BOB,BULBUL,2019-11-09 00:00:00,1500,21.4,88.3,4.5,986,60,18,SCS,,8.BULBUL,2019,,
,BOB,BULBUL,2019-11-09 00:00:00,1800,21.6,88.6,-,990,60,18,SCS,,8.BULBUL,2019,,
,BOB,BULBUL,2019-11-09 00:00:00,2100,21.9,89.1,-,996,50,12,SCS,,8.BULBUL,2019,,
,BOB,BULBUL,2019-11-10 00:00:00,0,22.1,89.5,-,998,45,10,CS,,8.BULBUL,2019,,
,BOB,BULBUL,2019-11-10 00:00:00,300,22.2,89.7,-,1000,40,8,CS,,8.BULBUL,2019,,
,BOB,BULBUL,2019-11-10 00:00:00,600,22.3,90,-,1000,40,8,CS,,8.BULBUL,2019,,
,BOB,BULBUL,2019-11-10 00:00:00,900,22.4,90.1,-,1002,30,6,DD,,8.BULBUL,2019,,
,BOB,BULBUL,2019-11-10 00:00:00,1200,22.5,90.4,-,1002,30,5,DD,,8.BULBUL,2019,,
,BOB,BULBUL,2019-11-10 00:00:00,1800,22.7,91.2,-,1002,30,5,DD,,8.BULBUL,2019,,
,BOB,BULBUL,2019-11-11 00:00:00,0,23.1,91.9,-,1004,20,3,D,,8.BULBUL,2019,,
10.0,AS,PAWAN,2019-12-02 00:00:00,1200,5.7,56.6,1.5,1003,25,3,D,,9.PAWAN,2019,,
,AS,PAWAN,2019-12-02 00:00:00,1800,6.1,56.5,1.5,1002,25,4,D,,9.PAWAN,2019,,
,AS,PAWAN,2019-12-03 00:00:00,0,6.5,56.5,2,1001,30,5,DD,,9.PAWAN,2019,,
,AS,PAWAN,2019-12-03 00:00:00,300,6.8,56.4,2,1000,30,6,DD,,9.PAWAN,2019,,
,AS,PAWAN,2019-12-03 00:00:00,600,7,56.3,2,1000,30,6,DD,,9.PAWAN,2019,,
,AS,PAWAN,2019-12-03 00:00:00,1200,7,56.5,2,1000,30,6,DD,,9.PAWAN,2019,,
,AS,PAWAN,2019-12-03 00:00:00,1800,7,56.6,2,1000,30,6,DD,,9.PAWAN,2019,,
,AS,PAWAN,2019-12-04 00:00:00,0,7.2,56.6,2,1000,30,6,DD,,9.PAWAN,2019,,
,AS,PAWAN,2019-12-04 00:00:00,300,7.4,56.6,2,1000,30,6,DD,,9.PAWAN,2019,,
,AS,PAWAN,2019-12-04 00:00:00,600,7.4,56.6,2,1000,30,6,DD,,9.PAWAN,2019,,
,AS,PAWAN,2019-12-04 00:00:00,1200,7.4,56.6,2,1000,30,6,DD,,9.PAWAN,2019,,
,AS,PAWAN,2019-12-04 00:00:00,1800,8.5,56.7,2,1000,30,6,DD,,9.PAWAN,2019,,
,AS,PAWAN,2019-12-05 00:00:00,0,9.2,56.4,2.5,999,35,7,CS,,9.PAWAN,2019,,
,AS,PAWAN,2019-12-05 00:00:00,300,9.2,56.4,2.5,999,35,7,CS,,9.PAWAN,2019,,
,AS,PAWAN,2019-12-05 00:00:00,600,9.5,56.3,2.5,999,35,7,CS,,9.PAWAN,2019,,
,AS,PAWAN,2019-12-05 00:00:00,900,9.5,55.6,2.5,999,35,7,CS,,9.PAWAN,2019,,
,AS,PAWAN,2019-12-05 00:00:00,1200,9.6,55.1,2.5,998,40,8,CS,,9.PAWAN,2019,,
,AS,PAWAN,2019-12-05 00:00:00,1500,9.6,54.9,2.5,999,35,7,CS,,9.PAWAN,2019,,
,AS,PAWAN,2019-12-05 00:00:00,1800,9.3,54.5,2.5,999,35,7,CS,,9.PAWAN,2019,,
,AS,PAWAN,2019-12-05 00:00:00,2100,9,54,2.5,999,35,7,CS,,9.PAWAN,2019,,
,AS,PAWAN,2019-12-06 00:00:00,0,8.5,53.3,2.5,999,35,7,CS,,9.PAWAN,2019,,
,AS,PAWAN,2019-12-06 00:00:00,300,8.3,53,2.5,999,35,7,CS,,9.PAWAN,2019,,
,AS,PAWAN,2019-12-06 00:00:00,600,8,52.6,2.5,999,35,7,CS,,9.PAWAN,2019,,
,AS,PAWAN,2019-12-06 00:00:00,900,7.9,52.6,2.5,999,35,7,CS,,9.PAWAN,2019,,
,AS,PAWAN,2019-12-06 00:00:00,1200,7.9,52.3,2.5,999,35,7,CS,,9.PAWAN,2019,,
,AS,PAWAN,2019-12-06 00:00:00,1500,7.7,51.8,2.5,999,35,7,CS,,9.PAWAN,2019,,
,AS,PAWAN,2019-12-06 00:00:00,1800,7.5,51.3,2.5,999,35,7,CS,,9.PAWAN,2019,,
,AS,PAWAN,2019-12-06 00:00:00,2100,7.5,50.9,2.5,999,35,7,CS,,9.PAWAN,2019,,
,AS,PAWAN,2019-12-07 00:00:00,0,7.4,49.8,2.5,999,35,7,CS,,9.PAWAN,2019,,
,AS,PAWAN,2019-12-07 00:00:00,300,7.4,49.5,2,1000,30,6,DD,,9.PAWAN,2019,,
,AS,PAWAN,2019-12-07 00:00:00,600,7.4,48.9,2,1001,30,5,DD,,9.PAWAN,2019,,
,AS,PAWAN,2019-12-07 00:00:00,900,7.3,48.3,1.5,1003,25,3,D,,9.PAWAN,2019,,
11.0,AS,,2019-12-03 00:00:00,1800,12.7,71,1.5,1002,25,4,D,,,2019,,
,AS,,2019-12-04 00:00:00,0,14,70,2,1000,30,6,DD,,,2019,,
,AS,,2019-12-04 00:00:00,300,14.7,69.5,2,1000,30,6,DD,,,2019,,
,AS,,2019-12-04 00:00:00,600,14.9,69.1,2,1000,30,6,DD,,,2019,,
,AS,,2019-12-04 00:00:00,1200,14.9,68.4,2,1000,30,6,DD,,,2019,,
,AS,,2019-12-04 00:00:00,1800,15,68,2,1000,30,6,DD,,,2019,,
,AS,,2019-12-05 00:00:00,0,15.1,67.9,1.5,1002,25,4,D,,,2019,,
,AS,,2019-12-05 00:00:00,300,15.2,67.5,1.5,1002,25,4,D,,,2019,,
,AS,,2019-12-05 00:00:00,600,15.4,67.2,1.5,1004,20,2,D,,,2019,,
12.0,AS,,2019-12-08 00:00:00,900,9.4,62.2,1.5,1002,25,4,D,,,2019,,
,AS,,2019-12-08 00:00:00,1200,9.6,61.6,1.5,1002,25,4,D,,,2019,,
,AS,,2019-12-08 00:00:00,1800,10,61,1.5,1002,25,4,D,,,2019,,
,AS,,2019-12-09 00:00:00,0,10.4,60.4,2,1000,30,6,DD,,,2019,,
,AS,,2019-12-09 00:00:00,300,10.5,60,2,1000,30,6,DD,,,2019,,
,AS,,2019-12-09 00:00:00,600,10.6,59.4,2,1000,30,6,DD,,,2019,,
,AS,,2019-12-09 00:00:00,1200,10.6,58.5,1.5,1002,25,4,D,,,2019,,
,AS,,2019-12-09 00:00:00,1800,10.6,57,1.5,1002,25,4,D,,,2019,,
,AS,,2019-12-10 00:00:00,0,10.6,55.7,1.5,1002,25,4,D,,,2019,,
,AS,,2019-12-10 00:00:00,300,10.6,55.2,1.5,1002,25,4,D,,,2019,,
1.0,BOB,AMPHAN,2020-05-16 00:00:00,0,10.4,87,1.5,1000,25,03,D,,,2020,,
,BOB,AMPHAN,2020-05-16 00:00:00,300,10.7,86.5,1.5,1000,25,03,D,,,2020,,
,BOB,AMPHAN,2020-05-16 00:00:00,600,10.9,86.3,1.5,1000,25,03,D,,,2020,,
,BOB,AMPHAN,2020-05-16 00:00:00,900,10.9,86.3,2,998,30,05,DD,,,2020,,
,BOB,AMPHAN,2020-05-16 00:00:00,1200,10.9,86.3,2.5,996,35,07,CS,,,2020,,
,BOB,AMPHAN,2020-05-16 00:00:00,1500,11,86.2,2.5,995,40,08,CS,,,2020,,
,BOB,AMPHAN,2020-05-16 00:00:00,1800,11.1,86.1,2.5,995,40,08,CS,,,2020,,
,BOB,AMPHAN,2020-05-16 00:00:00,2100,11.3,86.1,3,994,45,10,CS,,,2020,,
,BOB,AMPHAN,2020-05-17 00:00:00,0,11.4,86,3,993,45,11,CS,,,2020,,
,BOB,AMPHAN,2020-05-17 00:00:00,300,11.4,86,3,990,50,12,SCS,,,2020,,
,BOB,AMPHAN,2020-05-17 00:00:00,600,11.5,86,3.5,988,55,15,SCS,,,2020,,
,BOB,AMPHAN,2020-05-17 00:00:00,900,11.7,86,4,980,65,22,VSCS,,,2020,,
,BOB,AMPHAN,2020-05-17 00:00:00,1200,12,86,4,978,70,25,VSCS,,,2020,,
,BOB,AMPHAN,2020-05-17 00:00:00,1500,12.8,86.2,4.5,972,75,28,VSCS,,,2020,,
,BOB,AMPHAN,2020-05-17 00:00:00,1800,12.5,86.1,4.5,970,80,32,VSCS,,,2020,,
,BOB,AMPHAN,2020-05-17 00:00:00,2100,12.9,86.4,5,962,90,40,ESCS,,,2020,,
,BOB,AMPHAN,2020-05-18 00:00:00,0,13.2,86.3,5.5,952,100,50,ESCS,,,2020,,
,BOB,AMPHAN,2020-05-18 00:00:00,300,13.3,86.2,6,936,115,66,ESCS,,,2020,,
,BOB,AMPHAN,2020-05-18 00:00:00,600,13.4,86.2,6.5,930,120,72,SuCS,,,2020,,
,BOB,AMPHAN,2020-05-18 00:00:00,900,13.7,86.2,6.5,930,120,72,SuCS,,,2020,,
,BOB,AMPHAN,2020-05-18 00:00:00,1200,14,86.3,6.5,926,125,76,SuCS,,,2020,,
,BOB,AMPHAN,2020-05-18 00:00:00,1500,14.5,86.4,6.5,926,125,76,SuCS,,,2020,,
,BOB,AMPHAN,2020-05-18 00:00:00,1800,14.9,86.5,6.5,920,130,84,SuCS,,,2020,,
,BOB,AMPHAN,2020-05-18 00:00:00,2100,15.2,86.6,6.5,920,130,84,SuCS,,,2020,,
,BOB,AMPHAN,2020-05-19 00:00:00,0,15.6,86.7,6.5,926,125,76,SuCS,,,2020,,
,BOB,AMPHAN,2020-05-19 00:00:00,300,16,86.8,6.5,930,120,72,SuCS,,,2020,,
,BOB,AMPHAN,2020-05-19 00:00:00,600,16.5,86.9,6,936,115,66,ESCS,,,2020,,
,BOB,AMPHAN,2020-05-19 00:00:00,900,17,86.9,6,942,110,60,ESCS,,,2020,,
,BOB,AMPHAN,2020-05-19 00:00:00,1200,17.4,87,5.5,946,105,56,ESCS,,,2020,,
,BOB,AMPHAN,2020-05-19 00:00:00,1500,18.1,87.1,5.5,948,100,50,ESCS,,,2020,,
,BOB,AMPHAN,2020-05-19 00:00:00,1800,18.4,87.2,5.5,948,100,50,ESCS,,,2020,,
,BOB,AMPHAN,2020-05-19 00:00:00,2100,18.7,87.2,5.5,948,100,50,ESCS,,,2020,,
,BOB,AMPHAN,2020-05-20 00:00:00,0,19.1,87.5,5,952,95,46,ESCS,,,2020,,
,BOB,AMPHAN,2020-05-20 00:00:00,300,19.8,87.7,5,954,95,44,ESCS,,,2020,,
,BOB,AMPHAN,2020-05-20 00:00:00,600,20.6,88,5,956,90,42,ESCS,,,2020,,
,BOB,AMPHAN,2020-05-20 00:00:00,900,21.4,88.1,5,960,90,42,ESCS,,,2020,,
,BOB,AMPHAN,2020-05-20 00:00:00,1200,21.9,88.4,-,957,85,36,VSCS,,,2020,,
,BOB,AMPHAN,2020-05-20 00:00:00,1500,22.7,88.6,-,968,65,34,VSCS,,,2020,,
,BOB,AMPHAN,2020-05-20 00:00:00,1800,23.3,89,-,978,50,14,SCS,,,2020,,
,BOB,AMPHAN,2020-05-20 00:00:00,2100,24.2,89,-,986,45,12,CS,,,2020,,
,BOB,AMPHAN,2020-05-21 00:00:00,0,24.2,89.3,-,988,40,10,CS,,,2020,,
,BOB,AMPHAN,2020-05-21 00:00:00,300,24.7,89.5,-,990,35,08,CS,,,2020,,
,BOB,AMPHAN,2020-05-21 00:00:00,600,25,89.6,-,992,30,06,DD,,,2020,,
,BOB,AMPHAN,2020-05-21 00:00:00,1200,25.4,89.6,-,995,20,04,D,,,2020,,
2.0,AS,,2020-05-29 00:00:00,900,17.3,54.3,-,1000,25,3,D,,,2020,,
,AS,,2020-05-29 00:00:00,1200,17.3,54.3,-,1000,25,3,D,,,2020,,
,AS,,2020-05-29 00:00:00,1800,17.3,54.3,-,1000,25,3,D,,,2020,,
,AS,,2020-05-30 00:00:00,0,17.3,54.2,-,1000,25,3,D,,,2020,,
,AS,,2020-05-30 00:00:00,300,17.3,54.2,-,1000,25,3,D,,,2020,,
,AS,,2020-05-30 00:00:00,600,17.2,54,-,1000,25,3,D,,,2020,,
,AS,,2020-05-30 00:00:00,1200,17.2,54,-,1000,25,3,D,,,2020,,
,AS,,2020-05-30 00:00:00,1800,17.2,54,-,1000,25,3,D,,,2020,,
,AS,,2020-05-31 00:00:00,0,17.1,53.8,-,1000,25,3,D,,,2020,,
,AS,,2020-05-31 00:00:00,300,17.1,53.8,-,1000,25,3,D,,,2020,,
,AS,,2020-05-31 00:00:00,600,17,53.5,-,1000,25,3,D,,,2020,,
,AS,,2020-05-31 00:00:00,1200,16.9,53.1,-,1000,25,3,D,,,2020,,
,AS,,2020-05-31 00:00:00,1800,16.8,52.9,-,1000,25,3,D,,,2020,,
3.0,AS,NISARGA,2020-06-01 00:00:00,0,13,71.4,1.5,1004,25,3,D,,,2020,,
,AS,NISARGA,2020-06-01 00:00:00,300,13.2,71.4,1.5,1004,25,3,D,,,2020,,
,AS,NISARGA,2020-06-01 00:00:00,600,13.7,71.3,1.5,1004,25,3,D,,,2020,,
,AS,NISARGA,2020-06-01 00:00:00,1200,14.2,71.2,1.5,1003,25,4,D,,,2020,,
,AS,NISARGA,2020-06-01 00:00:00,1800,14.4,71.2,1.5,1003,25,4,D,,,2020,,
,AS,NISARGA,2020-06-02 00:00:00,0,15,71.2,2,1000,30,6,DD,,,2020,,
,AS,NISARGA,2020-06-02 00:00:00,300,15.3,71.2,2,1000,30,6,DD,,,2020,,
,AS,NISARGA,2020-06-02 00:00:00,600,15.6,71.2,2.5,999,35,7,CS,,,2020,,
,AS,NISARGA,2020-06-02 00:00:00,900,16,71.2,2.5,999,35,7,CS,,,2020,,
,AS,NISARGA,2020-06-02 00:00:00,1200,16.3,71.3,2.5,996,40,8,CS,,,2020,,
,AS,NISARGA,2020-06-02 00:00:00,1500,16,71.4,2.5,996,40,8,CS,,,2020,,
,AS,NISARGA,2020-06-02 00:00:00,1800,16.8,71.6,2.5,996,40,8,CS,,,2020,,
,AS,NISARGA,2020-06-02 00:00:00,2100,17.1,71.8,3,994,45,10,CS,,,2020,,
,AS,NISARGA,2020-06-03 00:00:00,0,17.3,72.1,3,992,50,12,SCS,,,2020,,
,AS,NISARGA,2020-06-03 00:00:00,300,17.6,72.3,3.5,988,55,16,SCS,,,2020,,
,AS,NISARGA,2020-06-03 00:00:00,600,18.1,72.8,4,984,60,20,SCS,,,2020,,
,AS,NISARGA,2020-06-03 00:00:00,900,18.5,73.2,-,992,55,14,SCS,,,2020,,
,AS,NISARGA,2020-06-03 00:00:00,1200,19,73.7,-,998,40,8,CS,,,2020,,
,AS,NISARGA,2020-06-03 00:00:00,1500,19.6,74,-,1000,30,6,DD,,,2020,,
,AS,NISARGA,2020-06-03 00:00:00,1800,19.8,74.8,-,1001,30,5,DD,,,2020,,
,AS,NISARGA,2020-06-04 00:00:00,0,20.5,76,-,1004,25,4,D,,,2020,,
,AS,NISARGA,2020-06-04 00:00:00,300,21.2,76.9,-,1005,20,3,D,,,2020,,
,AS,NISARGA,2020-06-04 00:00:00,600,21.8,77.6,-,1005,20,3,D,,,2020,,
4.0,BOB,,2020-10-11 00:00:00,0,15.3,86.5,1.5, 999,20,3,D,,,2020,,
,BOB,,2020-10-11 00:00:00,300,15.4,86.2,1.5, 998,25,4,D,,,2020,,
,BOB,,2020-10-11 00:00:00,600,15.4,85.8,1.5, 998, 25,4,D,,,2020,,
,BOB,,2020-10-11 00:00:00,1200,15.5,85.4,1.5, 998,25,4,D,,,2020,,
,BOB,,2020-10-11 00:00:00,1800,15.6,85.2,1.5, 998, 25,4,D,,,2020,,
,BOB,,2020-10-12 00:00:00,0,15.7,85,1.5, 998,25,4,D,,,2020,,
,BOB,,2020-10-12 00:00:00,300,15.7,85,2, 997, 30,5,DD,,,2020,,
,BOB,,2020-10-12 00:00:00,600,15.9,84.8,2, 997,30,5,DD,,,2020,,
,BOB,,2020-10-12 00:00:00,1200,16.1,84.6,2, 997,30,5,DD,,,2020,,
,BOB,,2020-10-12 00:00:00,1800,16.5,83.4,2, 997,30,5,DD,,,2020,,
,BOB,,2020-10-13 00:00:00,0,16.9,82.5,-, 997,30,5,DD,,,2020,,
,BOB,,2020-10-13 00:00:00,300,17,82.1,-, 996,30,6,DD,,,2020,,
,BOB,,2020-10-13 00:00:00,600,17.3,81.5,-, 998, 25,4,D,,,2020,,
,BOB,,2020-10-13 00:00:00,1200,17.5,80.5,-, 998, 25,4,D,,,2020,,
,BOB,,2020-10-13 00:00:00,1800,17.6,79.5,-, 998, 25,4,D,,,2020,,
,BOB,,2020-10-14 00:00:00,0,17.7,78.1,-, 1000, 20,3,D,,,2020,,
,BOB,,2020-10-14 00:00:00,300,17.7,77.5,-, 1000,20,3,D,,,2020,,
,BOB,,2020-10-14 00:00:00,600,17.7,77,-, 1000,20,3,D,,,2020,,
5.0,AS,,2020-10-17 00:00:00,300,17.8,69,1.5,1004,20,3,D,,,2020,,
,AS,,2020-10-17 00:00:00,600,17.8,68.2,1.5,1004,20,3,D,,,2020,,
,AS,,2020-10-17 00:00:00,1200,17.8,67.5,1.5,1003,25,4,D,,,2020,,
,AS,,2020-10-17 00:00:00,1800,17.8,66.8,1.5,1003,25,4,D,,,2020,,
,AS,,2020-10-18 00:00:00,0,17.8,66.4,1.5,1003,25,4,D,,,2020,,
,AS,,2020-10-18 00:00:00,300,17.8,65.8,1.5,1004,20,3,D,,,2020,,
,AS,,2020-10-18 00:00:00,600,17.8,65.3,1.5,1004,20,3,D,,,2020,,
,AS,,2020-10-18 00:00:00,1200,17.8,64.8,1.5,1004,20,3,D,,,2020,,
,AS,,2020-10-18 00:00:00,1800,17.8,64.3,1.5,1004,20,3,D,,,2020,,
6.0,BOB,,2020-10-22 00:00:00,300,18.7,87,1.5,999,20,3,D,,,2020,,
,BOB,,2020-10-22 00:00:00,600,19,87,1.5,998,25,4,D,,,2020,,
,BOB,,2020-10-22 00:00:00,1200,19.7,87.3,1.5,998,25,4,D,,,2020,,
,BOB,,2020-10-22 00:00:00,1800,20.2,87.6,1.5,998,25,4,D,,,2020,,
,BOB,,2020-10-23 00:00:00,0,21.2,88.2,1.5,998,25,4,D,,,2020,,
,BOB,,2020-10-23 00:00:00,300,21.4,88.4,1.5,998,25,4,D,,,2020,,
,BOB,,2020-10-23 00:00:00,600,21.7,88.5,1.5,998,25,4,D,,,2020,,
,BOB,,2020-10-23 00:00:00,900,22.5,89.1,1.5,998,25,4,D,,,2020,,
,BOB,,2020-10-23 00:00:00,1200,23.3,89.5,1.5,1000,20,3,D,,,2020,,
,BOB,,2020-10-23 00:00:00,1800,24,89.9,1.5,1000,20,3,D,,,2020,,
7.0,BOB,NIVAR’,2020-11-22 00:00:00,2100,8.5,85.3,1.5,1002,25,3,D,,,2020,,
,BOB,NIVAR’,2020-11-23 00:00:00,0,9.3,84.5,1.5,1002,25,3,D,,,2020,,
,BOB,NIVAR’,2020-11-23 00:00:00,300,9.5,84.2,1.5,1002,25,3,D,,,2020,,
,BOB,NIVAR’,2020-11-23 00:00:00,600,9.6,84,1.5,1001,25,4,D,,,2020,,
,BOB,NIVAR’,2020-11-23 00:00:00,1200,9.8,83.6,2,999,30,5,DD,,,2020,,
,BOB,NIVAR’,2020-11-23 00:00:00,1800,10,83.3,2,998,30,6,DD,,,2020,,
,BOB,NIVAR’,2020-11-24 00:00:00,0,10,83,2.5,997,35,7,CS,,,2020,,
,BOB,NIVAR’,2020-11-24 00:00:00,300,10,83,2.5,997,35,7,CS,,,2020,,
,BOB,NIVAR’,2020-11-24 00:00:00,600,10,82.7,2.5,994,40,8,CS,,,2020,,
,BOB,NIVAR’,2020-11-24 00:00:00,900,10,82.6,3,992,45,10,CS,,,2020,,
,BOB,NIVAR’,2020-11-24 00:00:00,1200,10.1,82.5,3,992,45,10,CS,,,2020,,
,BOB,NIVAR’,2020-11-24 00:00:00,1500,10.1,82.4,3,992,45,10,CS,,,2020,,
,BOB,NIVAR’,2020-11-24 00:00:00,1800,10.2,82.3,3.5,990,50,12,SCS,,,2020,,
,BOB,NIVAR’,2020-11-24 00:00:00,2100,10.3,82.2,3.5,988,55,16,SCS,,,2020,,
,BOB,NIVAR’,2020-11-25 00:00:00,0,10.5,82,3.5,986,60,18,SCS,,,2020,,
,BOB,NIVAR’,2020-11-25 00:00:00,300,10.7,81.7,3.5,986,60,18,SCS,,,2020,,
,BOB,NIVAR’,2020-11-25 00:00:00,600,11,81.3,3.5,986,60,18,SCS,,,2020,,
,BOB,NIVAR’,2020-11-25 00:00:00,900,11.2,81,4,982,65,22,VSCS,,,2020,,
,BOB,NIVAR’,2020-11-25 00:00:00,1200,11.4,80.7,4,982,65,22,VSCS,,,2020,,
,BOB,NIVAR’,2020-11-25 00:00:00,1500,11.7,80.4,4,982,65,22,VSCS,,,2020,,
,BOB,NIVAR’,2020-11-25 00:00:00,1800,12,80.1,4,982,65,22,VSCS,,,2020,,
,BOB,NIVAR’,2020-11-25 00:00:00,2100,12.1,79.9,-,986,60,18,SCS,,,2020,,
,BOB,NIVAR’,2020-11-26 00:00:00,0,12.3,79.7,-,992,50,12,SCS,,,2020,,
,BOB,NIVAR’,2020-11-26 00:00:00,300,12.6,79.4,-,996,40,8,CS,,,2020,,
,BOB,NIVAR’,2020-11-26 00:00:00,600,12.9,79.3,-,998,35,7,CS,,,2020,,
,BOB,NIVAR’,2020-11-26 00:00:00,900,13.3,79.3,-,999,30,5,DD,,,2020,,
,BOB,NIVAR’,2020-11-26 00:00:00,1200,13.6,79.4,-,1000,30,5,DD,,,2020,,
,BOB,NIVAR’,2020-11-26 00:00:00,1800,14,79.6,-,1002,20,3,D,,,2020,,
8.0,AS,GATI’,2020-11-21 00:00:00,1800,11.2,57.4,1.5,1000,25,04,D,,,2020,,
,AS,GATI’,2020-11-22 00:00:00,0,11.1,55.4,2,998,30,06,DD,,,2020,,
,AS,GATI’,2020-11-22 00:00:00,300,10.7,53.8,2.5,996,40,08,CS,,,2020,,
,AS,GATI’,2020-11-22 00:00:00,600,10.4,52.7,3,992,50,12,SCS,,,2020,,
,AS,GATI’,2020-11-22 00:00:00,900,10.4,52,4,982,65,22,VSCS,,,2020,,
,AS,GATI’,2020-11-22 00:00:00,1200,10.4,51.5,4.5,976,75,26,VSCS,,,2020,,
,AS,GATI’,2020-11-22 00:00:00,1500,10.4,51,-,976,75,26,VSCS,,,2020,,
,AS,GATI’,2020-11-22 00:00:00,1800,10.4,50.5,-,982,65,22,VSCS,,,2020,,
,AS,GATI’,2020-11-22 00:00:00,2100,10.4,50.1,-,986,60,18,SCS,,,2020,,
,AS,GATI’,2020-11-23 00:00:00,0,10.5,50,-,994,45,10,CS,,,2020,,
,AS,GATI’,2020-11-23 00:00:00,300,10.7,49.7,-,997,35,07,CS,,,2020,,
,AS,GATI’,2020-11-23 00:00:00,600,10.9,49.2,-,998,30,06,DD,,,2020,,
,AS,GATI’,2020-11-23 00:00:00,1200,11.3,48.5,2,999,30,05,DD,,,2020,,
,AS,GATI’,2020-11-23 00:00:00,1800,11.7,47.5,2,1000,30,05,DD,,,2020,,
,AS,GATI’,2020-11-24 00:00:00,0,11.6,47,1.5,1001,25,04,D,,,2020,,
,AS,GATI’,2020-11-24 00:00:00,300,11.6,46.8,1.5,1002,20,03,D,,,2020,,
9.0,BOB,BUREVI’,2020-11-30 00:00:00,0,7.5,88,1.5,1003,20,3,D,,  ,2020,,
,BOB,BUREVI’,2020-11-30 00:00:00,300,7.7,87.7,1.5,1002,25,4,D,,,2020,,
,BOB,BUREVI’,2020-11-30 00:00:00,600,7.8,87.4,1.5,1002,25,4,D,,,2020,,
,BOB,BUREVI’,2020-11-30 00:00:00,1200,7.7,87,1.5,1002,25,4,D,,,2020,,
,BOB,BUREVI’,2020-11-30 00:00:00,1800,7.8,86.6,1.5,1002,25,4,D,,,2020,,
,BOB,BUREVI’,2020-12-01 00:00:00,0,7.8,86,2,1000,30,6,DD,,,2020,,
,BOB,BUREVI’,2020-12-01 00:00:00,300,7.8,85.7,2,1000,30,6,DD,,,2020,,
,BOB,BUREVI’,2020-12-01 00:00:00,600,7.8,85.3,2,1000,30,6,DD,,,2020,,
,BOB,BUREVI’,2020-12-01 00:00:00,1200,7.9,84.8,2.5,999,35,7,CS,,,2020,,
,BOB,BUREVI’,2020-12-01 00:00:00,1500,7.9,84.5,2.5,999,35,7,CS,,,2020,,
,BOB,BUREVI’,2020-12-01 00:00:00,1800,8.1,84.2,2.5,999,35,7,CS,,,2020,,
,BOB,BUREVI’,2020-12-01 00:00:00,2100,8.4,83.4,2.5,999,35,7,CS,,,2020,,
,BOB,BUREVI’,2020-12-02 00:00:00,0,8.6,83,2.5,998,40,8,CS,,,2020,,
,BOB,BUREVI’,2020-12-02 00:00:00,300,8.7,82.5,2.5,998,40,8,CS,,,2020,,
,BOB,BUREVI’,2020-12-02 00:00:00,600,8.8,82.2,3,996,45,10,CS,,,2020,,
,BOB,BUREVI’,2020-12-02 00:00:00,900,8.8,81.8,3,996,45,10,CS,,,2020,,
,BOB,BUREVI’,2020-12-02 00:00:00,1200,8.8,81.4,3,996,45,10,CS,,,2020,,
,BOB,BUREVI’,2020-12-02 00:00:00,1500,8.8,81.4,3,996,45,10,CS,,,2020,,
,BOB,BUREVI’,2020-12-02 00:00:00,1800,8.9,80.9,-,996,45,10,CS,,,2020,,
,BOB,BUREVI’,2020-12-02 00:00:00,2100,9,80.8,-,998,40,8,CS,,,2020,,
,BOB,BUREVI’,2020-12-03 00:00:00,0,9,80.3,-,998,40,8,CS,,,2020,,
,BOB,BUREVI’,2020-12-03 00:00:00,300,9.1,80.2,-,998,40,8,CS,,,2020,,
,BOB,BUREVI’,2020-12-03 00:00:00,600,9.2,79.7,-,998,40,8,CS,,,2020,,
,BOB,BUREVI’,2020-12-03 00:00:00,900,9.2,79.3,2.5,999,35,7,CS,,,2020,,
,BOB,BUREVI’,2020-12-03 00:00:00,1200,9.2,79.1,2,1000,30,6,DD,,,2020,,
,BOB,BUREVI’,2020-12-03 00:00:00,1500,9.2,78.8,2,1000,30,6,DD,,,2020,,
,BOB,BUREVI’,2020-12-03 00:00:00,1800,9.1,78.6,2,1000,30,6,DD,,,2020,,
,BOB,BUREVI’,2020-12-03 00:00:00,2100,9.1,78.6,2,1000,30,6,DD,,,2020,,
,BOB,BUREVI’,2020-12-04 00:00:00,0,9.1,78.6,2,1000,30,6,DD,,,2020,,
,BOB,BUREVI’,2020-12-04 00:00:00,300,9.1,78.6,2,1001,30,5,DD,,,2020,,
,BOB,BUREVI’,2020-12-04 00:00:00,600,9.1,78.6,2,1001,30,5,DD,,,2020,,
,BOB,BUREVI’,2020-12-04 00:00:00,1200,9.1,78.6,1.5,1002,25,4,D,,,2020,,
,BOB,BUREVI’,2020-12-04 00:00:00,1800,9.1,78.6,1.5,1003,25,4,D,,,2020,,
,BOB,BUREVI’,2020-12-05 00:00:00,0,9.1,78.6,1.5,1004,20,3,D,,,2020,,
,BOB,BUREVI’,2020-12-05 00:00:00,300,9.1,78.6,1.5,1006,20,3,D,,,2020,,
1.0,BOB,,2021-04-02 00:00:00,0,11,96.3,1.5,1000,25,3,D,,,2021,,
,BOB,,,300,11,96.3,1.5,1000,25,3,D,,,2021,,
,BOB,,,600,11.2,96.4,1.5,1000,25,3,D,,,2021,,
,BOB,,,1200,11.8,96.8,1.5,1000,25,3,D,,,2021,,
,BOB,,,1800,12.3,97.2,1.5,1000,25,3,D,,,2021,,
,BOB,,2021-04-03 00:00:00,0,13,97.5,1.5,1002,25,3,D,,,2021,,
,BOB,,,300,13.2,97.6,1.5,1004,20,2,D,,,2021,,
2.0,AS,Tauktae,2021-05-14 00:00:00,300,10.5,72.3,1.5,997,25,3,D,,,2021,,
,AS,Tauktae,,600,11,72.5,1.5,996,25,4,D,,,2021,,
,AS,Tauktae,,900,11.5,72.5,2,995,30,5,D,,,2021,,
,AS,Tauktae,,1200,11.6,72.6,2,995,30,6,DD,,,2021,,
,AS,Tauktae,,1800,12.2,72.6,2.5,993,35,7,CS,,,2021,,
,AS,Tauktae,,2100,12.2,72.6,2.5,992,40,8,CS,,,2021,,
,AS,Tauktae,2021-05-15 00:00:00,0,12.7,72.5,2.5,992,40,8,CS,,,2021,,
,AS,Tauktae,,300,12.8,72.5,2.5,992,40,8,CS,,,2021,,
,AS,Tauktae,,600,13.2,72.6,3,990,45,10,CS,,,2021,,
,AS,Tauktae,,900,13.5,72.7,3,990,45,10,CS,,,2021,,
,AS,Tauktae,,1200,13.8,72.7,3.5,985,55,15,SCS,,,2021,,
,AS,Tauktae,,1500,14.2,72.7,3.5,984,55,16,SCS,,,2021,,
,AS,Tauktae,,1800,14.5,72.6,3.5,982,60,18,SCS,,,2021,,
,AS,Tauktae,,2100,14.7,72.7,3.5,982,60,18,SCS,,,2021,,
,AS,Tauktae,2021-05-16 00:00:00,0,15,72.7,4,979,65,21,VSCS,,,2021,,
,AS,Tauktae,,300,15.3,72.7,4,976,70,24,VSCS,,,2021,,
,AS,Tauktae,,600,15.7,72.7,4,976,70,24,VSCS,,,2021,,
,AS,Tauktae,,900,16.2,72.6,4,976,70,24,VSCS,,,2021,,
,AS,Tauktae,,1200,16.7,72.5,4.5,972,75,28,VSCS,,,2021,,
,AS,Tauktae,,1500,17.2,72.3,4.5,968,80,32,VSCS,,,2021,,
,AS,Tauktae,,1800,17.5,72,4.5,964,85,36,VSCS,,,2021,,
,AS,Tauktae,,2100,18,71.7,5,960,90,40,ESCS,,,2021,,
,AS,Tauktae,2021-05-17 00:00:00,0,18.5,71.5,5.5,950,100,50,ESCS,,,2021,,
,AS,Tauktae,,300,18.8,71.5,5.5,950,100,50,ESCS,,,2021,,
,AS,Tauktae,,600,19.2,71.4,5.5,950,100,50,ESCS,,,2021,,
,AS,Tauktae,,900,19.6,71.4,5.5,950,100,50,ESCS,,,2021,,
,AS,Tauktae,,1200,20.1,71.3,5,955,95,45,ESCS,,,2021,,
,AS,Tauktae,,1500,20.5,71.2,5,960,90,40,ESCS,,,2021,,
,AS,Tauktae,,1800,20.9,71.1,-,964,85,36,VSCS,,,2021,,
,AS,Tauktae,,2100,21.3,71.2,-,972,75,28,VSCS,,,2021,,
,AS,Tauktae,2021-05-18 00:00:00,0,21.5,71.2,-,978,65,22,VSCS,,,2021,,
,AS,Tauktae,,300,21.6,71.3,-,984,55,16,SCS,,,2021,,
,AS,Tauktae,,600,22,71.5,-,990,45,10,CS,,,2021,,
,AS,Tauktae,,900,22.5,71.8,-,992,40,8,CS,,,2021,,
,AS,Tauktae,,1200,23.1,72.3,-,993,35,7,CS,,,2021,,
,AS,Tauktae,,1500,23.6,72.6,-,994,30,6,DD,,,2021,,
,AS,Tauktae,,1800,24.1,73,-,995,30,5,DD,,,2021,,
,AS,Tauktae,2021-05-19 00:00:00,0,24.5,73.3,-,996,25,4,D,,,2021,,
,AS,Tauktae,,300,24.9,73.7,-,997,20,3,D,,,2021,,
,AS,Tauktae,,600,25.8,74.8,-,997,20,3,D,,,2021,,
3.0,BOB,YAAS,2021-05-23 00:00:00,600,16.1,90.2,1.5,996,25,4,D,,,2021,,
,BOB,YAAS,,1200,16.2,89.9,1.5,994,25,4,D,,,2021,,
,BOB,YAAS,,1800,16.3,89.7,2,992,30,5,DD,,,2021,,
,BOB,YAAS,2021-05-24 00:00:00,0,16.3,89.7,2.5,990,35,7,CS,,,2021,,
,BOB,YAAS,,300,16.5,89.6,2.5,988,40,8,CS,,,2021,,
,BOB,YAAS,,600,16.4,89.6,2.5,988,40,8,CS,,,2021,,
,BOB,YAAS,,900,16.8,89.5,2.5,988,40,8,CS,,,2021,,
,BOB,YAAS,,1200,17.1,89.3,3,986,45,10,CS,,,2021,,
,BOB,YAAS,,1500,17.4,89.2,3,986,45,10,CS,,,2021,,
,BOB,YAAS,,1800,17.6,89,3,984,50,12,SCS,,,2021,,
,BOB,YAAS,,2100,17.8,88.9,3.5,982,55,14,SCS,,,2021,,
,BOB,YAAS,2021-05-25 00:00:00,0,18,88.6,3.5,980,55,16,SCS,,,2021,,
,BOB,YAAS,,300,18.3,88.3,3.5,980,55,16,SCS,,,2021,,
,BOB,YAAS,,600,18.7,88,3.5,978,60,18,SCS,,,2021,,
,BOB,YAAS,,900,19.1,88.1,3.5,978,60,18,SCS,,,2021,,
,BOB,YAAS,,1200,19.5,88,4,976,65,20,VSCS,,,2021,,
,BOB,YAAS,,1500,19.8,87.9,4,976,65,20,VSCS,,,2021,,
,BOB,YAAS,,1800,20.1,87.8,4,974,70,24,VSCS,,,2021,,
,BOB,YAAS,,2100,20.4,87.6,4,970,75,28,VSCS,,,2021,,
,BOB,YAAS,2021-05-26 00:00:00,0,20.8,87.3,4,970,75,28,VSCS,,,2021,,
,BOB,YAAS,,300,21.2,87.1,4,970,75,28,VSCS,,,2021,,
,BOB,YAAS,,600,21.4,86.9,-,970,75,28,VSCS,,,2021,,
,BOB,YAAS,,900,21.6,86.7,-,978,55,16,SCS,,,2021,,
,BOB,YAAS,,1200,21.8,86.6,-,984,45,10,CS,,,2021,,
,BOB,YAAS,,1500,22.2,86.2,-,986,40,8,CS,,,2021,,
,BOB,YAAS,,1800,22.5,86,-,988,30,6,DD,,,2021,,
,BOB,YAAS,2021-05-27 00:00:00,0,22.8,85.8,-,988,30,6,DD,,,2021,,
,BOB,YAAS,,300,23.1,85.7,-,990,30,6,DD,,,2021,,
,BOB,YAAS,,600,23.5,85.6,-,991,25,5,D,,,2021,,
,BOB,YAAS,,1200,24.3,85.3,-,992,25,4,D,,,2021,,
,BOB,YAAS,,1800,24.7,84.8,-,992,25,4,D,,,2021,,
4.0,BOB,,2021-09-12 00:00:00,1200,20.3,87.4,1.5,992,25,4,D,,,2021,,
,BOB,,,1800,20.4,87.1,1.5,992,25,4,D,,,2021,,
,BOB,,2021-09-13 00:00:00,0,20.6,87,2,990,30,4,DD,,,2021,,
,BOB,,,300,20.9,86.5,2,990,30,6,DD,,,2021,,
,BOB,,,600,21.1,86.2,-,990,30,6,DD,,,2021,,
,BOB,,,1200,21.4,85.5,-,990,30,6,DD,,,2021,,
,BOB,,,1800,21.6,84.8,-,990,30,6,DD,,,2021,,
,BOB,,2021-09-14 00:00:00,0,22,83.6,-,990,30,6,DD,,,2021,,
,BOB,,,300,22.1,83.4,-,990,25,5,D,,,2021,,
,BOB,,,600,22.4,83,-,990,25,5,D,,,2021,,
,BOB,,,1200,22.7,82.5,-,996,25,4,D,,,2021,,
,BOB,,,1800,23,82,,996,25,4,D,,,2021,,
5.0,BOB,GULAB,2021-09-24 00:00:00,1200,18.3,91.2,1.5,1000,25,4,D,,,2021,,
,BOB,GULAB,,1800,18.4,90.4,1.5,1000,25,4,D,,,2021,,
,BOB,GULAB,2021-09-25 00:00:00,0,18.4,89.7,2,999,30,5,DD,,,2021,,
,BOB,GULAB,,300,18.4,89.3,2,998,30,6,DD,,,2021,,
,BOB,GULAB,,600,18.4,88.7,2,998,30,6,DD,,,2021,,
,BOB,GULAB,,1200,18.3,88.3,2.5,997,35,7,CS,,,2021,,
,BOB,GULAB,,1500,18.3,88.1,2.5,997,35,7,CS,,,2021,,
,BOB,GULAB,,1800,18.3,87.9,2.5,996,35,7,CS,,,2021,,
,BOB,GULAB,,2100,18.3,87.6,2.5,996,35,7,CS,,,2021,,
,BOB,GULAB, 26-09-2021,0,18.3,87.3,2.5,994,40,8,CS,,,2021,,
,BOB,GULAB,,300,18.4,86.4,2.5,994,40,8,CS,,,2021,,
,BOB,GULAB,,600,18.4,85.9,3,992,45,10,CS,,,2021,,
,BOB,GULAB,,900,18.4,85.3,3,992,45,10,CS,,,2021,,
,BOB,GULAB,,1200,18.4,84.6,3,992,45,10,CS,,,2021,,
,BOB,GULAB,,1500,18.3,83.8,-,992,45,10,CS,,,2021,,
,BOB,GULAB,,1800,18.4,83.4,-,994,35,7,CS,,,2021,,
,BOB,GULAB,,2100,18.4,83,-,996,30,6,DD,,,2021,,
,BOB,GULAB,2021-09-27 00:00:00,0,18.4,82.8,-,996,30,6,DD,,,2021,,
,BOB,GULAB,,300,18.4,82.5,-,996,30,6,DD,,,2021,,
,BOB,GULAB,,600,18.5,82,-,996,30,6,DD,,,2021,,
,BOB,GULAB,,1200,18.6,80.1,-,998,25,4,      D,,,2021,,
,BOB,GULAB,,1800,18.7,79.4,-,998,25,4,      D,,,2021,,
,BOB,GULAB,2021-09-28 00:00:00,0,19,78.2,-,998,25,4,      D,,,2021,,
,BOB,GULAB,,300,19.4,77.3,-,999,20,3,      D,,,2021,,
6.0,AS,SHAHEEN,2021-09-30 00:00:00,0,22.7,69.5,1.5,998,25,4,D,,,2021,,
,AS,SHAHEEN,,300,22.7,68.6,1.5,998,25,4,D,,,2021,,
,AS,SHAHEEN,,600,22.8,68.2,1.5,998,25,4,D,,,2021,,
,AS,SHAHEEN,,1200,23.1,67.4,1.5,998,25,4,D,,,2021,,
,AS,SHAHEEN,,1800,23.1,66.8,2,996,30,6,DD,,,2021,,
,AS,SHAHEEN,2021-10-01 00:00:00,0,23.2,65.5,2.5,995,35,7,CS,,,2021,,
,AS,SHAHEEN,,300,23.2,64.9,2.5,994,40,8,CS,,,2021,,
,AS,SHAHEEN,,600,23.2,64.5,3,992,45,10,CS,,,2021,,
,AS,SHAHEEN,,900,23.3,64.1,3,991,45,11,CS,,,2021,,
,AS,SHAHEEN,,1200,23.4,63.7,3.5,987,55,15,SCS,,,2021,,
,AS,SHAHEEN,,1500,23.6,63.4,3.5,986,55,16,SCS,,,2021,,
,AS,SHAHEEN,,1800,23.6,63.2,3.5,984,60,18,SCS,,,2021,,
,AS,SHAHEEN,,2100,23.8,62.8,3.5,984,60,18,SCS,,,2021,,
,AS,SHAHEEN,2021-10-02 00:00:00,0,23.8,62.4,3.5,984,60,18,SCS,,,2021,,
,AS,SHAHEEN,,300,23.9,62.1,3.5,984,60,18,SCS,,,2021,,
,AS,SHAHEEN,,600,24.1,61.8,3.5,984,60,18,SCS,,,2021,,
,AS,SHAHEEN,,900,24.3,61.3,3.5,984,60,18,SCS,,,2021,,
,AS,SHAHEEN,,1200,24.5,60.7,3.5,984,60,18,SCS,,,2021,,
,AS,SHAHEEN,,1500,24.5,60.4,3.5,984,60,18,SCS,,,2021,,
,AS,SHAHEEN,,1800,24.4,60,3.5,984,60,18,SCS,,,2021,,
,AS,SHAHEEN,,2100,24.4,59.7,3.5,984,60,18,SCS,,,2021,,
,AS,SHAHEEN,2021-10-03 00:00:00,0,24.3,59.5,3.5,984,60,18,SCS,,,2021,,
,AS,SHAHEEN,,300,24.2,59,3.5,984,60,18,SCS,,,2021,,
,AS,SHAHEEN,,600,24.1,58.6,3.5,984,60,18,SCS,,,2021,,
,AS,SHAHEEN,,900,24.1,58.3,3.5,984,60,18,SCS,,,2021,,
,AS,SHAHEEN,,1200,24,58,3.5,984,60,18,SCS,,,2021,,
,AS,SHAHEEN,,1500,24,57.7,3.5,984,60,18,SCS,,,2021,,
,AS,SHAHEEN,,1800,23.9,57.3,3.5,986,55,16,SCS,,,2021,,
,AS,SHAHEEN,,2100,23.8,57.2,-,988,55,14,SCS,,,2021,,
,AS,SHAHEEN,2021-10-04 00:00:00,0,23.7,56.8,-,994,40,8,CS,,,2021,,
,AS,SHAHEEN,,300,23.5,56.4,-,998,30,5,DD,,,2021,,
,AS,SHAHEEN,,600,23.3,56,-,1000,20,3,D,,,2021,,
7.0,AS,,2021-10-07 00:00:00,300,14,67.5,1.5,1002,25,4,D,,,2021,,
,AS,,,600,14.2,67.2,1.5,1002,25,4,D,,,2021,,
,AS,,,1200,14.3,67,1.5,1002,25,4,D,,,2021,,
,AS,,,1800,14.5,66.8,1.5,1002,25,4,D,,,2021,,
,AS,,2021-10-08 00:00:00,0,14.6,66.6,1.5,1002,25,4,D,,,2021,,
,AS,,,300,14.7,66.4,1.5,1002,25,4,D,,,2021,,
,AS,,,600,14.7,66.2,1.5,1002,25,4,D,,,2021,,
,AS,,,1200,14.6,65.9,1.5,1003,25,3,D,,,2021,,
,AS,,,1800,14.5,65.8,1.5,1003,25,3,D,,,2021,,
8.0,BOB,,2021-11-10 00:00:00,1200,10.6,83.4,1.5,1000,25,4,D,,,2021,,
,BOB,,,1800,11.3,82.3,1.5,1000,25,4,D,,,2021,,
,BOB,,2021-11-11 00:00:00,0,12,81.5,1.5,1000,25,4,D,,,2021,,
,BOB,,,300,12.3,81.2,1.5,1000,25,4,D,,,2021,,
,BOB,,,600,12.6,80.8,1.5,1000,25,4,D,,,2021,,
,BOB,,,1200,12.9,80.3,1.5,1000,25,4,D,,,2021,,
,BOB,,,1800,13.1,79.8,1.5,1000,20,3,D,,,2021,,
9.0,BOB,,2021-11-18 00:00:00,300,11,82.3,1.5,1000,25,4,D,,,2021,,
,BOB,,,600,11.2,81.7,1.5,1000,25,4,D,,,2021,,
,BOB,,,1200,11.8,80.9,1.5,1000,25,4,D,,,2021,,
,BOB,,,1800,12.2,80.5,1.5,1000,25,4,D,,,2021,,
,BOB,,,0,12.5,80,-,1000,25,4,D,,,2021,,
,BOB,,,300,12.7,79.7,-,1002,20,3,D,,,2021,,
10.0,BOB,JAWAD,2021-12-02 00:00:00,1200,11,89,1.5,1004,25,4,D,,,2021,,
,BOB,JAWAD,,1800,12,87.5,1.5,1004,25,4,D,,,2021,,
,BOB,JAWAD,2021-12-03 00:00:00,0,13.4,86.4,2,1002,30,5,DD,,,2021,,
,BOB,JAWAD,,300,14,86,2,1002,30,6,DD,,,2021,,
,BOB,JAWAD,,600,14.5,85.6,2.5,1001,35,7,CS,,,2021,,
,BOB,JAWAD,,900,15,85.3,2.5,1001,35,7,CS,,,2021,,
,BOB,JAWAD,,1200,15.5,85,2.5,1000,40,8,CS,,,2021,,
,BOB,JAWAD,,1500,15.7,85,2.5,1000,40,8,CS,,,2021,,
,BOB,JAWAD,,1800,15.9,84.8,2.5,1000,40,8,CS,,,2021,,
,BOB,JAWAD,,2100,16,84.9,2.5,1000,40,8,CS,,,2021,,
,BOB,JAWAD,2021-12-04 00:00:00,0,16.2,84.7,2.5,1000,40,8,CS,,,2021,,
,BOB,JAWAD,,300,16.3,84.7,2.5,1000,40,8,CS,,,2021,,
,BOB,JAWAD,,600,16.4,84.7,2.5,1001,35,7,CS,,,2021,,
,BOB,JAWAD,,900,16.5,84.7,2.5,1001,35,7,CS,,,2021,,
,BOB,JAWAD,,1200,16.9,84.8,2,1002,30,6,DD,,,2021,,
,BOB,JAWAD,,1800,17.5,85,2,1002,30,6,DD,,,2021,,
,BOB,JAWAD,2021-12-05 00:00:00,0,17.9,85.5,2,1002,30,6,DD,,,2021,,
,BOB,JAWAD,,300,18.7,85.7,2,1003,30,5,DD,,,2021,,
,BOB,JAWAD,,600,19.1,85.9,2,1003,30,5,DD,,,2021,,
,BOB,JAWAD,,900,19.5,86.2,1.5,1004,25,4,D,,,2021,,
,BOB,JAWAD,,1200,20.1,86.9,1.5,1004,25,4,D,,,2021,,
,BOB,JAWAD,,1800,20.6,87.3,1.5,1004,25,4,D,,,2021,,
1.0,BOB,,2022-03-03 00:00:00,0,5.3,84,1.5,1004,25,3,D,,,2022,,
,BOB,,,300,5.6,83.7,1.5,1004,25,3,D,,,2022,,
,BOB,,,600,6.1,83.4,1.5,1004,25,3,D,,,2022,,
,BOB,,,1200,7.1,83.3,1.5,1004,25,3,D,,,2022,,
,BOB,,,1800,7.8,83.1,1.5,1004,25,3,D,,,2022,,
,BOB,,2022-03-04 00:00:00,0,8.5,83,1.5,1004,25,3,D,,,2022,,
,BOB,,,300,8.9,82.9,1.5,1004,25,3,D,,,2022,,
,BOB,,,600,9.2,82.8,1.5,1003,25,4,D,,,2022,,
,BOB,,,1200,10,82.7,2,1002,30,5,DD,,,2022,,
,BOB,,,1800,10.3,82.6,2,1002,30,5,DD,,,2022,,
,BOB,,2022-03-05 00:00:00,0,11,82.6,2,1002,30,5,DD,,,2022,,
,BOB,,,300,11.4,82.6,2,1002,30,5,DD,,,2022,,
,BOB,,,600,11.6,82.6,2,1002,30,5,DD,,,2022,,
,BOB,,,1200,11.7,82.5,2,1002,30,5,DD,,,2022,,
,BOB,,,1800,11.5,82.4,1.5,1003,25,4,D,,,2022,,
,BOB,,2022-03-06 00:00:00,0,11.2,82.2,1.5,1004,25,3,D,,,2022,,
2.0,BOB,,2022-03-20 00:00:00,0,9.8,92.5,1.5,1002,25,3,D,,,2022,,
,BOB,,,300,10.1,92.6,1.5,1002,25,3,D,,,2022,,
,BOB,,,600,10.4,92.9,1.5,1002,25,3,D,,,2022,,
,BOB,,,1200,10.9,93.2,1.5,1002,25,3,D,,,2022,,
,BOB,,,1800,11.3,93.4,1.5,1001,25,4,D,,,2022,,
,BOB,,2022-03-21 00:00:00,0,11.9,93.7,2,1000,30,5,DD,,,2022,,
,BOB,,,300,12.3,93.8,2,1000,30,5,DD,,,2022,,
,BOB,,,600,12.6,93.9,2,1000,30,5,DD,,,2022,,
,BOB,,,1200,13.3,94,2,1000,30,5,DD,,,2022,,
,BOB,,,1800,14,94,2,1000,30,5,DD,,,2022,,
,BOB,,2022-03-22 00:00:00,0,14.9,94.2,2,1000,30,5,DD,,,2022,,
,BOB,,,300,15.2,94.2,2,1000,30,5,DD,,,2022,,
,BOB,,,600,15.8,94.2,2,1000,30,5,DD,,,2022,,
,BOB,,,900,16.3,94.3,-,1000,30,5,DD,,,2022,,
,BOB,,,1200,16.6,94.4,-,1001,25,4,D,,,2022,,
,BOB,,,1800,17.6,94.5,1.5,1002,25,3,D,,,2022,,
,BOB,,2022-03-23 00:00:00,0,19,94.6,-,1003,20,3,D,,,2022,,
3.0,BOB,ASANI,2022-05-07 00:00:00,600,9.4,91.3,1.5,996,25,4,D,,,2022,,
,BOB,ASANI,,1200,10.3,90.4,2,995,30,5,DD,,,2022,,
,BOB,ASANI,,1800,10.8,90.1,2,994,30,5,DD,,,2022,,
,BOB,ASANI,2022-05-08 00:00:00,0,11.3,89.3,2.5,992,35,7,CS,,,2022,,
,BOB,ASANI,,300,11.5,89,2.5,990,40,8,CS,,,2022,,
,BOB,ASANI,,600,11.8,88.7,3,988,45,10,CS,,,2022,,
,BOB,ASANI,,900,12,88.4,3,988,45,10,CS,,,2022,,
,BOB,ASANI,,1200,12.3,88.2,3,986,50,12,SCS,,,2022,,
,BOB,ASANI,,1500,12.7,87.8,3,986,50,12,SCS,,,2022,,
,BOB,ASANI,,1800,13.1,87.5,3.5,984,55,14,SCS,,,2022,,
,BOB,ASANI,,2100,13.5,87.1,3.5,984,55,14,SCS,,,2022,,
,BOB,ASANI,2022-05-09 00:00:00,0,13.9,86.8,3.5,983,55,15,SCS,,,2022,,
,BOB,ASANI,,300,14.2,86.5,3.5,982,55,16,SCS,,,2022,,
,BOB,ASANI,,600,14.6,86.3,3.5,982,55,16,SCS,,,2022,,
,BOB,ASANI,,900,14.7,86,3.5,982,55,16,SCS,,,2022,,
,BOB,ASANI,,1200,14.9,85.8,3.5,982,55,16,SCS,,,2022,,
,BOB,ASANI,,1500,15,85.5,3.5,982,55,16,SCS,,,2022,,
,BOB,ASANI,,1800,15.1,85.2,3.5,982,55,16,SCS,,,2022,,
,BOB,ASANI,,2100,15.2,84.9,3.5,982,55,16,SCS,,,2022,,
,BOB,ASANI,2022-05-10 00:00:00,0,15.3,84.6,3.5,982,55,16,SCS,,,2022,,
,BOB,ASANI,,300,15.4,84,3.5,984,55,14,SCS,,,2022,,
,BOB,ASANI,,600,15.5,83.5,3.5,984,55,14,SCS,,,2022,,
,BOB,ASANI,,900,15.6,83.1,3.5,984,55,14,SCS,,,2022,,
,BOB,ASANI,,1200,15.7,82.8,3,984,50,14,SCS,,,2022,,
,BOB,ASANI,,1500,15.8,82.4,3,985,50,13,SCS,,,2022,,
,BOB,ASANI,,1800,15.9,82.1,3,986,50,12,SCS,,,2022,,
,BOB,ASANI,,2100,16,81.9,3,986,45,10,CS,,,2022,,
,BOB,ASANI,2022-05-11 00:00:00,0,16.1,81.8,3,988,45,10,CS,,,2022,,
,BOB,ASANI,,300,16.1,81.6,3,988,45,10,CS,,,2022,,
,BOB,ASANI,,600,16.2,81.5,2.5,990,40,8,CS,,,2022,,
,BOB,ASANI,,900,16.2,81.4,2.5,990,40,8,CS,,,2022,,
,BOB,ASANI,,1200,16.3,81.4,2,992,30,6,DD,,,2022,,
,BOB,ASANI,,1500,16.3,81.3,-,993,30,5,DD,,,2022,,
,BOB,ASANI,,1800,16.3,81.2,-,994,30,5,DD,,,2022,,
,BOB,ASANI,2022-05-12 00:00:00,0,16.2,80.9,-,996,25,4,D,,,2022,,
4.0,BOB,,2022-05-20 00:00:00,300,16.3,97.3,1.5,1000,25,4,D,,,2022,,
,BOB,,,600,16.4,97.4,1.5,1000,25,4,D,,,2022,,
,BOB,,,900,16.8,97.6,1.5,998,25,4,D,,,2022,,
,BOB,,,1200,17.1,97.8,1.5,999,25,3,D,,,2022,,
,BOB,,,1800,17.4,98,1.5,999,25,3,D,,,2022,,
5.0,AS,,2022-07-16 00:00:00,300,21.6,69,1.5,992,25,4,D,,,2022,,
,AS,,,600,21.9,68.9,1.5,992,25,4,D,,,2022,,
,AS,,,1200,22.1,68.8,1.5,992,25,4,D,,,2022,,
,AS,,,1800,22.6,68.7,1.5,992,25,4,D,,,2022,,
,AS,,2022-07-17 00:00:00,0,22.8,68.5,1.5,992,25,4,D,,,2022,,
,AS,,,300,23,68.2,1.5,992,25,4,D,,,2022,,
,AS,,,600,23.2,67.8,1.5,992,25,4,D,,,2022,,
,AS,,,1200,23.4,67.4,1.5,992,25,4,D,,,2022,,
,AS,,,1800,23.4,66.3,1.5,993,20,3,D,,,2022,,
6.0,LAND,,2022-08-09 00:00:00,300,20.8,85.6,-,990,25,4,D,,,2022,,
,LAND,,,600,20.8,85.3,-,990,25,4,D,,,2022,,
,LAND,,,1200,21.2,84.2,-,990,25,4,D,,,2022,,
,LAND,,,1800,21.5,83.3,-,991,20,3,D,,,2022,,
7.0,AS,,2022-08-12 00:00:00,300,22.5,66.5,1.5,990,25,4,D,,,2022,,
,AS,,,600,22.4,66,1.5,990,25,4,D,,,2022,,
,AS,,,1200,22.3,65.2,1.5,990,25,4,D,,,2022,,
,AS,,,1800,22.2,64.5,1.5,990,25,4,D,,,2022,,
,AS,,2022-08-13 00:00:00,0,22.1,63.8,1.5,990,25,4,D,,,2022,,
,AS,,,300,22,63.6,1.5,990,25,4,D,,,2022,,
,AS,,,600,22,63.4,1.5,990,20,3,D,,,2022,,
8.0,BOB,,2022-08-14 00:00:00,300,21.7,87.8,1.5,994,25,4,D,,,2022,,
,BOB,,,600,21.8,87.5,-,994,25,4,D,,,2022,,
,BOB,,,1200,22.1,86,-,994,25,4,D,,,2022,,
,BOB,,,1800,22.2,84,-,994,25,4,D,,,2022,,
,BOB,,2022-08-15 00:00:00,0,22.4,82.8,-,994,25,4,D,,,2022,,
,BOB,,,300,22.6,82,-,994,25,4,D,,,2022,,
,BOB,,,600,22.8,81.1,-,994,25,4,D,,,2022,,
,BOB,,,1200,23.3,79.8,-,994,25,4,D,,,2022,,
,BOB,,,1800,23.6,79,-,994,25,4,D,,,2022,,
,BOB,,2022-08-16 00:00:00,0,24.3,77.6,-,994,25,4,D,,,2022,,
,BOB,,,300,24.7,76.5,-,994,25,4,D,,,2022,,
,BOB,,,600,24.9,76.1,-,995,20,3,D,,,2022,,
9.0,BOB,,2022-08-19 00:00:00,0,20.5,89.7,1.5,994,25,4,D,,,2022,,
,BOB,,,300,20.8,89.2,1.5,994,25,4,D,,,2022,,
,BOB,,,600,21.1,88.8,2,993,30,5,DD,,,2022,,
,BOB,,,1200,21.5,88.1,2,992,30,6,DD,,,2022,,
,BOB,,,1500,21.8,87.6,-,992,30,6,DD,,,2022,,
,BOB,,,1800,22.1,87,-,992,30,6,DD,,,2022,,
,BOB,,2022-08-20 00:00:00,0,22.5,86,-,992,30,6,DD,,,2022,,
,BOB,,,300,22.6,85.6,-,992,30,6,DD,,,2022,,
,BOB,,,600,22.9,84.8,-,993,30,5,DD,,,2022,,
,BOB,,,1200,23.3,83.6,-,993,30,5,DD,,,2022,,
,BOB,,,1800,23.5,82.9,-,993,30,5,DD,,,2022,,
,BOB,,2022-08-21 00:00:00,0,23.7,82.2,-,994,25,4,D,,,2022,,
,BOB,,,300,23.8,81.7,-,994,25,4,D,,,2022,,
,BOB,,,600,24,81.2,-,994,25,4,D,,,2022,,
,BOB,,,1200,24.2,80.5,-,994,25,4,D,,,2022,,
,BOB,,,1800,24.25,79.8,-,995,25,4,D,,,2022,,
,BOB,,2022-08-22 00:00:00,0,24.3,79.1,-,995,25,4,D,,,2022,,
,BOB,,,300,24.3,78.4,-,995,25,4,D,,,2022,,
,BOB,,,600,24.4,77.8,-,996,25,4,D,,,2022,,
,BOB,,,1200,24.4,77.4,-,996,25,4,D,,,2022,,
,BOB,,,1800,24.6,76.6,-,997,20,3,D,,,2022,,
,BOB,,2022-08-23 00:00:00,0,24.8,76.2,-,997,20,3,D,,,2022,,
10.0,LAND,,2022-09-11 00:00:00,0,19.5,84.7,-,998,25,4,D,,,2022,,
,LAND,,,300,19.7,84,-,998,25,4,D,,,2022,,
,LAND,,,600,19.8,83.3,-,998,25,4,D,,,2022,,
,LAND,,,1200,19.9,81.7,-,998,25,4,D,,,2022,,
,LAND,,,1800,20.1,81.2,-,998,25,4,D,,,2022,,
,LAND,,2022-09-12 00:00:00,0,20.8,80.8,-,999,20,3,D,,,2022,,
11.0,BOB,Sitrang,2022-10-22 00:00:00,300,12.7,92.4,1.5,1004,25,3,D,,,2022,,
,BOB,Sitrang,,600,13.7,91.3,1.5,1003,25,4,D,,,2022,,
,BOB,Sitrang,,1200,14.2,90.5,1.5,1002,25,4,D,,,2022,,
,BOB,Sitrang,,1800,14.9,89.8,1.5,1002,25,4,D,,,2022,,
,BOB,Sitrang,2022-10-23 00:00:00,0,15.3,89,2,1001,30,5,DD,,,2022,,
,BOB,Sitrang,,300,15.6,88.4,2,1000,30,6,DD,,,2022,,
,BOB,Sitrang,,600,15.9,88.2,2,1000,30,6,DD,,,2022,,
,BOB,Sitrang,,1200,16.5,88.1,2.5,999,35,7,CS,,,2022,,
,BOB,Sitrang,,1500,17,88.2,2.5,999,35,7,CS,,,2022,,
,BOB,Sitrang,,1800,17.3,88.3,2.5,998,35,7,CS,,,2022,,
,BOB,Sitrang,,2100,17.5,88.4,2.5,997,40,8,CS,,,2022,,
,BOB,Sitrang,2022-10-24 00:00:00,0,18,88.6,2.5,996,40,9,CS,,,2022,,
,BOB,Sitrang,,300,18.7,88.9,3,996,45,10,CS,,,2022,,
,BOB,Sitrang,,600,19.3,89.2,3,996,45,10,CS,,,2022,,
,BOB,Sitrang,,900,19.9,89.7,3,996,45,10,CS,,,2022,,
,BOB,Sitrang,,1200,20.5,89.8,3,996,45,10,CS,,,2022,,
,BOB,Sitrang,,1500,21.4,90.2,3,996,45,10,CS,,,2022,,
,BOB,Sitrang,,1800,23.5,90.8,-,996,40,8,CS,,,2022,,
,BOB,Sitrang,,2100,24.3,91,-,998,30,6,DD,,,2022,,
,BOB,Sitrang,2022-10-25 00:00:00,0,24.5,91.1,-,1000,25,4,D,,,2022,,
12.0,BOB,,2022-11-20 00:00:00,0,10,85.5,1.5,1005,25,4,D,,,2022,,
,BOB,,,300,10,85.5,1.5,1005,25,4,D,,,2022,,
,BOB,,,600,10.3,85.3,1.5,1005,25,4,D,,,2022,,
,BOB,,,1200,10.9,85,1.5,1003,25,4,D,,,2022,,
,BOB,,,1800,11.4,84.6,1.5,1003,25,4,D,,,2022,,
,BOB,,2022-11-21 00:00:00,0,11.9,84.2,1.5,1003,25,4,D,,,2022,,
,BOB,,,300,12.1,84,1.5,1003,25,4,D,,,2022,,
,BOB,,,600,12.6,83.4,1.5,1003,25,4,D,,,2022,,
,BOB,,,1200,12.9,82,1.5,1003,25,4,D,,,2022,,
,BOB,,,1800,13,81.7,1.5,1003,25,4,D,,,2022,,
,BOB,,2022-11-22 00:00:00,0,13.1,81.4,1.5,1004,25,4,D,,,2022,,
13.0,BOB,MANDOUS,2022-12-06 00:00:00,1200,8.2,88.2,1.5,1000,25,3,D,,,2022,,
,BOB,MANDOUS,,1800,8.4,87,1.5,1000,25,4,D,,,2022,,
,BOB,MANDOUS,2022-12-07 00:00:00,0,8.6,86.3,2,999,30,5,DD,,,2022,,
,BOB,MANDOUS,,300,8.7,85.7,2,999,30,5,DD,,,2022,,
,BOB,MANDOUS,,600,8.7,85.5,2,998,30,5,DD,,,2022,,
,BOB,MANDOUS,,1200,8.9,85,2,998,30,6,DD,,,2022,,
,BOB,MANDOUS,,1800,9.2,84.6,2.5,997,35,7,CS,,,2022,,
,BOB,MANDOUS,,2100,9.3,84.4,2.5,997,35,7,CS,,,2022,,
,BOB,MANDOUS,2022-12-08 00:00:00,0,9.4,84.1,2.5,995,40,8,CS,,,2022,,
,BOB,MANDOUS,,300,9.5,83.8,2.5,994,40,9,CS,,,2022,,
,BOB,MANDOUS,,600,9.7,83.5,3,992,45,10,CS,,,2022,,
,BOB,MANDOUS,,900,9.8,83.2,3,992,45,10,CS,,,2022,,
,BOB,MANDOUS,,1200,10.1,82.9,3,990,50,12,SCS,,,2022,,
,BOB,MANDOUS,,1500,10.4,82.6,3,990,50,12,SCS,,,2022,,
,BOB,MANDOUS,,1800,10.6,82.3,3,990,50,12,SCS,,,2022,,
,BOB,MANDOUS,,2100,10.7,82,3,990,50,12,SCS,,,2022,,
,BOB,MANDOUS,2022-12-09 00:00:00,0,11,81.7,3,990,50,12,SCS,,,2022,,
,BOB,MANDOUS,,300,11.1,81.5,3,991,45,11,CS,,,2022,,
,BOB,MANDOUS,,600,11.4,81.3,3,992,45,10,CS,,,2022,,
,BOB,MANDOUS,,900,11.7,81,3,992,45,10,CS,,,2022,,
,BOB,MANDOUS,,1200,12,80.8,2.5,993,40,9,CS,,,2022,,
,BOB,MANDOUS,,1500,12.2,80.6,2.5,994,40,8,CS,,,2022,,
,BOB,MANDOUS,,1800,12.5,80.3,2.5,995,35,7,CS,,,2022,,
,BOB,MANDOUS,,2100,12.8,80,-,996,35,7,CS,,,2022,,
,BOB,MANDOUS,2022-12-10 00:00:00,0,12.9,79.7,-,998,30,5,DD,,,2022,,
,BOB,MANDOUS,,300,12.8,79.5,-,1000,30,4,DD,,,2022,,
,BOB,MANDOUS,,600,12.7,79.3,-,1002,25,3,D,,,2022,,
14.0,AS,,2022-12-14 00:00:00,900,13.5,69.6,1.5,1002,25,4,D,,,2022,,
,AS,,,1200,13.7,69.2,1.5,1002,25,4,D,,,2022,,
,AS,,,1800,13.8,68.7,1.5,1002,25,4,D,,,2022,,
,AS,,2022-12-15 00:00:00,0,13.9,68.2,2,1000,30,5,DD,,,2022,,
,AS,,,300,13.9,67.8,2,1000,30,5,DD,,,2022,,
,AS,,,0,13.9,67.5,2,1000,30,5,DD,,,2022,,
,AS,,,1200,14.1,66.8,2,1000,30,5,DD,,,2022,,
,AS,,,1800,14.1,65.8,2,1000,30,5,DD,,,2022,,
,AS,,2022-12-16 00:00:00,0,14,65.2,2,1000,30,5,DD,,,2022,,
,AS,,,300,13.9,64.7,2,1000,30,5,DD,,,2022,,
,AS,,,600,13.8,64.4,2,1000,30,5,DD,,,2022,,
,AS,,,1200,14,63.8,1.5,1002,25,4,D,,,2022,,
,AS,,,1800,14.1,63,1.5,1002,25,4,D,,,2022,,
,AS,,2022-12-17 00:00:00,0,14.1,62.2,1.5,1002,25,4,D,,,2022,,
,AS,,,300,14,61.9,1.5,1002,25,4,D,,,2022,,
,AS,,,600,13.9,61.4,1.5,1002,25,4,D,,,2022,,
15.0,BOB,,2022-12-22 00:00:00,300,9,85,1.5,1004,25,4,D,,,2022,,
,BOB,,,600,9.5,84.8,1.5,1004,25,4,D,,,2022,,
,BOB,,,1200,9.8,84.5,1.5,1004,25,4,D,,,2022,,
,BOB,,,1800,10.1,84.2,1.5,1004,25,4,D,,,2022,,
,BOB,,2022-12-23 00:00:00,0,10.1,84.2,1.5,1004,25,4,D,,,2022,,
,BOB,,,300,10.1,84.2,1.5,1004,25,4,D,,,2022,,
,BOB,,,600,10.4,84.8,1.5,1004,25,4,D,,,2022,,
,BOB,,,1200,10.6,85.4,1.5,1004,25,4,D,,,2022,,
,BOB,,,1800,10.4,85.3,1.5,1004,25,4,D,,,2022,,
,BOB,,2022-12-24 00:00:00,0,10.8,84.5,1.5,1004,25,4,D,,,2022,,
,BOB,,,300,10.7,84.2,1.5,1004,25,4,D,,,2022,,
,BOB,,,600,10.4,83.7,1.5,1004,25,4,D,,,2022,,
,BOB,,,1200,9.7,83,1.5,1004,25,4,D,,,2022,,
,BOB,,,1800,9.3,82.5,1.5,1004,25,4,D,,,2022,,
,BOB,,2022-12-25 00:00:00,0,9,82.2,1.5,1004,25,4,D,,,2022,,
,BOB,,,300,8.8,82,1.5,1004,25,4,D,,,2022,,
,BOB,,,600,8.5,81.6,1.5,1004,25,4,D,,,2022,,
1.0,BOB,,2023-01-30 00:00:00,300,7.7,87.2,1.5,1004,25,4,D,,,2023,,
,BOB,,2023-01-30 00:00:00,600,7.9,86.6,1.5,1004,25,4,D,,,2023,,
,BOB,,2023-01-30 00:00:00,1200,8,86,1.5,1004,25,4,D,,,2023,,
,BOB,,2023-01-30 00:00:00,1800,8.1,85.3,1.5,1004,25,4,D,,,2023,,
,BOB,,2023-01-31 00:00:00,0,8.2,84.8,1.5,1004,25,4,D,,,2023,,
,BOB,,2023-01-31 00:00:00,300,8.4,84.3,1.5,1004,25,4,D,,,2023,,
,BOB,,2023-01-31 00:00:00,600,8.6,83.9,1.5,1004,25,4,D,,,2023,,
,BOB,,2023-01-31 00:00:00,1200,8.6,83.5,1.5,1004,25,4,D,,,2023,,
,BOB,,2023-01-31 00:00:00,1800,8.3,82.9,1.5,1004,25,4,D,,,2023,,
,BOB,,2023-02-01 00:00:00,0,8.2,82.7,1.5,1004,25,4,D,,,2023,,
,BOB,,2023-02-01 00:00:00,300,8.2,82.5,1.5,1004,25,4,D,,,2023,,
,BOB,,2023-02-01 00:00:00,600,8.2,82.5,1.5,1004,25,4,D,,,2023,,
,BOB,,2023-02-01 00:00:00,1200,8.2,82.3,1.5,1004,25,4,D,,,2023,,
,BOB,,2023-02-01 00:00:00,1800,8.1,82.1,1.5,1004,25,4,D,,,2023,,
,BOB,,2023-02-02 00:00:00,0,7.6,81.4,-,1004,25,4,D,,,2023,,
,BOB,,2023-02-02 00:00:00,300,7.2,81.1,-,1004,20,4,D,,,2023,,
,BOB,,2023-02-02 00:00:00,600,6.8,80.8,-,1006,20,4,D,,,2023,,
,BOB,,2023-02-02 00:00:00,1200,6.3,80.3,-,1006,20,4,D,,,2023,,
2.0,BOB,MOCHA,2023-05-09 00:00:00,1200,8.3,89.5,1.5,1002,25,3,D,,,2023,,
,BOB,MOCHA,2023-05-09 00:00:00,1800,8.5,89.3,1.5,1002,25,3,D,,,2023,,
,BOB,MOCHA,2023-05-10 00:00:00,0,8.5,89,2,1000,30,4,DD,,,2023,,
,BOB,MOCHA,2023-05-10 00:00:00,300,8.8,88.9,2,1000,30,4,DD,,,2023,,
,BOB,MOCHA,2023-05-10 00:00:00,600,9.1,88.7,2,999,30,4,DD,,,2023,,
,BOB,MOCHA,2023-05-10 00:00:00,1200,10,88.4,2,998,30,5,DD,,,2023,,
,BOB,MOCHA,2023-05-10 00:00:00,1800,10.8,88.2,2,998,30,5,DD,,,2023,,
,BOB,MOCHA,2023-05-11 00:00:00,0,11.2,88.1,2.5,997,35,6,CS,,,2023,,
,BOB,MOCHA,2023-05-11 00:00:00,300,11.4,88,2.5,996,35,7,CS,,,2023,,
,BOB,MOCHA,2023-05-11 00:00:00,600,11.6,88,3,996,45,10,CS,,,2023,,
,BOB,MOCHA,2023-05-11 00:00:00,900,11.8,88,3,996,45,10,CS,,,2023,,
,BOB,MOCHA,2023-05-11 00:00:00,1200,12.2,88,3,994,50,12,SCS,,,2023,,
,BOB,MOCHA,2023-05-11 00:00:00,1500,12.5,88.1,3.5,992,50,12,SCS,,,2023,,
,BOB,MOCHA,2023-05-11 00:00:00,1800,12.7,88.1,3.5,992,50,12,SCS,,,2023,,
,BOB,MOCHA,2023-05-11 00:00:00,2100,12.9,88.1,3.5,986,60,18,SCS,,,2023,,
,BOB,MOCHA,2023-05-12 00:00:00,0,13.2,88.1,4,982,65,22,VSCS,,,2023,,
,BOB,MOCHA,2023-05-12 00:00:00,300,13.6,88.2,4,982,65,22,VSCS,,,2023,,
,BOB,MOCHA,2023-05-12 00:00:00,600,14,88.3,4.5,974,75,30,VSCS,,,2023,,
,BOB,MOCHA,2023-05-12 00:00:00,900,14.3,88.4,5,970,85,36,VSCS,,,2023,,
,BOB,MOCHA,2023-05-12 00:00:00,1200,14.6,88.6,5,970,85,36,VSCS,,,2023,,
,BOB,MOCHA,2023-05-12 00:00:00,1500,14.8.,88.7,5.5,964,90,40,ESCS,,,2023,,
,BOB,MOCHA,2023-05-12 00:00:00,1800,15.1,88.8,5.5,954,100,50,ESCS,,,2023,,
,BOB,MOCHA,2023-05-12 00:00:00,2100,15.2,88.9,5.5,954,100,50,ESCS,,,2023,,
,BOB,MOCHA,2023-05-13 00:00:00,0,15.4,89.1,5.5,954,100,50,ESCS,,,2023,,
,BOB,MOCHA,2023-05-13 00:00:00,300,15.7,89.5,5.5,954,100,50,ESCS,,,2023,,
,BOB,MOCHA,2023-05-13 00:00:00,600,16,90,5.5,950,105,54,ESCS,,,2023,,
,BOB,MOCHA,2023-05-13 00:00:00,900,16.4,90.3,5.5,950,105,54,ESCS,,,2023,,
,BOB,MOCHA,2023-05-13 00:00:00,1200,16.9,90.8,6,944,110,60,ESCS,,,2023,,
,BOB,MOCHA,2023-05-13 00:00:00,1500,17.4,90.9,6,944,110,60,ESCS,,,2023,,
,BOB,MOCHA,2023-05-13 00:00:00,1800,17.9,91,6,938,115,66,ESCS,,,2023,,
,BOB,MOCHA,2023-05-13 00:00:00,2100,18.3,91.3,6,938,115,66,ESCS,,,2023,,
,BOB,MOCHA,2023-05-14 00:00:00,0,18.7,91.5,6,938,115,66,ESCS,,,2023,,
,BOB,MOCHA,2023-05-14 00:00:00,300,19.3,91.9,6,944,110,60,ESCS,,,2023,,
,BOB,MOCHA,2023-05-14 00:00:00,600,19.9,92.5,5.5,952,100,52,ESCS,,,2023,,
,BOB,MOCHA,2023-05-14 00:00:00,900,20.5,92.9,-,964,90,40,ESCS,,,2023,,
,BOB,MOCHA,2023-05-14 00:00:00,1200,21.1,93.3,-,974,75,30,VSCS,,,2023,,
,BOB,MOCHA,2023-05-14 00:00:00,1500,21.8,93.8,-,984,60,18,SCS,,,2023,,
,BOB,MOCHA,2023-05-14 00:00:00,1800,22.7,94.6,-,992,50,12,SCS,,,2023,,
,BOB,MOCHA,2023-05-14 00:00:00,2100,23.5,95.3,-,996,35,6,CS,,,2023,,
,BOB,MOCHA,2023-05-15 00:00:00,0,23.9,97.8,-,1000,25,3,D,,,2023,,
3.0,AS,BIPARJOY,2023-06-06 00:00:00,0,11.3,66,1.5,1000,25,3,D,,,2023,,
,AS,BIPARJOY,2023-06-06 00:00:00,300,11.5,66,1.5,1000,25,3,D,,,2023,,
,AS,BIPARJOY,2023-06-06 00:00:00,600,11.9,66,2,999,30,5,DD,,,2023,,
,AS,BIPARJOY,2023-06-06 00:00:00,1200,12.1,66,2.5,998,35,6,CS,,,2023,,
,AS,BIPARJOY,2023-06-06 00:00:00,1500,12.3,66,2.5,998,35,7,CS,,,2023,,
,AS,BIPARJOY,2023-06-06 00:00:00,1800,12.5,66,2.5,996,40,8,CS,,,2023,,
,AS,BIPARJOY,2023-06-06 00:00:00,2100,12.5,66,3,996,45,10,CS,,,2023,,
,AS,BIPARJOY,2023-06-07 00:00:00,0,12.6,66.1,3.5,990,55,15,SCS,,,2023,,
,AS,BIPARJOY,2023-06-07 00:00:00,300,12.7,66.2,3.5,988,60,18,SCS,,,2023,,
,AS,BIPARJOY,2023-06-07 00:00:00,600,12.8,66.3,4,983,65,21,VSCS,,,2023,,
,AS,BIPARJOY,2023-06-07 00:00:00,900,13.1,66.3,4,983,65,21,VSCS,,,2023,,
,AS,BIPARJOY,2023-06-07 00:00:00,1200,13.3,66.2,4,983,65,22,VSCS,,,2023,,
,AS,BIPARJOY,2023-06-07 00:00:00,1500,13.4,66.2,4,983,65,22,VSCS,,,2023,,
,AS,BIPARJOY,2023-06-07 00:00:00,1800,13.6,66,4,980,70,24,VSCS,,,2023,,
,AS,BIPARJOY,2023-06-07 00:00:00,2100,13.7,66,4,980,70,26,VSCS,,,2023,,
,AS,BIPARJOY,2023-06-08 00:00:00,0,13.9,66,4.5,978,75,28,VSCS,,,2023,,
,AS,BIPARJOY,2023-06-08 00:00:00,300,14,66,4.5,978,75,28,VSCS,,,2023,,
,AS,BIPARJOY,2023-06-08 00:00:00,600,14.1,66,4.5,978,75,28,VSCS,,,2023,,
,AS,BIPARJOY,2023-06-08 00:00:00,900,14.3,66,4.5,978,75,28,VSCS,,,2023,,
,AS,BIPARJOY,2023-06-08 00:00:00,1200,14.4,66,4.5,978,75,28,VSCS,,,2023,,
,AS,BIPARJOY,2023-06-08 00:00:00,1500,14.5,66,4.5,978,75,28,VSCS,,,2023,,
,AS,BIPARJOY,2023-06-08 00:00:00,1800,14.6,66,4.5,978,75,28,VSCS,,,2023,,
,AS,BIPARJOY,2023-06-08 00:00:00,2100,14.6,66,4.5,978,75,28,VSCS,,,2023,,
,AS,BIPARJOY,2023-06-09 00:00:00,0,14.7,66.2,4.5,978,75,28,VSCS,,,2023,,
,AS,BIPARJOY,2023-06-09 00:00:00,300,14.8,66.4,4,980,70,24,VSCS,,,2023,,
,AS,BIPARJOY,2023-06-09 00:00:00,600,15,66.6,4,980,70,24,VSCS,,,2023,,
,AS,BIPARJOY,2023-06-09 00:00:00,900,15.3,66.9,4,980,70,24,VSCS,,,2023,,
,AS,BIPARJOY,2023-06-09 00:00:00,1200,15.5,67.1,4,982,65,24,VSCS,,,2023,,
,AS,BIPARJOY,2023-06-09 00:00:00,1500,15.7,67.3,4,982,65,24,VSCS,,,2023,,
,AS,BIPARJOY,2023-06-09 00:00:00,1800,16,67.4,4,978,70,24,VSCS,,,2023,,
,AS,BIPARJOY,2023-06-09 00:00:00,2100,16.3,67.4,4,976,70,24,VSCS,,,2023,,
,AS,BIPARJOY,2023-06-10 00:00:00,0,16.5,67.4,4.5,974,75,28,VSCS,,,2023,,
,AS,BIPARJOY,2023-06-10 00:00:00,300,16.7,67.4,4.5,972,75,28,VSCS,,,2023,,
,AS,BIPARJOY,2023-06-10 00:00:00,600,16.8,67.4,4.5,970,75,28,VSCS,,,2023,,
,AS,BIPARJOY,2023-06-10 00:00:00,900,16.9,67.4,4.5,966,80,32,VSCS,,,2023,,
,AS,BIPARJOY,2023-06-10 00:00:00,1200,17.1,67.3,4.5,964,80,32,VSCS,,,2023,,
,AS,BIPARJOY,2023-06-10 00:00:00,1500,17.3,67.3,4.5,964,80,32,VSCS,,,2023,,
,AS,BIPARJOY,2023-06-10 00:00:00,1800,17.4,67.3,4.5,962,85,36,VSCS,,,2023,,
,AS,BIPARJOY,2023-06-10 00:00:00,2100,17.6,67.3,4.5,962,85,36,VSCS,,,2023,,
,AS,BIPARJOY,2023-06-11 00:00:00,0,17.9,67.4,5,960,90,40,ESCS,,,2023,,
,AS,BIPARJOY,2023-06-11 00:00:00,300,18,67.6,5,958,90,40,ESCS,,,2023,,
,AS,BIPARJOY,2023-06-11 00:00:00,600,18.2,67.7,5,958,90,40,ESCS,,,2023,,
,AS,BIPARJOY,2023-06-11 00:00:00,900,18.4,67.7,5,958,90,40,ESCS,,,2023,,
,AS,BIPARJOY,2023-06-11 00:00:00,1200,18.6,67.7,5,958,90,40,ESCS,,,2023,,
,AS,BIPARJOY,2023-06-11 00:00:00,1500,18.7,67.7,5,958,90,40,ESCS,,,2023,,
,AS,BIPARJOY,2023-06-11 00:00:00,1800,18.9,67.7,5,958,90,40,ESCS,,,2023,,
,AS,BIPARJOY,2023-06-11 00:00:00,2100,19,67.7,5,958,90,40,ESCS,,,2023,,
,AS,BIPARJOY,2023-06-12 00:00:00,0,19.2,67.7,5,958,90,40,ESCS,,,2023,,
,AS,BIPARJOY,2023-06-12 00:00:00,300,19.4,67.7,5,958,90,40,ESCS,,,2023,,
,AS,BIPARJOY,2023-06-12 00:00:00,600,19.6,67.6,5,958,90,40,ESCS,,,2023,,
,AS,BIPARJOY,2023-06-12 00:00:00,900,19.7,67.5,5,958,90,40,ESCS,,,2023,,
,AS,BIPARJOY,2023-06-12 00:00:00,1200,19.9,67.3,5,960,90,40,ESCS,,,2023,,
,AS,BIPARJOY,2023-06-12 00:00:00,1500,20,67.2,5,960,90,40,ESCS,,,2023,,
,AS,BIPARJOY,2023-06-12 00:00:00,1800,20.1,67.2,4.5,962,85,36,VSCS,,,2023,,
,AS,BIPARJOY,2023-06-12 00:00:00,2100,20.3,67.2,4.5,962,85,36,VSCS,,,2023,,
,AS,BIPARJOY,2023-06-13 00:00:00,0,20.6,67,4.5,962,85,36,VSCS,,,2023,,
,AS,BIPARJOY,2023-06-13 00:00:00,300,20.9,66.9,4.5,962,85,36,VSCS,,,2023,,
,AS,BIPARJOY,2023-06-13 00:00:00,600,21,66.7,4.5,962,85,36,VSCS,,,2023,,
,AS,BIPARJOY,2023-06-13 00:00:00,900,21.1,66.5,4.5,962,85,36,VSCS,,,2023,,
,AS,BIPARJOY,2023-06-13 00:00:00,1200,21.3,66.5,4.5,962,85,36,VSCS,,,2023,,
,AS,BIPARJOY,2023-06-13 00:00:00,1500,21.4,66.4,4.5,962,85,36,VSCS,,,2023,,
,AS,BIPARJOY,2023-06-13 00:00:00,1800,21.7,66.3,4.5,962,85,36,VSCS,,,2023,,
,AS,BIPARJOY,2023-06-13 00:00:00,2100,21.7,66.3,4.5,964,85,36,VSCS,,,2023,,
,AS,BIPARJOY,2023-06-14 00:00:00,0,21.8,66.3,4.5,966,80,32,VSCS,,,2023,,
,AS,BIPARJOY,2023-06-14 00:00:00,300,21.8,66.3,4.5,966,80,32,VSCS,,,2023,,
,AS,BIPARJOY,2023-06-14 00:00:00,600,21.8,66.3,4.5,966,80,32,VSCS,,,2023,,
,AS,BIPARJOY,2023-06-14 00:00:00,900,21.9,66.5,4.5,966,80,32,VSCS,,,2023,,
,AS,BIPARJOY,2023-06-14 00:00:00,1200,22,66.7,4.5,970,75,28,VSCS,,,2023,,
,AS,BIPARJOY,2023-06-14 00:00:00,1500,22.1,66.8,4,974,70,24,VSCS,,,2023,,
,AS,BIPARJOY,2023-06-14 00:00:00,1800,22.2,66.9,4,974,70,24,VSCS,,,2023,,
,AS,BIPARJOY,2023-06-14 00:00:00,2100,22.3,66.9,4,974,70,24,VSCS,,,2023,,
,AS,BIPARJOY,2023-06-15 00:00:00,0,22.4,67,4,974,70,24,VSCS,,,2023,,
,AS,BIPARJOY,2023-06-15 00:00:00,300,22.6,67.1,4,974,70,24,VSCS,,,2023,,
,AS,BIPARJOY,2023-06-15 00:00:00,600,22.7,67.3,4,976,65,21,VSCS,,,2023,,
,AS,BIPARJOY,2023-06-15 00:00:00,900,22.8,67.6,4,976,65,21,VSCS,,,2023,,
,AS,BIPARJOY,2023-06-15 00:00:00,1200,22.9,68,4,976,65,21,VSCS,,,2023,,
,AS,BIPARJOY,2023-06-15 00:00:00,1500,23.1,68.3,4,976,65,21,VSCS,,,2023,,
,AS,BIPARJOY,2023-06-15 00:00:00,1800,23.3,68.6,-,980,60,18,SCS,,,2023,,
,AS,BIPARJOY,2023-06-15 00:00:00,2100,23.4,68.9,-,982,50,12,SCS,,,2023,,
,AS,BIPARJOY,2023-06-16 00:00:00,0,23.4,69.2,-,978,50,12,SCS,,,2023,,
,AS,BIPARJOY,2023-06-16 00:00:00,300,23.5,69.5,-,978,45,10,CS,,,2023,,
,AS,BIPARJOY,2023-06-16 00:00:00,600,23.7,69.8,-,980,40,8,CS,,,2023,,
,AS,BIPARJOY,2023-06-16 00:00:00,900,23.9,70,-,984,40,8,CS,,,2023,,
,AS,BIPARJOY,2023-06-16 00:00:00,1200,24.2,70.3,-,986,35,7,CS,,,2023,,
,AS,BIPARJOY,2023-06-16 00:00:00,1500,24.5,70.7,-,987,35,6,CS,,,2023,,
,AS,BIPARJOY,2023-06-16 00:00:00,1800,24.6,70.9,-,988,30,4,DD,,,2023,,
,AS,BIPARJOY,2023-06-17 00:00:00,0,24.7,71.2,-,988,30,4,DD,,,2023,,
,AS,BIPARJOY,2023-06-17 00:00:00,300,25,71.5,-,988,30,4,DD,,,2023,,
,AS,BIPARJOY,2023-06-17 00:00:00,600,25.3,71.9,-,989,30,4,DD,,,2023,,
,AS,BIPARJOY,2023-06-17 00:00:00,1200,25.6,72.5,-,990,25,3,D,,,2023,,
,AS,BIPARJOY,2023-06-17 00:00:00,1800,25.8,72.8,-,991,25,3,D,,,2023,,
,AS,BIPARJOY,2023-06-18 00:00:00,0,26,73.3,-,991,25,3,D,,,2023,,
,AS,BIPARJOY,2023-06-18 00:00:00,300,26.2,73.8,-,992,25,3,D,,,2023,,
,AS,BIPARJOY,2023-06-18 00:00:00,600,26.3,74,-,994,25,3,D,,,2023,,
,AS,BIPARJOY,2023-06-18 00:00:00,1200,26.3,74.7,-,995,20,3,D,,,2023,,
,AS,BIPARJOY,2023-06-18 00:00:00,1800,26.3,75.2,-,995,20,3,D,,,2023,,
,AS,BIPARJOY,2023-06-19 00:00:00,0,26.3,76,-,995,20,3,D,,,2023,,
4.0,BOB,,2023-08-01 00:00:00,0,20.5,91.5,1.5,992,25,4,D,,,2023,,
,BOB,,2023-08-01 00:00:00,300,21.2,91.2,2,990,30,6,DD,,,2023,,
,BOB,,2023-08-01 00:00:00,600,21.6,90.7,2,990,30,6,DD,,,2023,,
,BOB,,2023-08-01 00:00:00,1200,22.5,89.5,-,988,30,6,DD,,,2023,,
,BOB,,2023-08-01 00:00:00,1800,22.8,89,-,988,30,6,DD,,,2023,,
,BOB,,2023-08-02 00:00:00,0,23.1,87.4,-,988,30,6,DD,,,2023,,
,BOB,,2023-08-02 00:00:00,300,23.2,87.1,-,989,30,5,DD,,,2023,,
,BOB,,2023-08-02 00:00:00,600,23.3,86.3,-,989,30,5,DD,,,2023,,
,BOB,,2023-08-02 00:00:00,1200,23.3,85.1,-,990,25,4,D,,,2023,,
,BOB,,2023-08-02 00:00:00,1800,23.3,84.1,-,990,25,4,D,,,2023,,
,BOB,,2023-08-03 00:00:00,0,23.4,83.4,-,990,25,4,D,,,2023,,
,BOB,,2023-08-03 00:00:00,300,23.5,83.1,-,992,25,4,D,,,2023,,
,BOB,,2023-08-03 00:00:00,600,23.5,83.1,-,993,20,3,D,,,2023,,
5.0,AS,,2023-09-30 00:00:00,300,15.9,72.8,1.5,1002,25,4,D,,,2023,,
,AS,,2023-09-30 00:00:00,600,16.4,73.1,1.5,1002,25,4,D,,,2023,,
,AS,,2023-09-30 00:00:00,1200,16.6,73.2,1.5,1002,25,4,D,,,2023,,
,AS,,2023-09-30 00:00:00,1800,16.8,73.5,1.5,1002,25,4,D,,,2023,,
,AS,,2023-10-01 00:00:00,0,17,74,-,1003,25,3,D,,,2023,,
6.0,AS,TEJ,2023-10-20 00:00:00,300,9.3,61.7,1.5,1004,25,4,D,,,2023,,
,AS,TEJ,2023-10-20 00:00:00,600,9.3,61.5,1.5,1004,25,4,D,,,2023,,
,AS,TEJ,2023-10-20 00:00:00,1200,9.4,61.3,2,1003,30,5,DD,,,2023,,
,AS,TEJ,2023-10-20 00:00:00,1800,9.5,60.7,2,1002,30,6,DD,,,2023,,
,AS,TEJ,2023-10-21 00:00:00,0,9.9,59.4,2.5,1001,35,7,CS,,,2023,,
,AS,TEJ,2023-10-21 00:00:00,300,10.1,58.8,3,998,45,10,CS,,,2023,,
,AS,TEJ,2023-10-21 00:00:00,600,10.3,58.4,3,996,50,12,SCS,,,2023,,
,AS,TEJ,2023-10-21 00:00:00,900,10.2,57.9,3,995,50,13,SCS,,,2023,,
,AS,TEJ,2023-10-21 00:00:00,1200,10.6,57.4,3.5,992,55,16,SCS,,,2023,,
,AS,TEJ,2023-10-21 00:00:00,1500,11.1,57,4,988,65,20,VSCS,,,2023,,
,AS,TEJ,2023-10-21 00:00:00,1800,11.3,56.6,4.5,980,75,28,VSCS,,,2023,,
,AS,TEJ,2023-10-21 00:00:00,2100,11.7,56.1,4.5,976,80,32,VSCS,,,2023,,
,AS,TEJ,2023-10-22 00:00:00,0,12,56,4.5,972,85,36,VSCS,,,2023,,
,AS,TEJ,2023-10-22 00:00:00,300,12.3,55.4,5,964,95,44,ESCS,,,2023,,
,AS,TEJ,2023-10-22 00:00:00,600,12.6,55.1,5,964,95,44,ESCS,,,2023,,
,AS,TEJ,2023-10-22 00:00:00,900,12.9,54.7,5,964,95,44,ESCS,,,2023,,
,AS,TEJ,2023-10-22 00:00:00,1200,13.3,54.4,5,964,95,44,ESCS,,,2023,,
,AS,TEJ,2023-10-22 00:00:00,1500,13.6,54.1,5,964,95,44,ESCS,,,2023,,
,AS,TEJ,2023-10-22 00:00:00,1800,13.8,53.9,5,964,95,44,ESCS,,,2023,,
,AS,TEJ,2023-10-22 00:00:00,2100,14.1,53.6,5,966,95,42,ESCS,,,2023,,
,AS,TEJ,2023-10-23 00:00:00,0,14.4,53.5,5,968,90,40,ESCS,,,2023,,
,AS,TEJ,2023-10-23 00:00:00,300,14.7,53.2,4.5,972,85,36,VSCS,,,2023,,
,AS,TEJ,2023-10-23 00:00:00,600,15,52.9,4.5,976,80,32,VSCS,,,2023,,
,AS,TEJ,2023-10-23 00:00:00,900,15.1,52.8,4.5,978,80,30,VSCS,,,2023,,
,AS,TEJ,2023-10-23 00:00:00,1200,15.4,52.7,4,981,75,27,VSCS,,,2023,,
,AS,TEJ,2023-10-23 00:00:00,1500,15.6,52.5,4,984,70,24,VSCS,,,2023,,
,AS,TEJ,2023-10-23 00:00:00,1800,15.8,52.3,4,986,70,22,VSCS,,,2023,,
,AS,TEJ,2023-10-23 00:00:00,2100,15.9,52.2,4,988,65,20,VSCS,,,2023,,
,AS,TEJ,2023-10-24 00:00:00,0,15.9,52.1, -,990,60,18,SCS,,,2023,,
,AS,TEJ,2023-10-24 00:00:00,300,16,51.8, -,996,50,12,SCS,,,2023,,
,AS,TEJ,2023-10-24 00:00:00,600,16.1,51.5, -,1000,40,8,CS,,,2023,,
,AS,TEJ,2023-10-24 00:00:00,900,16.1,51.3, -,1002,30,6,DD,,,2023,,
,AS,TEJ,2023-10-24 00:00:00,1200,16.2,51, -,1004,25,4,D,,,2023,,
7.0,BOB,HAMOON,2023-10-21 00:00:00,1800,14.7,86.4,1.5,1003,25,3,D,,,2023,,
,BOB,HAMOON,2023-10-21 00:00:00,2100,14.8,86.3,1.5,1003,25,3,D,,,2023,,
,BOB,HAMOON,2023-10-22 00:00:00,0,14.9,86.3,1.5,1003,25,3,D,,,2023,,
,BOB,HAMOON,2023-10-22 00:00:00,300,15,86.2,1.5,1003,25,3,D,,,2023,,
,BOB,HAMOON,2023-10-22 00:00:00,600,15.3,86.2,1.5,1003,25,4,D,,,2023,,
,BOB,HAMOON,2023-10-22 00:00:00,900,15.6,86.2,1.5,1002,25,4,D,,,2023,,
,BOB,HAMOON,2023-10-22 00:00:00,1200,15.8,86.3,2,1001,30,5,DD,,,2023,,
,BOB,HAMOON,2023-10-22 00:00:00,1500,16.4,86.4,2,1001,30,5,DD,,,2023,,
,BOB,HAMOON,2023-10-22 00:00:00,1800,16.4,86.5,2,1001,30,5,DD,,,2023,,
,BOB,HAMOON,2023-10-22 00:00:00,2100,16.4,86.6,2,1001,30,5,DD,,,2023,,
,BOB,HAMOON,2023-10-23 00:00:00,0,16.7,86.7,2,1001,30,5,DD,,,2023,,
,BOB,HAMOON,2023-10-23 00:00:00,300,17,86.8,2,1001,30,5,DD,,,2023,,
,BOB,HAMOON,2023-10-23 00:00:00,600,17.4,87,2,1000,30,6,DD,,,2023,,
,BOB,HAMOON,2023-10-23 00:00:00,900,17.9,87.2,2,1000,30,6,DD,,,2023,,
,BOB,HAMOON,2023-10-23 00:00:00,1200,18.3,87.3,2.5,999,35,7,CS,,,2023,,
,BOB,HAMOON,2023-10-23 00:00:00,1500,18.7,87.6,2.5,998,40,8,CS,,,2023,,
,BOB,HAMOON,2023-10-23 00:00:00,1800,19.1,88,3,998,40,8,CS,,,2023,,
,BOB,HAMOON,2023-10-23 00:00:00,2100,19.3,88.4,3.5,994,50,12,SCS,,,2023,,
,BOB,HAMOON,2023-10-24 00:00:00,0,19.7,88.8,3.5,990,55,16,SCS,,,2023,,
,BOB,HAMOON,2023-10-24 00:00:00,300,20,89.5,4,984,65,22,VSCS,,,2023,,
,BOB,HAMOON,2023-10-24 00:00:00,600,20.3,90,4,985,65,21,VSCS,,,2023,,
,BOB,HAMOON,2023-10-24 00:00:00,900,20.6,90.4,4,986,65,20,VSCS,,,2023,,
,BOB,HAMOON,2023-10-24 00:00:00,1200,20.8,90.8,3.5,988,55,17,SCS,,,2023,,
,BOB,HAMOON,2023-10-24 00:00:00,1500,21.3,91.3,3.5,990,55,16,SCS,,,2023,,
,BOB,HAMOON,2023-10-24 00:00:00,1800,21.6,91.6,3,994,50,12,SCS,,,2023,,
,BOB,HAMOON,2023-10-25 00:00:00,2100,22,92, -,996,45,10,CS,,,2023,,
,BOB,HAMOON,2023-10-25 00:00:00,0,22.2,92.2, -,999,35,7,CS,,,2023,,
,BOB,HAMOON,2023-10-25 00:00:00,300,22.4,92.4, -,1003,30,5,DD,,,2023,,
,BOB,HAMOON,2023-10-25 00:00:00,600,22.7,92.7, -,1004,25,4,D,,,2023,,
8.0,BOB,MIDHILI,2023-11-15 00:00:00,300,14.5,86.8,1.5,1005,25,3,D,, ,2023,,
,BOB,MIDHILI,2023-11-15 00:00:00,600,14.7,86.6,1.5,1005,25,3,D,,,2023,,
,BOB,MIDHILI,2023-11-15 00:00:00,1200,15.3,86.4,1.5,1004,25,4,D,,,2023,,
,BOB,MIDHILI,2023-11-15 00:00:00,1800,16,86.4,1.5,1004,25,4,D,,,2023,,
,BOB,MIDHILI,2023-11-16 00:00:00,0,16.9,86.8,2,1003,30,5,DD,,,2023,,
,BOB,MIDHILI,2023-11-16 00:00:00,300,17.4,87,2,1003,30,5,DD,,,2023,,
,BOB,MIDHILI,2023-11-16 00:00:00,600,17.9,87.3,2,1003,30,5,DD,,,2023,,
,BOB,MIDHILI,2023-11-16 00:00:00,1200,18.6,87.7,2,1003,30,5,DD,,,2023,,
,BOB,MIDHILI,2023-11-16 00:00:00,1800,19.1,88,2,1002,30,6,DD,,,2023,,
,BOB,MIDHILI,2023-11-17 00:00:00,0,20.1,88.5,2.5,1001,35,7,CS,,,2023,,
,BOB,MIDHILI,2023-11-17 00:00:00,300,20.7,89.1,2.5,1000,40,8,CS,,,2023,,
,BOB,MIDHILI,2023-11-17 00:00:00,600,21.2,89.5,2.5,998,45,10,CS,,,2023,,
,BOB,MIDHILI,2023-11-17 00:00:00,900,21.8,90,3,996,50,12,SCS,,,2023,,
,BOB,MIDHILI,2023-11-17 00:00:00,1200,22.8,90.8,-,998,40,8,CS,,,2023,,
,BOB,MIDHILI,2023-11-17 00:00:00,1500,23.1,91.1,-,1000,35,7,CS,,,2023,,
,BOB,MIDHILI,2023-11-17 00:00:00,1800,23.3,91.3,-,1003,30,5,DD,,,2023,,
,BOB,MIDHILI,2023-11-18 00:00:00,0,23.7,91.7,-,1005,20,3,D,,,2023,,
9.0,BOB,MICHAUNG,2023-12-01 00:00:00,0,9.1,86.4,1.5,1002,20,3,D,,,2023,,
,BOB,MICHAUNG,2023-12-01 00:00:00,300,9.3,86.2,1.5,1002,20,3,D,,,2023,,
,BOB,MICHAUNG,2023-12-01 00:00:00,600,9.5,86,1.5,1002,25,3,D,,,2023,,
,BOB,MICHAUNG,2023-12-01 00:00:00,1200,10,85.7,1.5,1001,25,3,D,,,2023,,
,BOB,MICHAUNG,2023-12-01 00:00:00,1800,10.3,85.1,1.5,1000,25,4,D,,,2023,,
,BOB,MICHAUNG,2023-12-01 00:00:00,0,10.5,84.1,2,998,30,5,DD,,,2023,,
,BOB,MICHAUNG,2023-12-02 00:00:00,300,10.6,83.6,2,997,30,5,DD,,,2023,,
,BOB,MICHAUNG,2023-12-02 00:00:00,600,10.7,83.2,2,997,30,5,DD,,,2023,,
,BOB,MICHAUNG,2023-12-02 00:00:00,1200,10.9,83.1,2,997,30,5,DD,,,2023,,
,BOB,MICHAUNG,2023-12-02 00:00:00,1800,11.1,82.7,2,996,30,6,DD,,,2023,,
,BOB,MICHAUNG,2023-12-03 00:00:00,0,11.4,82.5,2.5,995,35,7,CS,,,2023,,
,BOB,MICHAUNG,2023-12-03 00:00:00,300,11.5,82.4,2.5,995,35,7,CS,,,2023,,
,BOB,MICHAUNG,2023-12-03 00:00:00,600,11.8,82.2,2.5,995,35,7,CS,,,2023,,
,BOB,MICHAUNG,2023-12-03 00:00:00,900,12,82.1,2.5,995,35,7,CS,,,2023,,
,BOB,MICHAUNG,2023-12-03 00:00:00,1200,12.2,82,2.5,995,35,7,CS,,,2023,,
,BOB,MICHAUNG,2023-12-03 00:00:00,1500,12.4,81.9,2.5,994,40,8,CS,,,2023,,
,BOB,MICHAUNG,2023-12-03 00:00:00,1800,12.8,81.6,3,992,45,10,CS,,,2023,,
,BOB,MICHAUNG,2023-12-03 00:00:00,2100,13,81.4,3,992,45,10,CS,,,2023,,
,BOB,MICHAUNG,2023-12-04 00:00:00,0,13.1,81.2,3,992,45,10,CS,,,2023,,
,BOB,MICHAUNG,2023-12-04 00:00:00,300,13.3,81,3,988,50,14,SCS,,,2023,,
,BOB,MICHAUNG,2023-12-04 00:00:00,600,13.5,80.8,3,988,50,14,SCS,,,2023,,
,BOB,MICHAUNG,2023-12-04 00:00:00,900,13.7,80.7,3,988,50,14,SCS,,,2023,,
,BOB,MICHAUNG,2023-12-04 00:00:00,1200,14,80.5,3.5,986,55,16,SCS,,,2023,,
,BOB,MICHAUNG,2023-12-04 00:00:00,1500,14.3,80.4,3.5,986,55,16,SCS,,,2023,,
,BOB,MICHAUNG,2023-12-04 00:00:00,1800,14.5,80.3,3.5,986,55,16,SCS,,,2023,,
,BOB,MICHAUNG,2023-12-04 00:00:00,2100,14.7,80.2,3.5,986,55,16,SCS,,,2023,,
,BOB,MICHAUNG,2023-12-05 00:00:00,0,14.9,80.2,3.5,988,50,14,SCS,,,2023,,
,BOB,MICHAUNG,2023-12-05 00:00:00,300,15.2,80.2,3.5,988,50,14,SCS,,,2023,,
,BOB,MICHAUNG,2023-12-05 00:00:00,600,15.5,80.3,3,988,50,14,SCS,,,2023,,
,BOB,MICHAUNG,2023-12-05 00:00:00,900,15.8,80.3,-,990,50,12,SCS,,,2023,,
,BOB,MICHAUNG,2023-12-05 00:00:00,1200,16,80.3,-,996,40,8,CS,,,2023,,
,BOB,MICHAUNG,2023-12-05 00:00:00,1500,16.4,80.4,-,998,35,7,CS,,,2023,,
,BOB,MICHAUNG,2023-12-05 00:00:00,1800,16.8,80.4,-,1000,30,6,DD,,,2023,,
,BOB,MICHAUNG,2023-12-06 00:00:00,0,17.4,80.5,-,1004,20,3,D,,,2023,,
1.0,BOB,REMAL,2024-05-24 00:00:00,0,15,88.4,1.5,996,25,3,D,,,2024,,
,BOB,REMAL,,300,15.5,88.7,1.5,996,25,3,D,,,2024,,
,BOB,REMAL,,600,15.8,88.9,1.5,996,25,3,D,,,2024,,
,BOB,REMAL,,1200,16.2,89.1,1.5,995,25,3,D,,,2024,,
,BOB,REMAL,,1800,16.8,89.4,1.5,995,25,3,D,,,2024,,
,BOB,REMAL,2024-05-25 00:00:00,0,17.6,89.7,2,993,30,4,DD,,,2024,,
,BOB,REMAL,,300,18,89.7,2,992,30,5,DD,,,2024,,
,BOB,REMAL,,600,18.2,89.7,2,991,30,5,DD,,,2024,,
,BOB,REMAL,,1200,18.8,89.5,2.5,989,35,7,CS,,,2024,,
,BOB,REMAL,,1500,19.1,89.5,2.5,989,35,7,CS,,,2024,,
,BOB,REMAL,,1800,19.3,89.4,2.5,988,40,8,CS,,,2024,,
,BOB,REMAL,,2100,19.4,89.4,2.5,986,45,10,CS,,,2024,,
,BOB,REMAL,2024-05-26 00:00:00,0,19.5,89.4,3,984,50,12,SCS,,,2024,,
,BOB,REMAL,,300,19.8,89.3,3,984,50,12,SCS,,,2024,,
,BOB,REMAL,,600,20.2,89.2,3.5,983,50,13,SCS,,,2024,,
,BOB,REMAL,,900,20.6,89.2,3.5,981,55,15,SCS,,,2024,,
,BOB,REMAL,,1200,21.1,89.2,3.5,978,60,18,SCS,,,2024,,
,BOB,REMAL,,1500,21.4,89.2,3.5,978,60,18,SCS,,,2024,,
,BOB,REMAL,,1800,21.7,89.2,3.5,978,60,18,SCS,,,2024,,
,BOB,REMAL,,2100,22,89.2,-,980,55,16,SCS,,,2024,,
,BOB,REMAL,2024-05-27 00:00:00,0,22.5,89.2,-,982,45,12,CS,,,2024,,
,BOB,REMAL,,300,22.8,89.2,-,984,40,10,CS,,,2024,,
,BOB,REMAL,,600,23,89.2,-,985,35,9,CS,,,2024,,
,BOB,REMAL,,900,23.3,89.4,-,986,35,8,CS,,,2024,,
,BOB,REMAL,,1200,23.6,89.7,-,987,35,7,CS,,,2024,,
,BOB,REMAL,,1500,23.8,90.2,-,988,30,6,DD,,,2024,,
,BOB,REMAL,,1800,24,90.5,-,990,30,5,DD,,,2024,,
,BOB,REMAL,2024-05-28 00:00:00,0,24.4,91.1,-,991,20,4,D,,,2024,,
,BOB,REMAL,,300,24.7,91.5,-,992,20,3,D,,,2024,,
,BOB,REMAL,,600,25.1,91.8,-,993,20,3,D,,,2024,,
2.0,BOB,,2024-07-19 00:00:00,300,19.1,86.2,1.5,992,25,3,D,,,2024,,
,BOB,,,600,19.2,86,1.5,992,25,3,D,,,2024,,
,BOB,,,1200,19.4,85.7,1.5,990,25,4,D,,,2024,,
,BOB,,,1800,19.5,85.6,1.5,990,25,4,D,,,2024,,
,BOB,,2024-07-20 00:00:00,0,19.6,85.5,1.5,991,25,4,D,,,2024,,
,BOB,,,300,19.6,85.5,1.5,992,25,3,D,,,2024,,
,BOB,,,600,19.7,85.4,1.5,992,25,3,D,,,2024,,
3.0,Land,,2024-08-02 00:00:00,1200,24.2,85.2,-,992,20,3,D,,,2024,,
,Land,,,1800,24.2,84.9,-,992,20,3,D,,,2024,,
,Land,,2024-08-03 00:00:00,0,24.3,84.6,-,991,25,4,D,,,2024,,
,Land,,,300,24.4,84.4,-,990,30,5,DD,,,2024,,
,Land,,,600,24.5,84.2,-,988,30,6,DD,,,2024,,
,Land,,,1200,24.8,83,-,988,30,6,DD,,,2024,,
,Land,,,1800,24.8,81.5,-,990,30,6,DD,,,2024,,
,Land,,2024-08-04 00:00:00,0,24.9,81,-,990,30,6,DD,,,2024,,
,Land,,,300,25,80.7,-,991,30,5,DD,,,2024,,
,Land,,,600,25.3,79.6,-,992,30,5,DD,,,2024,,
,Land,,,1200,25.8,78.4,-,992,30,5,DD,,,2024,,
,Land,,,1800,26,77.6,-,993,30,5,DD,,,2024,,
,Land,,2024-08-05 00:00:00,0,26.3,76.2,-,993,25,4,D,,,2024,,
,Land,,,300,26.5,75.6,-,993,25,4,D,,,2024,,
,Land,,,600,26.8,75.2,-,994,25,3,D,,,2024,,
,Land,,,1200,27.6,73.5,-,994,20,3,D,,,2024,,
,Land,,,1800,28.8,72,-,996,20,3,D,,,2024,,
4.0,Land,ASNA,2024-08-25 00:00:00,0,24.5,77.3,-,997,20,3,D,,,2024,,*System started on land so identifies as a land system
,Land,ASNA,,300,24.6,76.9,-,997,20,3,D,,,2024,,
,Land,ASNA,,600,24.6,76.5,-,996,20,4,D,,,2024,,
,Land,ASNA,,1200,24.4,75.6,-,996,25,4,D,,,2024,,
,Land,ASNA,,1800,24.3,74.7,-,995,30,5,DD,,,2024,,
,Land,ASNA,2024-08-26 00:00:00,0,24.2,74.2,-,995,30,5,DD,,,2024,,
,Land,ASNA,,300,24.1,74,-,995,30,5,DD,,,2024,,
,Land,ASNA,,600,23.8,73.6,-,995,30,5,DD,,,2024,,
,Land,ASNA,,1200,23.8,73,-,995,30,5,DD,,,2024,,
,Land,ASNA,,1800,23.8,72.4,-,995,30,5,DD,,,2024,,
,Land,ASNA,2024-08-27 00:00:00,0,23.8,72.2,-,995,30,5,DD,,,2024,,
,Land,ASNA,,300,23.8,72,-,995,30,5,DD,,,2024,,
,Land,ASNA,,600,23.7,71.7,-,995,30,5,DD,,,2024,,
,Land,ASNA,,1200,23.7,71,-,995,30,5,DD,,,2024,,
,Land,ASNA,,1800,23.7,70.6,-,995,30,5,DD,,,2024,,
,Land,ASNA,2024-08-28 00:00:00,0,23.7,70,-,995,30,5,DD,,,2024,,
,Land,ASNA,,300,23.7,69.7,-,995,30,5,DD,,,2024,,
,Land,ASNA,,600,23.7,69.7,-,994,30,6,DD,,,2024,,
,Land,ASNA,,1200,23.7,69.7,-,994,30,6,DD,,,2024,,
,Land,ASNA,,1800,23.7,69.7,-,994,30,6,DD,,,2024,,
,Land,ASNA,2024-08-29 00:00:00,0,23.7,69.5,-,994,30,6,DD,,,2024,,
,Land,ASNA,,300,23.7,69.4,-,994,30,6,DD,,,2024,,
,Land,ASNA,,600,23.7,69.4,-,994,30,6,DD,,,2024,,
,Land,ASNA,,1200,23.6,69.2,-,994,30,6,DD,,,2024,,
,Land,ASNA,,1800,23.6,69,-,994,30,6,DD,,,2024,,
,Land,ASNA,2024-08-30 00:00:00,0,23.5,68.4,-,994,30,6,DD,,,2024,,
,Land,ASNA,,300,23.5,68.2,2,994,30,6,DD,,,2024,,
,Land,ASNA,,600,23.5,67.9,2.5,993,35,7,CS,,,2024,,
,Land,ASNA,,900,23.5,67.5,2.5,993,35,7,CS,,,2024,,
,Land,ASNA,,1200,23.5,67.2,2.5,993,35,7,CS,,,2024,,
,Land,ASNA,,1500,23.5,67,2.5,992,35,7,CS,,,2024,,
,Land,ASNA,,1800,23.6,66.4,2.5,992,35,7,CS,,,2024,,
,Land,ASNA,,2100,23.6,66.2,2.5,992,35,7,CS,,,2024,,
,Land,ASNA,2024-08-31 00:00:00,0,23.6,65.8,2.5,991,40,8,CS,,,2024,,
,Land,ASNA,,300,23.6,65.3,2.5,991,40,8,CS,,,2024,,
,Land,ASNA,,600,23.6,64.9,2.5,991,40,8,CS,,,2024,,
,Land,ASNA,,900,23.6,64.4,2.5,991,40,8,CS,,,2024,,
,Land,ASNA,,1200,23.6,64.4,2.5,990,40,8,CS,,,2024,,
,Land,ASNA,,1500,23.6,63.7,2.5,990,40,8,CS,,,2024,,
,Land,ASNA,,1800,23.5,63.7,2.5,990,40,8,CS,,,2024,,
,Land,ASNA,,2100,23.4,63,2.5,990,40,8,CS,,,2024,,
,Land,ASNA,2024-09-01 00:00:00,0,23.2,62.6,2.5,990,40,8,CS,,,2024,,
,Land,ASNA,,300,23,62.3,2.5,992,35,7,CS,,,2024,,
,Land,ASNA,,600,22.7,62,2.5,993,35,7,CS,,,2024,,
,Land,ASNA,,900,22.5,61.8,2.5,993,35,7,CS,,,2024,,
,Land,ASNA,,1200,22.2,61.7,2,996,30,6,DD,,,2024,,
,Land,ASNA,,1800,21.7,61.5,2,998,30,5,DD,,,2024,,
,Land,ASNA,2024-09-02 00:00:00,0,21.2,61.3,1.5,999,20,4,D,,,2024,,
,Land,ASNA,,300,20.9,61.2,1.5,1000,20,3,D,,,2024,,
5.0,BOB,,2024-08-31 00:00:00,0,17.5,84.6,1.5,998,25,3,D,,,2024,,
,BOB,,,300,17.7,84.5,1.5,997,25,3,D,,,2024,,
,BOB,,,600,17.9,84.3,1.5,996,25,3,D,,,2024,,
,BOB,,,1200,18.1,84,1.5,997,25,4,D,,,2024,,
,BOB,,,1800,18.2,83.8,1.5,997,25,4,D,,,2024,,
,BOB,,2024-09-01 00:00:00,0,18.5,83,1.5,997,25,4,D,,,2024,,
,BOB,,,300,18.7,82.4,1.5,998,25,3,D,,,2024,,
,BOB,,,600,18.7,82.1,1.5,999,20,3,D,,,2024,,
,BOB,,,1200,19,81.2,1.5,999,20,3,D,,,2024,,
,BOB,,,1800,19.3,80.4,1.5,999,20,3,D,,,2024,,
,BOB,,2024-09-02 00:00:00,0,19.6,80,1.5,999,20,3,D,,,2024,,
,BOB,,,300,19.7,79.7,1.5,999,20,3,D,,,2024,,
,BOB,,,600,19.8,79.5,1.5,999,20,3,D,,,2024,,
6.0,BOB,,2024-09-08 00:00:00,0,17.9,87,1.5,998,25,3,D,,,2024,,
,BOB,,,300,18.2,86.8,1.5,998,25,3,D,,,2024,,
,BOB,,,600,18.4,86.7,1.5,997,25,3,D,,,2024,,
,BOB,,,1200,18.6,86.4,1.5,995,25,4,D,,,2024,,
,BOB,,,1800,18.9,86.3,1.5,993,30,5,DD,,,2024,,
,BOB,,2024-09-09 00:00:00,0,19.3,86.2,1.5,991,30,6,DD,,,2024,,
,BOB,,,300,19.6,86.2,1.5,991,30,6,DD,,,2024,,
,BOB,,,600,20,86,-,992,30,6,DD,,,2024,,
,BOB,,,1200,20.8,85.1,-,994,30,5,DD,,,2024,,
,BOB,,,1800,21.3,84.4,-,995,25,4,D,,,2024,,
,BOB,,2024-09-10 00:00:00,0,21.7,83.3,-,995,25,4,D,,,2024,,
,BOB,,,300,21.8,82.8,-,996,25,3,D,,,2024,,
,BOB,,,600,21.9,82.1,-,996,25,3,D,,,2024,,
7.0,Land,,2024-09-11 00:00:00,300,24,80,-,995,20,3,D,,,2024,,
,Land,,,600,24.2,79.9,-,995,20,3,D,,,2024,,
,Land,,,1200,25,79.6,-,994,25,4,D,,,2024,,
,Land,,,1800,26.2,78.2,-,994,25,4,D,,,2024,,
,Land,,2024-09-12 00:00:00,0,26.7,78.3,-,994,25,4,D,,,2024,,
,Land,,,300,27,78.5,-,994,25,4,D,,,2024,,
,Land,,,600,27.3,78.7,-,994,25,4,D,,,2024,,
,Land,,,1200,27.5,79.1,-,995,20,3,D,,,2024,,
,Land,,,1800,27.7,79.5,-,995,20,3,D,,,2024,,
,Land,,2024-09-13 00:00:00,0,28.2,79.3,-,995,20,3,D,,,2024,,
8.0,BOB,,2024-09-13 00:00:00,1200,22,90.8,1.5,993,20,3,D,,,2024,,
,BOB,,,1800,22.3,90.4,-,992,25,4,D,,,2024,,
,BOB,,2024-09-14 00:00:00,0,22.5,89.6,-,990,30,5,DD,,,2024,,
,BOB,,,300,22.7,88.8,-,990,30,5,DD,,,2024,,
,BOB,,,600,22.4,88.3,-,990,30,5,DD,,,2024,,
,BOB,,,1200,22.4,88.5,-,989,30,6,DD,,,2024,,
,BOB,,,1800,22.6,88.5,-,989,30,6,DD,,,2024,,
,BOB,,2024-09-15 00:00:00,0,22.6,88,-,989,30,6,DD,,,2024,,
,BOB,,,300,22.6,87.8,-,990,30,5,DD,,,2024,,
,BOB,,,600,22.7,87.6,-,990,30,5,DD,,,2024,,
,BOB,,,1200,22.8,87.4,-,990,30,5,DD,,,2024,,
,BOB,,,1800,22.9,87.2,-,990,30,5,DD,,,2024,,
,BOB,,2024-09-16 00:00:00,0,23,87,-,990,30,5,DD,,,2024,,
,BOB,,,300,23.1,86.7,-,990,30,5,DD,,,2024,,
,BOB,,,600,23.2,86.4,-,990,30,5,DD,,,2024,,
,BOB,,,1200,23.3,85.2,-,990,30,5,DD,,,2024,,
,BOB,,,1800,23.4,84.6,-,991,30,5,DD,,,2024,,
,BOB,,2024-09-17 00:00:00,0,23.6,84.2,-,992,25,4,D,,,2024,,
,BOB,,,300,23.7,83.7,-,993,25,4,D,,,2024,,
,BOB,,,600,23.7,82.7,-,995,20,3,D,,,2024,,
,BOB,,,1200,24,81.3,-,995,20,3,D,,,2024,,
,BOB,,,1800,24.2,80.3,-,995,20,3,D,,,2024,,
9.0,AS,,2024-10-13 00:00:00,1200,15.6,65,1.5,1002,20,3,D,,,2024,,
,AS,,,1800,15.7,64.7,1.5,1002,20,3,D,,,2024,,
,AS,,2024-10-14 00:00:00,0,15.8,64.5,1.5,1002,20,3,D,,,2024,,
,AS,,,300,15.8,64.3,1.5,1001,25,4,D,,,2024,,
,AS,,,600,16,64,1.5,1001,25,4,D,,,2024,,
,AS,,,1200,16.1,62,1.5,1001,25,4,D,,,2024,,
,AS,,,1800,16.1,61.5,1.5,1001,25,4,D,,,2024,,
,AS,,2024-10-15 00:00:00,0,16.1,61,1.5,1002,20,3,D,,,2024,,
,AS,,,300,16.8,60.5,1.5,1002,20,3,D,,,2024,,
,AS,,,600,17.5,59.8,1.5,1002,20,3,D,,,2024,,
,AS,,,1200,18.3,58.8,1.5,1002,20,3,D,,,2024,,
10.0,BOB,,2024-10-15 00:00:00,1200,11.4,84.4,1.5,1002,20,3,D,,,2024,,
,BOB,,,1800,11.8,84,1.5,1002,20,3,D,,,2024,,
,BOB,,2024-10-16 00:00:00,0,12.1,83.4,1.5,1002,20,3,D,,,2024,,
,BOB,,,300,12.3,83,1.5,1000,25,4,D,,,2024,,
,BOB,,,600,12.5,82.7,1.5,1000,25,4,D,,,2024,,
,BOB,,,1200,12.9,81.9,1.5,1000,25,4,D,,,2024,,
,BOB,,,1800,13.4,80.8,1.5,1000,25,4,D,,,2024,,
11.0,BOB,DANA,2024-10-22 00:00:00,0,15.4,91.6,1.5,1003,20,3,D,,,2024,,
,BOB,DANA,,300,15.5,91.4,1.5,1002,20,3,D,,,2024,,
,BOB,DANA,,600,15.5,91.3,1.5,1000,25,4,D,,,2024,,
,BOB,DANA,,1200,15.6,90.9,2,999,30,5,DD,,,2024,,
,BOB,DANA,,1800,15.8,90.5,2,998,30,6,DD,,,2024,,
,BOB,DANA,2024-10-23 00:00:00,0,16.2,89.8,2.5,997,35,7,CS,,,2024,,
,BOB,DANA,,300,16.5,89.6,2.5,996,35,8,CS,,,2024,,
,BOB,DANA,,600,16.7,89.2,2.5,995,40,9,CS,,,2024,,
,BOB,DANA,,900,16.9,89.1,3,994,45,10,CS,,,2024,,
,BOB,DANA,,1200,17.2,88.9,3,992,45,12,CS,,,2024,,
,BOB,DANA,,1500,17.6,88.7,3,992,45,12,CS,,,2024,,
,BOB,DANA,,1800,17.9,88.5,3,990,50,14,SCS,,,2024,,
,BOB,DANA,,2100,18.3,88.3,3,990,50,14,SCS,,,2024,,
,BOB,DANA,2024-10-24 00:00:00,0,18.6,88.2,3.5,988,55,16,SCS,,,2024,,
,BOB,DANA,,300,18.9,88,3.5,988,55,16,SCS,,,2024,,
,BOB,DANA,,600,19.2,87.8,3.5,988,55,16,SCS,,,2024,,
,BOB,DANA,,900,19.4,87.6,3.5,986,60,18,SCS,,,2024,,
,BOB,DANA,,1200,19.8,87.5,3.5,986,60,18,SCS,,,2024,,
,BOB,DANA,,1500,20.1,87.3,3.5,986,60,18,SCS,,,2024,,
,BOB,DANA,,1800,20.5,87.1,3.5,988,55,16,SCS,,,2024,,
,BOB,DANA,,2100,20.7,87,-,988,55,16,SCS,,,2024,,
,BOB,DANA,2024-10-25 00:00:00,0,21,86.8,-,990,50,14,SCS,,,2024,,
,BOB,DANA,,300,21.2,86.7,-,994,45,10,CS,,,2024,,
,BOB,DANA,,600,21.3,86.6,-,997,35,7,CS,,,2024,,
,BOB,DANA,,900,21.4,86.4,-,998,30,6,DD,,,2024,,
,BOB,DANA,,1200,21.4,86.3,-,999,30,5,DD,,,2024,,
,BOB,DANA,,1800,21.4,86.2,-,1000,25,4,D,,,2024,,
12.0,BOB,Fengal,2024-11-25 00:00:00,300,5,85.3,1.5,1003,20,3,D,,,2024,,
,BOB,Fengal,,600,5.1,84.5,1.5,1003,20,3,D,,,2024,,
,BOB,Fengal,,1200,5.2,83.5,1.5,1002,25,4,D,,,2024,,
,BOB,Fengal,,1800,5.5,83.2,1.5,1002,25,4,D,,,2024,,
,BOB,Fengal,2024-11-26 00:00:00,0,6,82.9,1.5,1002,25,4,D,,,2024,,
,BOB,Fengal,,300,6.3,82.8,2,1001,30,5,DD,,,2024,,
,BOB,Fengal,,600,6.6,82.8,2,1001,30,5,DD,,,2024,,
,BOB,Fengal,,1200,7,82.7,2,1001,30,5,DD,,,2024,,
,BOB,Fengal,,1800,7.5,82.6,2,1001,30,5,DD,,,2024,,
,BOB,Fengal,2024-11-27 00:00:00,0,8.2,82.4,2,1001,30,5,DD,,,2024,,
,BOB,Fengal,,300,8.5,82.3,2,1001,30,5,DD,,,2024,,
,BOB,Fengal,,600,8.7,82.2,2,1001,30,5,DD,,,2024,,
,BOB,Fengal,,1200,8.9,82.2,2,1000,30,6,DD,,,2024,,
,BOB,Fengal,,1800,9,82.2,2,1000,30,6,DD,,,2024,,
,BOB,Fengal,2024-11-28 00:00:00,0,9,82.2,2,1000,30,6,DD,,,2024,,
,BOB,Fengal,,300,9.1,82.3,2,1000,30,6,DD,,,2024,,
,BOB,Fengal,,600,9.3,82.4,2,1000,30,6,DD,,,2024,,
,BOB,Fengal,,1200,9.6,82.7,2,1000,30,6,DD,,,2024,,
,BOB,Fengal,,1800,10.1,82.8,2,1000,30,6,DD,,,2024,,
,BOB,Fengal,2024-11-29 00:00:00,0,10.4,82.7,2,1000,30,6,DD,,,2024,,
,BOB,Fengal,,300,10.6,82.6,2,1000,30,6,DD,,,2024,,
,BOB,Fengal,,600,10.9,82.5,2,1000,30,6,DD,,,2024,,
,BOB,Fengal,,900,11.2,82.2,2.5,999,35,7,CS,,,2024,,
,BOB,Fengal,,1200,11.5,81.9,2.5,999,35,7,CS,,,2024,,
,BOB,Fengal,,1500,11.6,81.7,2.5,999,35,7,CS,,,2024,,
,BOB,Fengal,,1800,11.8,81.7,2.5,999,35,7,CS,,,2024,,
,BOB,Fengal,,2100,11.9,81.5,2.5,996,40,8,CS,,,2024,,
,BOB,Fengal,2024-11-30 00:00:00,0,12.2,81.2,3,996,45,10,CS,,,2024,,
,BOB,Fengal,,300,12.3,80.9,3,996,45,10,CS,,,2024,,
,BOB,Fengal,,600,12.3,80.7,3,996,45,10,CS,,,2024,,
,BOB,Fengal,,900,12.3,80.5,3,996,45,12,CS,,,2024,,
,BOB,Fengal,,1200,12.3,80.3,3,998,40,11,CS,,,2024,,
,BOB,Fengal,,1500,12.2,80.1,2.5,998,40,10,CS,,,2024,,
,BOB,Fengal,,1800,12,79.8,-,998,40,10,CS,,,2024,,
,BOB,Fengal,,2100,12,79.8,-,999,35,11,CS,,,2024,,
,BOB,Fengal,2024-12-01 00:00:00,0,12,79.8,-,999,35,10,CS,,,2024,,
,BOB,Fengal,,300,12,79.8,-,999,35,7,CS,,,2024,,
,BOB,Fengal,,600,12,79.8,-,1000,30,6,DD,,,2024,,
,BOB,Fengal,,1200,12.1,79.6,-,1001,25,4,D,,,2024,,
,BOB,Fengal,,1800,12.1,79.2,-,1002,25,3,D,,,2024,,
13.0,BOB,,2024-12-20 00:00:00,1200,13.7,83.5,1.5,1003,20,3,D,,,2024,,
,BOB,,,1800,13.9,83.7,1.5,1003,25,3,D,,,2024,,
,BOB,,2024-12-21 00:00:00,0,13.9,84.2,1.5,1002,25,4,D,,,2024,,
,BOB,,,300,14,84.5,1.5,1002,25,4,D,,,2024,,
,BOB,,,600,14.1,84.6,1.5,1003,20,3,D,,,2024,,
1.0,AS,,2025-05-24 00:00:00,0,17,73,1.5,998,25,3,D,,,2025,,
,AS,,2025-05-24 00:00:00,300,17,73.2,1.5,998,25,3,D,,,2025,,
,AS,,2025-05-24 00:00:00,600,17,73.3,1.5,998,25,3,D,,,2025,,
,AS,,2025-05-24 00:00:00,1200,17.2,74.3,-,998,25,4,D,,,2025,,
,AS,,2025-05-24 00:00:00,1800,17.4,75.3,-,998,25,4,D,,,2025,,
2.0,BOB,,2025-05-29 00:00:00,0,20.8,88.3,1.5,988,25,4,D,,,2025,,
,BOB,,2025-05-29 00:00:00,300,21.3,88.3,2,986,30,5,DD,,,2025,,
,BOB,,2025-05-29 00:00:00,600,22,88.4,-,986,30,5,DD,,,2025,,
,BOB,,2025-05-29 00:00:00,1200,22.2,88.6,-,987,30,5,DD,,,2025,,
,BOB,,2025-05-29 00:00:00,1800,23,89.2,-,988,30,5,DD,,,2025,,
,BOB,,2025-05-30 00:00:00,0,24.1,89.4,-,990,25,4,D,,,2025,,
,BOB,,2025-05-30 00:00:00,300,24.3,89.6,-,992,20,3,D,,,2025,,
,BOB,,2025-05-30 00:00:00,600,25.1,90.2,-,992,20,3,D,,,2025,,
3.0,LAND,,2025-07-14 00:00:00,600,23,88.8,-,996,20,3,D,,,2025,,
,LAND,,2025-07-14 00:00:00,1200,23.3,88.4,-,996,20,3,D,,,2025,,
,LAND,,2025-07-14 00:00:00,1800,23.5,88,-,996,20,3,D,,,2025,,
,LAND,,2025-07-15 00:00:00,0,24,86.7,-,996,20,3,D,,,2025,,
4.0,LAND,,2025-07-15 00:00:00,300,27.4,75.4,-,993,20,3,D,,,2025,,
,LAND,,2025-07-15 00:00:00,600,27.7,75,-,993,20,3,D,,,2025,,
,LAND,,2025-07-15 00:00:00,1200,29,73.7,-,994,20,3,D,,,2025,,
,LAND,,2025-07-15 00:00:00,1800,29.2,73.5,-,995,20,3,D,,,2025,,
5.0,LAND,,2025-07-17 00:00:00,0,25.2,81.8,-,993,25,4,D,,,2025,,
,LAND,,2025-07-17 00:00:00,300,25.2,81.5,-,993,25,4,D,,,2025,,
,LAND,,2025-07-17 00:00:00,600,25.3,81.2,-,993,25,4,D,,,2025,,
,LAND,,2025-07-17 00:00:00,1200,25.6,80.3,-,993,25,4,D,,,2025,,
,LAND,,2025-07-17 00:00:00,1800,25.8,79.8,-,993,25,4,D,,,2025,,
,LAND,,2025-07-18 00:00:00,0,26.3,79,-,993,25,4,D,,,2025,,
,LAND,,2025-07-18 00:00:00,300,26.4,78.5,-,993,25,4,D,,,2025,,
,LAND,,2025-07-18 00:00:00,600,26.4,78,-,993,25,4,D,,,2025,,
,LAND,,2025-07-18 00:00:00,1200,27,77.2,-,993,25,4,D,,,2025,,
,LAND,,2025-07-18 00:00:00,1800,27.2,76.5,-,993,25,4,D,,,2025,,
,LAND,,2025-07-19 00:00:00,0,27.4,75.1,-,993,25,4,D,,,2025,,
,LAND,,2025-07-19 00:00:00,300,27.5,74.6,-,993,20,3,D,,,2025,,
,LAND,,2025-07-19 00:00:00,600,27.5,74.2,-,993,20,3,D,,,2025,,
,LAND,,2025-07-19 00:00:00,1200,27.5,73.7,-,993,20,3,D,,,2025,,
,LAND,,2025-07-19 00:00:00,1800,27.5,73,-,993,20,3,D,,,2025,,
6.0,BOB,,2025-07-25 00:00:00,0,21.4,89.5,1.5,988,25,4,D,,,2025,,
,BOB,,2025-07-25 00:00:00,300,21.7,88.8,-,988,25,4,D,,,2025,,
,BOB,,2025-07-25 00:00:00,600,22,88.4,-,988,25,4,D,,,2025,,
,BOB,,2025-07-25 00:00:00,1200,22.6,87.4,-,988,25,4,D,,,2025,,
,BOB,,2025-07-25 00:00:00,1800,23,86.6,-,988,25,4,D,,,2025,,
,BOB,,2025-07-26 00:00:00,0,23.3,85,-,988,25,4,D,,,2025,,
,BOB,,2025-07-26 00:00:00,300,23.3,84,-,990,20,3,D,,,2025,,
,BOB,,2025-07-26 00:00:00,600,23.3,82.3,-,990,20,3,D,,,2025,,
,BOB,,2025-07-26 00:00:00,1200,23.3,81.7,-,990,20,3,D,,,2025,,
,BOB,,2025-07-26 00:00:00,1800,23.3,81,-,992,20,3,D,,,2025,,
7.0,BOB,,2025-08-18 00:00:00,1200,18.9,85,1.5,996,20,3,D,,,2025,,
,BOB,,2025-08-18 00:00:00,1800,19,84.9,1.5,996,20,3,D,,,2025,,
,BOB,,2025-08-19 00:00:00,0,19.3,84.8,-,996,20,3,D,,,2025,,
,BOB,,2025-08-19 00:00:00,300,19.8,84,-,996,20,3,D,,,2025,,
,BOB,,2025-08-19 00:00:00,600,20,83.3,-,996,20,3,D,,,2025,,
8.0,LAND,,2025-09-06 00:00:00,1800,25,72.5,-,998,25,4,D,,,2025,,
,LAND,,2025-09-07 00:00:00,0,24.3,72.2,-,998,25,4,D,,,2025,,
,LAND,,2025-09-07 00:00:00,300,24.2,71.8,-,998,25,4,D,,,2025,,
,LAND,,2025-09-07 00:00:00,600,24.3,71.4,-,996,30,5,DD,,,2025,,
,LAND,,2025-09-07 00:00:00,1200,24.5,71.2,-,995,30,6,DD,,,2025,,
,LAND,,2025-09-07 00:00:00,1800,24.6,71,-,995,30,6,DD,,,2025,,
,LAND,,2025-09-08 00:00:00,0,24.8,70.7,-,995,30,6,DD,,,2025,,
,LAND,,2025-09-08 00:00:00,300,25,70.5,-,995,30,6,DD,,,2025,,
,LAND,,2025-09-08 00:00:00,600,25.3,70.2,-,995,30,6,DD,,,2025,,
,LAND,,2025-09-08 00:00:00,1200,25.8,69.5,-,995,30,6,DD,,,2025,,
,LAND,,2025-09-08 00:00:00,1800,25.9,69,-,997,25,4,D,,,2025,,
,LAND,,2025-09-09 00:00:00,0,25.8,68.7,-,998,25,4,D,,,2025,,
,LAND,,2025-09-09 00:00:00,300,25.4,68.4,-,998,25,4,D,,,2025,,
,LAND,,2025-09-09 00:00:00,600,25.2,68.2,-,999,25,4,D,,,2025,,
,LAND,,2025-09-09 00:00:00,1200,25,67.7,-,999,25,4,D,,,2025,,
,LAND,,2025-09-09 00:00:00,1800,24.9,67.1,-,999,25,4,D,,,2025,,
,LAND,,2025-09-10 00:00:00,0,24.8,66.3,1.5,1000,25,4,D,,,2025,,
,LAND,,2025-09-10 00:00:00,300,24.8,65.8,1.5,1000,25,4,D,,,2025,,
,LAND,,2025-09-10 00:00:00,600,24.8,65.3,1.5,1000,25,4,D,,,2025,,
,LAND,,2025-09-10 00:00:00,1200,24.8,64.4,1.5,1000,25,4,D,,,2025,,
,LAND,,2025-09-10 00:00:00,1800,24.8,63.5,1.5,1001,20,3,D,,,2025,,
9.0,BOB,,2025-09-26 00:00:00,1200,19.3,86.1,1.5,998,25,4,D,,,2025,,
,BOB,,2025-09-26 00:00:00,1800,19.3,85.5,1.5,998,25,4,D,,,2025,,
,BOB,,2025-09-27 00:00:00,0,19.3,84.8,-,998,25,4,D,,,2025,,
,BOB,,2025-09-27 00:00:00,300,19.3,84.2,-,998,25,4,D,,,2025,,
,BOB,,2025-09-27 00:00:00,600,19.3,83.4,-,998,25,4,D,,,2025,,
,BOB,,2025-09-27 00:00:00,1200,19.7,81.5,-,999,20,3,D,,,2025,,
,BOB,,2025-09-27 00:00:00,1800,20.3,79.5,-,999,20,3,D,,,2025,,
,BOB,,2025-09-28 00:00:00,0,20.3,77,-,999,20,3,D,,,2025,,
10.0,BOB,,01-10-2025,600,15.8,86.5,1.5,998,25,3,D,,,2025,,
,BOB,,01-10-2025,1200,16.3,86.3,1.5,997,25,4,D,,,2025,,
,BOB,,01-10-2025,1800,16.8,86,2,996,30,5,DD,,,2025,,
,BOB,,02-10-2025,0,17.7,85.7,2,996,30,5,DD,,,2025,,
,BOB,,02-10-2025,300,18,85.6,2,995,30,6,DD,,,2025,,
,BOB,,02-10-2025,600,18.6,85.3,2,995,30,6,DD,,,2025,,
,BOB,,02-10-2025,1200,19.4,84.9,-,996,30,5,DD,,,2025,,
,BOB,,02-10-2025,1800,19.8,84.4,-,997,30,5,DD,,,2025,,
,BOB,,03-10-2025,0,20.2,84.1,-,999,25,4,D,,,2025,,
,BOB,,03-10-2025,300,20.7,83.7,-,1000,25,4,D,,,2025,,
,BOB,,03-10-2025,600,21.2,83.6,-,1001,25,3,D,,,2025,,
11.0,AS,Shakhti,01-10-2025,1200,22,68.3,1.5,1001,25,3,D,,,2025,,
,AS,Shakhti,01-10-2025,1800,21.5,68.2,1.5,1001,25,3,D,,,2025,,
,AS,Shakhti,02-10-2025,0,21,68,1.5,1001,25,3,D,,,2025,,
,AS,Shakhti,02-10-2025,300,20.8,67.9,2,1001,25,3,D,,,2025,,
,AS,Shakhti,02-10-2025,600,20.8,67.9,2,1001,25,3,D,,,2025,,
,AS,Shakhti,02-10-2025,1200,20.8,67.9,2,1001,25,3,D,,,2025,,
,AS,Shakhti,02-10-2025,1800,20.8,67.7,2,1000,30,4,DD,,,2025,,
,AS,Shakhti,2025-10-03 00:00:00,0,21.3,67.2,2,1000,30,4,DD,,,2025,,
,AS,Shakhti,03-10-2025,300,21.5,67,2,999,30,5,DD,,,2025,,
,AS,Shakhti,03-10-2025,600,21.7,66.8,2.5,997,35,7,CS,,,2025,,
,AS,Shakhti,03-10-2025,900,21.8,66.6,2.5,997,35,7,CS,,,2025,,
,AS,Shakhti,03-10-2025,1200,22,66.4,2.5,996,40,8,CS,,,2025,,
,AS,Shakhti,03-10-2025,1500,22.1,66.2,3,996,40,8,CS,,,2025,,
,AS,Shakhti,03-10-2025,1800,22,65.8,3,994,45,10,CS,,,2025,,
,AS,Shakhti,03-10-2025,2100,22,65.6,3,994,45,10,CS,,,2025,,
,AS,Shakhti,2025-10-04 00:00:00,0,22,65,3,992,50,12,SCS,,,2025,,
,AS,Shakhti,2025-10-04 00:00:00,300,22,64.5,3.5,990,55,15,SCS,,,2025,,
,AS,Shakhti,2025-10-04 00:00:00,600,21.9,64.2,3.5,990,55,15,SCS,,,2025,,
,AS,Shakhti,2025-10-04 00:00:00,900,21.8,63.8,3.5,990,55,15,SCS,,,2025,,
,AS,Shakhti,2025-10-04 00:00:00,1200,21.7,63.6,3.5,990,55,15,SCS,,,2025,,
,AS,Shakhti,2025-10-04 00:00:00,1500,21.5,63,3.5,990,55,15,SCS,,,2025,,
,AS,Shakhti,2025-10-04 00:00:00,1800,21.3,62.7,3.5,989,55,16,SCS,,,2025,,
,AS,Shakhti,2025-10-04 00:00:00,2100,21.1,62.3,3.5,989,55,16,SCS,,,2025,,
,AS,Shakhti,2025-10-05 00:00:00,0,21,61.8,3.5,987,60,18,SCS,,,2025,,
,AS,Shakhti,2025-10-05 00:00:00,300,20.9,61.3,3.5,986,60,19,SCS,,,2025,,
,AS,Shakhti,2025-10-05 00:00:00,600,20.7,61.1,3.5,987,60,18,SCS,,,2025,,
,AS,Shakhti,2025-10-05 00:00:00,900,20.5,61,3.5,988,60,17,SCS,,,2025,,
,AS,Shakhti,2025-10-05 00:00:00,1200,20.2,60.7,3.5,990,55,15,SCS,,,2025,,
,AS,Shakhti,2025-10-05 00:00:00,1500,20,60.6,3.5,991,55,14,SCS,,,2025,,
,AS,Shakhti,2025-10-05 00:00:00,1800,19.8,60.6,3,992,50,13,SCS,,,2025,,
,AS,Shakhti,2025-10-05 00:00:00,2100,19.7,60.5,3,993,50,12,SCS,,,2025,,
,AS,Shakhti,2025-10-06 00:00:00,0,19.7,60.5,3,994,45,11,CS,,,2025,,
,AS,Shakhti,2025-10-06 00:00:00,300,19.7,60.4,3,994,45,11,CS,,,2025,,
,AS,Shakhti,2025-10-06 00:00:00,600,19.7,60.3,3,995,40,9,CS,,,2025,,
,AS,Shakhti,2025-10-06 00:00:00,900,19.6,60.3,3,996,40,8,CS,,,2025,,
,AS,Shakhti,2025-10-06 00:00:00,1200,19.6,60.2,2.5,997,35,7,CS,,,2025,,
,AS,Shakhti,2025-10-06 00:00:00,1500,19.6,60.1,2.5,998,35,6,CS,,,2025,,
,AS,Shakhti,2025-10-06 00:00:00,1800,19.5,60.1,2,999,30,5,DD,,,2025,,
,AS,Shakhti,2025-10-07 00:00:00,0,19.2,60.3,2,999,30,5,DD,,,2025,,
,AS,Shakhti,2025-10-07 00:00:00,300,19,60.5,1.5,1001,25,4,D,,,2025,,
,AS,Shakhti,2025-10-07 00:00:00,600,18.9,60.7,1.5,1002,20,3,D,,,2025,,
12.0,AS,,22-10-2025,0,8.6,67.6,1.5,1002,20,3,D,,,2025,,
,AS,,22-10-2025,300,8.9,67.4,1.5,1002,20,3,D,,,2025,,
,AS,,22-10-2025,600,9,67,1.5,1002,20,3,D,,,2025,,
,AS,,22-10-2025,1200,9.3,67.4,1.5,1002,20,3,D,,,2025,,
,AS,,22-10-2025,1800,9.5,67.6,1.5,1002,20,3,D,,,2025,,
,AS,,23-10-2025,0,9.6,67.7,1.5,1001,20,3,D,,,2025,,
,AS,,23-10-2025,300,9.8,67.8,1.5,1001,20,3,D,,,2025,,
,AS,,23-10-2025,600,10.1,68,1.5,1001,20,3,D,,,2025,,
,AS,,23-10-2025,1200,11,69.4,1.5,1001,20,3,D,,,2025,,
,AS,,23-10-2025,1800,12,70,1.5,1001,20,3,D,,,2025,,
,AS,,24-10-2025,0,13.3,70.5,1.5,1001,20,3,D,,,2025,,
,AS,,24-10-2025,300,14,70.6,1.5,1001,20,3,D,,,2025,,
,AS,,24-10-2025,600,14.4,70.7,1.5,1001,20,3,D,,,2025,,
,AS,,24-10-2025,1200,15.2,70.7,1.5,1001,20,3,D,,,2025,,
,AS,,24-10-2025,1800,16.1,70.7,1.5,1001,20,3,D,,,2025,,
,AS,,25-10-2025,0,16.4,70.4,1.5,1001,20,3,D,,,2025,,
,AS,,25-10-2025,300,16.5,70.4,1.5,1001,20,3,D,,,2025,,
,AS,,25-10-2025,600,16.6,69.2,1.5,1001,20,3,D,,,2025,,
,AS,,25-10-2025,1200,16.6,68,1.5,1001,20,3,D,,,2025,,
,AS,,25-10-2025,1800,16.6,67.2,1.5,1001,20,3,D,,,2025,,
,AS,,26-10-2025,0,16.5,66.8,1.5,1001,20,3,D,,,2025,,
,AS,,26-10-2025,300,16,66.5,1.5,1001,20,3,D,,,2025,,
,AS,,26-10-2025,600,15.5,66.4,1.5,1001,20,3,D,,,2025,,
,AS,,26-10-2025,1200,15.1,66.4,1.5,1001,20,3,D,,,2025,,
,AS,,26-10-2025,1800,15.1,66.5,1.5,1001,20,3,D,,,2025,,
,AS,,27-10-2025,0,16.1,66.8,1.5,1000,25,4,D,,,2025,,
,AS,,27-10-2025,300,16.4,66.9,1.5,1000,25,4,D,,,2025,,
,AS,,27-10-2025,600,16.6,67.2,1.5,1000,25,4,D,,,2025,,
,AS,,27-10-2025,1200,16.7,67.3,1.5,1000,25,4,D,,,2025,,
,AS,,27-10-2025,1800,16.7,67.3,1.5,1000,25,4,D,,,2025,,
,AS,,28-10-2025,0,17,67.8,1.5,1000,25,4,D,,,2025,,
,AS,,28-10-2025,300,17.1,67.8,1.5,1000,25,4,D,,,2025,,
,AS,,28-10-2025,600,17.2,68,1.5,1000,25,4,D,,,2025,,
,AS,,28-10-2025,1200,17.4,68.5,1.5,1000,25,4,D,,,2025,,
,AS,,28-10-2025,1800,17.7,69,1.5,1000,25,4,D,,,2025,,
,AS,,29-10-2025,0,17.9,69.2,1.5,1000,25,4,D,,,2025,,
,AS,,29-10-2025,300,17.9,69.2,1.5,1000,25,4,D,,,2025,,
,AS,,29-10-2025,600,18,69.1,1.5,1000,25,4,D,,,2025,,
,AS,,29-10-2025,1200,17.9,69,1.5,1000,25,4,D,,,2025,,
,AS,,29-10-2025,1800,17.9,68.8,1.5,1000,25,4,D,,,2025,,
,AS,,30-10-2025,0,17.9,68.2,1.5,1000,25,4,D,,,2025,,
,AS,,30-10-2025,300,17.9,68.2,1.5,1000,25,4,D,,,2025,,
,AS,,30-10-2025,600,17.9,68.2,1.5,1000,25,4,D,,,2025,,
,AS,,30-10-2025,1200,18.1,68.2,1.5,1000,25,4,D,,,2025,,
,AS,,30-10-2025,1800,18.3,68.2,1.5,1000,25,4,D,,,2025,,
,AS,,31-10-2025,0,18.6,68.4,1.5,1000,25,4,D,,,2025,,
,AS,,31-10-2025,300,18.9,68.5,1.5,1000,25,4,D,,,2025,,
,AS,,31-10-2025,600,18.9,68.5,1.5,1000,25,4,D,,,2025,,
,AS,,31-10-2025,1200,19.2,69,1.5,1000,25,4,D,,,2025,,
,AS,,31-10-2025,1800,19.4,69.6,1.5,1001,20,3,D,,,2025,,
13.0,BOB,Montha,25-10-2025,0,10.8,89,1.5,1003,20,3,D,,,2025,,
,BOB,Montha,25-10-2025,300,10.8,88.8,1.5,1002,25,4,D,,,2025,,
,BOB,Montha,25-10-2025,600,10.8,88.6,1.5,1002,25,4,D,,,2025,,
,BOB,Montha,25-10-2025,1200,10.9,88.1,1.5,1002,25,4,D,,,2025,,
,BOB,Montha,25-10-2025,1800,11,87.7,1.5,1002,25,4,D,,,2025,,
,BOB,Montha,26-10-2025,0,11.1,87.3,2,1000,30,5,DD,,,2025,,
,BOB,Montha,26-10-2025,300,11.2,87.1,2,998,30,6,DD,,,2025,,
,BOB,Montha,26-10-2025,600,11.3,86.9,2,998,30,6,DD,,,2025,,
,BOB,Montha,26-10-2025,1200,11.4,86.6,2,998,30,6,DD,,,2025,,
,BOB,Montha,26-10-2025,1800,11.6,85.9,2.5,997,35,7,CS,,,2025,,
,BOB,Montha,26-10-2025,2100,11.9,85.5,2.5,997,35,7,CS,,,2025,,
,BOB,Montha,27-10-2025,0,12.2,85.3,2.5,997,35,7,CS,,,2025,,
,BOB,Montha,27-10-2025,300,12.6,84.9,2.5,996,40,8,CS,,,2025,,
,BOB,Montha,27-10-2025,600,12.8,84.6,2.5,996,40,8,CS,,,2025,,
,BOB,Montha,27-10-2025,900,13,84.2,2.5,995,40,9,CS,,,2025,,
,BOB,Montha,27-10-2025,1200,13.3,84,3,994,45,10,CS,,,2025,,
,BOB,Montha,27-10-2025,1500,13.6,83.8,3,994,45,10,CS,,,2025,,
,BOB,Montha,27-10-2025,1800,14,83.5,3,993,45,11,CS,,,2025,,
,BOB,Montha,27-10-2025,2100,14.4,83.3,3,992,45,12,CS,,,2025,,
,BOB,Montha,28-10-2025,0,14.7,83,3,991,50,13,SCS,,,2025,,
,BOB,Montha,28-10-2025,300,14.9,82.9,3,991,50,13,SCS,,,2025,,
,BOB,Montha,28-10-2025,600,15.2,82.7,3,991,50,13,SCS,,,2025,,
,BOB,Montha,28-10-2025,900,15.6,82.5,3,990,50,14,SCS,,,2025,,
,BOB,Montha,28-10-2025,1200,16,82.2,3,990,50,14,SCS,,,2025,,
,BOB,Montha,28-10-2025,1500,16.2,82,3,990,50,14,SCS,,,2025,,
,BOB,Montha,28-10-2025,1800,16.3,81.7,3,990,50,14,SCS,,,2025,,
,BOB,Montha,28-10-2025,2100,16.5,81.5,-,992,40,12,CS,,,2025,,
,BOB,Montha,29-10-2025,0,17,81.3,-,997,35,7,CS,,,2025,,
,BOB,Montha,29-10-2025,300,17.3,81.2,-,999,30,5,DD,,,2025,,
,BOB,Montha,29-10-2025,600,17.7,81.1,-,999,30,5,DD,,,2025,,
,BOB,Montha,29-10-2025,1200,18.7,80.9,-,1000,25,4,D,,,2025,,
,BOB,Montha,29-10-2025,1800,19.6,80.7,-,1000,20,3,D,,,2025,,
14.0,BOB,SENYAR,25-11-2025,300,5.4,99.7,1.5,1004,20,3,D,,,2025,,
,BOB,SENYAR,25-11-2025,600,5.3,99.5,1.5,1004,20,3,D,,,2025,,
,BOB,SENYAR,25-11-2025,1200,5.1,99,1.5,1003,25,4,D,,,2025,,
,BOB,SENYAR,25-11-2025,1800,5.1,98.5,2,1002,30,5,DD,,,2025,,
,BOB,SENYAR,26-11-2025,0,5,98,2.5,999,40,8,CS,,,2025,,
,BOB,SENYAR,26-11-2025,300,4.9,97.8,-,999,40,8,CS,,,2025,,
,BOB,SENYAR,26-11-2025,600,4.7,97.8,-,999,40,8,CS,,,2025,,
,BOB,SENYAR,26-11-2025,900,4.6,97.8,-,999,40,8,CS,,,2025,,
,BOB,SENYAR,26-11-2025,1200,4.3,98.1,-,1000,35,7,CS,,,2025,,
,BOB,SENYAR,26-11-2025,1500,4.1,98.3,-,1000,35,7,CS,,,2025,,
,BOB,SENYAR,26-11-2025,1800,4,98.5,-,1000,35,7,CS,,,2025,,
,BOB,SENYAR,26-11-2025,2100,3.8,98.8,2.5,1001,35,6,CS,,,2025,,
,BOB,SENYAR,27-11-2025,0,3.7,99.2,2,1002,30,5,DD,,,2025,,
,BOB,SENYAR,27-11-2025,300,3.7,99.6,2,1002,30,5,DD,,,2025,,
,BOB,SENYAR,27-11-2025,600,3.6,99.8,1.5,1003,25,4,D,,,2025,,
,BOB,SENYAR,27-11-2025,1200,3.6,100.7,1.5,1004,20,3,D,,,2025,,
,BOB,SENYAR,27-11-2025,1500,3.6,100.9,1.5,1004,20,3,D,,,2025,,
15.0,BOB,Ditwah,26-11-2025,1800,5.9,82.6,1.5,1004,25,4,D,,,2025,,
,BOB,Ditwah,27-11-2025,0,6.3,82.4,2,1003,30,5,DD,,,2025,,
,BOB,Ditwah,27-11-2025,300,6.7,82.1,2,1003,30,5,DD,,,2025,,
,BOB,Ditwah,27-11-2025,600,6.9,81.9,2.5,1002,35,6,CS,,,2025,,
,BOB,Ditwah,27-11-2025,900,7.2,81.8,2.5,1002,35,6,CS,,,2025,,
,BOB,Ditwah,27-11-2025,1200,7.6,81.6,2.5,1002,35,6,CS,,,2025,,
,BOB,Ditwah,27-11-2025,1500,7.7,81.5,2.5,1002,35,6,CS,,,2025,,
,BOB,Ditwah,27-11-2025,1800,7.9,81.3,2.5,1002,35,6,CS,,,2025,,
,BOB,Ditwah,27-11-2025,2100,8.1,81.2,2.5,1002,35,6,CS,,,2025,,
,BOB,Ditwah,28-11-2025,0,8.2,81.1,2.5,1002,35,6,CS,,,2025,,
,BOB,Ditwah,28-11-2025,300,8.3,81,2.5,1002,35,6,CS,,,2025,,
,BOB,Ditwah,28-11-2025,600,8.4,81,2.5,1002,35,6,CS,,,2025,,
,BOB,Ditwah,28-11-2025,900,8.5,81,2.5,1002,35,6,CS,,,2025,,
,BOB,Ditwah,28-11-2025,1200,8.7,80.9,2.5,1002,35,6,CS,,,2025,,
,BOB,Ditwah,28-11-2025,1500,8.8,80.8,2.5,1002,35,6,CS,,,2025,,
,BOB,Ditwah,28-11-2025,1800,9,80.8,2.5,1002,35,6,CS,,,2025,,
,BOB,Ditwah,28-11-2025,2100,9.2,80.8,2.5,1001,35,7,CS,,,2025,,
,BOB,Ditwah,29-11-2025,0,9.4,80.7,2.5,1001,35,7,CS,,,2025,,
,BOB,Ditwah,29-11-2025,300,9.6,80.7,2.5,1000,40,8,CS,,,2025,,
,BOB,Ditwah,29-11-2025,600,9.9,80.7,2.5,1000,40,8,CS,,,2025,,
,BOB,Ditwah,29-11-2025,900,10.1,80.6,2.5,1000,40,8,CS,,,2025,,
,BOB,Ditwah,29-11-2025,1200,10.4,80.6,2.5,1000,40,8,CS,,,2025,,
,BOB,Ditwah,29-11-2025,1500,10.5,80.6,2.5,1000,40,8,CS,,,2025,,
,BOB,Ditwah,29-11-2025,1800,10.7,80.6,2.5,1000,40,8,CS,,,2025,,
,BOB,Ditwah,29-11-2025,2100,10.8,80.6,2.5,1000,40,8,CS,,,2025,,
,BOB,Ditwah,30-11-2025,0,11.1,80.6,2.5,1000,40,8,CS,,,2025,,
,BOB,Ditwah,30-11-2025,300,11.4,80.6,2.5,1000,40,8,CS,,,2025,,
,BOB,Ditwah,30-11-2025,600,11.5,80.6,2.5,1001,35,7,CS,,,2025,,
,BOB,Ditwah,30-11-2025,900,11.7,80.6,2.5,1002,35,6,CS,,,2025,,
,BOB,Ditwah,30-11-2025,1200,11.8,80.6,2,1003,30,5,DD,,,2025,,
,BOB,Ditwah,30-11-2025,1800,12.3,80.6,2,1003,30,5,DD,,,2025,,
,BOB,Ditwah,01-12-2025,0,12.8,80.6,2,1003,30,5,DD,,,2025,,
,BOB,Ditwah,01-12-2025,300,12.8,80.6,2,1003,30,5,DD,,,2025,,
,BOB,Ditwah,01-12-2025,600,13,80.6,2,1003,30,5,DD,,,2025,,
,BOB,Ditwah,01-12-2025,1200,13,80.6,2,1003,30,5,DD,,,2025,,
,BOB,Ditwah,01-12-2025,1800,13,80.6,2,1003,30,5,DD,,,2025,,
,BOB,Ditwah,02-12-2025,0,12.9,80.5,1.5,1004,25,4,D,,,2025,,
,BOB,Ditwah,02-12-2025,300,12.8,80.5,1.5,1004,25,4,D,,,2025,,
,BOB,Ditwah,02-12-2025,600,12.5,80.4,1.5,1004,25,4,D,,,2025,,
,BOB,Ditwah,02-12-2025,1200,12.3,80.3,1.5,1004,25,4,D,,,2025,,
,BOB,Ditwah,02-12-2025,1800,12.1,80.2,1.5,1005,20,3,D,,,2025,,
1.0,BOB,,2026-01-07 00:00:00,300,4.8,88.2,1.5,1008,25,3,D,,,2026,,
,BOB,,2026-01-07 00:00:00,600,4.9,87.6,1.5,1008,25,4,D,,,2026,,
,BOB,,2026-01-07 00:00:00,1200,5,86.8,1.5,1007,25,5,D,,,2026,,
,BOB,,2026-01-07 00:00:00,1800,5.2,86,1.5,1007,25,5,D,,,2026,,
,BOB,,2026-01-08 00:00:00,0,5.4,85.3,2,1006,30,5,DD,,,2026,,
,BOB,,2026-01-08 00:00:00,300,5.5,84.8,2,1005,30,6,DD,,,2026,,
,BOB,,2026-01-08 00:00:00,600,5.7,84.5,2,1005,30,6,DD,,,2026,,
,BOB,,2026-01-08 00:00:00,1200,6.3,84,2,1005,30,5,DD,,,2026,,
,BOB,,2026-01-08 00:00:00,1800,6.7,83.6,2,1004,30,5,DD,,,2026,,
,BOB,,2026-01-09 00:00:00,0,7,83.4,2,1004,30,5,DD,,,2026,,
,BOB,,2026-01-09 00:00:00,300,7.4,83.2,2,1004,30,5,DD,,,2026,,
,BOB,,2026-01-09 00:00:00,600,7.8,83,2,1004,30,5,DD,,,2026,,
,BOB,,2026-01-09 00:00:00,1200,8.3,82.6,2,1004,30,5,DD,,,2026,,
,BOB,,2026-01-09 00:00:00,1800,8.5,82.2,2,1004,30,5,DD,,,2026,,
,BOB,,2026-01-10 00:00:00,0,8.8,81.6,1.5,1006,25,4,D,,,2026,,
,BOB,,2026-01-10 00:00:00,300,9.1,81.2,1.5,1006,25,4,D,,,2026,,
,BOB,,2026-01-10 00:00:00,600,9.2,81,1.5,1006,25,3,D,,,2026,,
,BOB,,2026-01-10 00:00:00,1200,9.3,80.8,1.5,1007,25,3,D,,,2026,,
